-- Generated by scripts/parse-allocation-matrix.py — do not edit by hand.
-- Source: data/allocation-matrix.xlsx (Allocation Matrix).
--
-- Creates one conference per worksheet; allocations have user_id NULL until
-- chairs assign delegates. allocation_gate_codes.code matches spreadsheet ID.
--
-- WARNING: Deletes existing allocations + gate codes for these conference IDs,
-- then re-inserts. Run on dev/staging or when you intentionally refresh the matrix.

BEGIN;

INSERT INTO conferences (id, name, committee, created_at) VALUES ('a980d7fa-87ce-5580-90b8-a64c4d3d10bd', 'The Question of Implementing Globally Coordinated Universal Basic Income (UBI) as a Public Health Strategy', 'ECOSOC', '2026-03-24T12:09:00Z') ON CONFLICT (id) DO UPDATE SET name = EXCLUDED.name, committee = EXCLUDED.committee, created_at = EXCLUDED.created_at;
INSERT INTO conferences (id, name, committee, created_at) VALUES ('5431097e-900f-5c50-8342-a6a6d74bef7b', 'The Question of Preventing Harm Caused by Psychic/Psychokinetic Child Experimentation and Ensuring the Protection and Rehabilitation of Gifted Minors', 'FWC - Stranger Things', '2026-03-24T12:08:00Z') ON CONFLICT (id) DO UPDATE SET name = EXCLUDED.name, committee = EXCLUDED.committee, created_at = EXCLUDED.created_at;
INSERT INTO conferences (id, name, committee, created_at) VALUES ('62f2c3c3-82bc-55fd-881a-51311134f6ef', 'The Question of Determining Journalistic Ethics in Reporting on Public Health and Global Affairs', 'Press Corps', '2026-03-24T12:07:00Z') ON CONFLICT (id) DO UPDATE SET name = EXCLUDED.name, committee = EXCLUDED.committee, created_at = EXCLUDED.created_at;
INSERT INTO conferences (id, name, committee, created_at) VALUES ('98eec0b3-495d-51c1-af6e-8ac229fc1169', 'The Question of Strengthening International Protocols and Logistics for Securing the Cross-Border Transport of Lethal Weapons', 'DISEC', '2026-03-24T12:06:00Z') ON CONFLICT (id) DO UPDATE SET name = EXCLUDED.name, committee = EXCLUDED.committee, created_at = EXCLUDED.created_at;
INSERT INTO conferences (id, name, committee, created_at) VALUES ('b9c8aac0-8197-50b5-bb26-7b0dda078396', 'The Question of Standardizing Peacekeeping Operations for Effective Global Implementation and Medical Support', 'UNSC', '2026-03-24T12:05:00Z') ON CONFLICT (id) DO UPDATE SET name = EXCLUDED.name, committee = EXCLUDED.committee, created_at = EXCLUDED.created_at;
INSERT INTO conferences (id, name, committee, created_at) VALUES ('a99d0809-d35c-511a-8e72-418c8ddd3d76', 'The Question of Combating Underground Medical Markets and Unregulated Surgical Procedures', 'Interpol', '2026-03-24T12:04:00Z') ON CONFLICT (id) DO UPDATE SET name = EXCLUDED.name, committee = EXCLUDED.committee, created_at = EXCLUDED.created_at;
INSERT INTO conferences (id, name, committee, created_at) VALUES ('9e71e587-b647-527e-a6f5-36db8c2e557c', 'The Question of the Standardization of the Abolition or Application of the Death Penalty', 'UNHRC', '2026-03-24T12:03:00Z') ON CONFLICT (id) DO UPDATE SET name = EXCLUDED.name, committee = EXCLUDED.committee, created_at = EXCLUDED.created_at;
INSERT INTO conferences (id, name, committee, created_at) VALUES ('28345b10-ae9c-5f4b-bedb-9e60b4928e83', 'The Question of Protecting Reproductive Autonomy and Abortion Access as Universal Health Rights', 'UN Women', '2026-03-24T12:02:00Z') ON CONFLICT (id) DO UPDATE SET name = EXCLUDED.name, committee = EXCLUDED.committee, created_at = EXCLUDED.created_at;
INSERT INTO conferences (id, name, committee, created_at) VALUES ('14186852-e855-5f07-82d3-aaa5762aea32', 'The Question of Developing Public Health Alternatives to Criminal Conviction for Personal Drug Use', 'UNODC', '2026-03-24T12:01:00Z') ON CONFLICT (id) DO UPDATE SET name = EXCLUDED.name, committee = EXCLUDED.committee, created_at = EXCLUDED.created_at;
INSERT INTO conferences (id, name, committee, created_at) VALUES ('74f36b68-4b60-5b46-b766-623afeb2c377', 'The Question of Examining the Ethical and Regulatory Landscape for the Clinical Use of Psychadelic Drugs in the Treatment of Trauma-Based Mental Health Conditions', 'WHO', '2026-03-24T12:00:00Z') ON CONFLICT (id) DO UPDATE SET name = EXCLUDED.name, committee = EXCLUDED.committee, created_at = EXCLUDED.created_at;

DELETE FROM allocation_gate_codes WHERE allocation_id IN (SELECT id FROM allocations WHERE conference_id IN ('a980d7fa-87ce-5580-90b8-a64c4d3d10bd', '5431097e-900f-5c50-8342-a6a6d74bef7b', '62f2c3c3-82bc-55fd-881a-51311134f6ef', '98eec0b3-495d-51c1-af6e-8ac229fc1169', 'b9c8aac0-8197-50b5-bb26-7b0dda078396', 'a99d0809-d35c-511a-8e72-418c8ddd3d76', '9e71e587-b647-527e-a6f5-36db8c2e557c', '28345b10-ae9c-5f4b-bedb-9e60b4928e83', '14186852-e855-5f07-82d3-aaa5762aea32', '74f36b68-4b60-5b46-b766-623afeb2c377'));
DELETE FROM allocations WHERE conference_id IN ('a980d7fa-87ce-5580-90b8-a64c4d3d10bd', '5431097e-900f-5c50-8342-a6a6d74bef7b', '62f2c3c3-82bc-55fd-881a-51311134f6ef', '98eec0b3-495d-51c1-af6e-8ac229fc1169', 'b9c8aac0-8197-50b5-bb26-7b0dda078396', 'a99d0809-d35c-511a-8e72-418c8ddd3d76', '9e71e587-b647-527e-a6f5-36db8c2e557c', '28345b10-ae9c-5f4b-bedb-9e60b4928e83', '14186852-e855-5f07-82d3-aaa5762aea32', '74f36b68-4b60-5b46-b766-623afeb2c377');

-- ECOSOC: 30 allocations
INSERT INTO allocations (id, conference_id, user_id, country) VALUES ('4c5ea1dc-cd0a-51f7-8153-08b650bfe7f1', 'a980d7fa-87ce-5580-90b8-a64c4d3d10bd', NULL, 'Argentina');
INSERT INTO allocation_gate_codes (allocation_id, code, updated_at) VALUES ('4c5ea1dc-cd0a-51f7-8153-08b650bfe7f1', 'ECO-001', NOW());
INSERT INTO allocations (id, conference_id, user_id, country) VALUES ('ca7e1fbf-a77c-5720-b347-a5a54566338c', 'a980d7fa-87ce-5580-90b8-a64c4d3d10bd', NULL, 'Australia');
INSERT INTO allocation_gate_codes (allocation_id, code, updated_at) VALUES ('ca7e1fbf-a77c-5720-b347-a5a54566338c', 'ECO-002', NOW());
INSERT INTO allocations (id, conference_id, user_id, country) VALUES ('71e6b928-562d-5ce4-b184-57a89b880ecd', 'a980d7fa-87ce-5580-90b8-a64c4d3d10bd', NULL, 'Bangladesh');
INSERT INTO allocation_gate_codes (allocation_id, code, updated_at) VALUES ('71e6b928-562d-5ce4-b184-57a89b880ecd', 'ECO-003', NOW());
INSERT INTO allocations (id, conference_id, user_id, country) VALUES ('a223ad3b-39d4-5dbb-aecf-5689c2dd379d', 'a980d7fa-87ce-5580-90b8-a64c4d3d10bd', NULL, 'Brazil');
INSERT INTO allocation_gate_codes (allocation_id, code, updated_at) VALUES ('a223ad3b-39d4-5dbb-aecf-5689c2dd379d', 'ECO-004', NOW());
INSERT INTO allocations (id, conference_id, user_id, country) VALUES ('25bd3911-67e4-5c6f-9c7b-a794a88b6829', 'a980d7fa-87ce-5580-90b8-a64c4d3d10bd', NULL, 'Canada');
INSERT INTO allocation_gate_codes (allocation_id, code, updated_at) VALUES ('25bd3911-67e4-5c6f-9c7b-a794a88b6829', 'ECO-005', NOW());
INSERT INTO allocations (id, conference_id, user_id, country) VALUES ('7bda62e7-1e11-5151-8248-8ba2f3898979', 'a980d7fa-87ce-5580-90b8-a64c4d3d10bd', NULL, 'China');
INSERT INTO allocation_gate_codes (allocation_id, code, updated_at) VALUES ('7bda62e7-1e11-5151-8248-8ba2f3898979', 'ECO-006', NOW());
INSERT INTO allocations (id, conference_id, user_id, country) VALUES ('3869535c-e1fb-565d-b2c7-6c1c87a9c46b', 'a980d7fa-87ce-5580-90b8-a64c4d3d10bd', NULL, 'Costa Rica');
INSERT INTO allocation_gate_codes (allocation_id, code, updated_at) VALUES ('3869535c-e1fb-565d-b2c7-6c1c87a9c46b', 'ECO-007', NOW());
INSERT INTO allocations (id, conference_id, user_id, country) VALUES ('2c62b350-34f5-56bb-ba28-473cbce976c5', 'a980d7fa-87ce-5580-90b8-a64c4d3d10bd', NULL, 'Cuba');
INSERT INTO allocation_gate_codes (allocation_id, code, updated_at) VALUES ('2c62b350-34f5-56bb-ba28-473cbce976c5', 'ECO-008', NOW());
INSERT INTO allocations (id, conference_id, user_id, country) VALUES ('d768d8a6-335a-5e44-9fbf-480ee6b782ac', 'a980d7fa-87ce-5580-90b8-a64c4d3d10bd', NULL, 'Ethiopia');
INSERT INTO allocation_gate_codes (allocation_id, code, updated_at) VALUES ('d768d8a6-335a-5e44-9fbf-480ee6b782ac', 'ECO-009', NOW());
INSERT INTO allocations (id, conference_id, user_id, country) VALUES ('dc71b7e3-44cb-5e7b-b468-40efbd33553b', 'a980d7fa-87ce-5580-90b8-a64c4d3d10bd', NULL, 'Finland');
INSERT INTO allocation_gate_codes (allocation_id, code, updated_at) VALUES ('dc71b7e3-44cb-5e7b-b468-40efbd33553b', 'ECO-010', NOW());
INSERT INTO allocations (id, conference_id, user_id, country) VALUES ('b9677669-dc66-521b-aabd-fd616a0c0a75', 'a980d7fa-87ce-5580-90b8-a64c4d3d10bd', NULL, 'France');
INSERT INTO allocation_gate_codes (allocation_id, code, updated_at) VALUES ('b9677669-dc66-521b-aabd-fd616a0c0a75', 'ECO-011', NOW());
INSERT INTO allocations (id, conference_id, user_id, country) VALUES ('94d24515-1406-5978-a0b0-c805240aac4b', 'a980d7fa-87ce-5580-90b8-a64c4d3d10bd', NULL, 'Germany');
INSERT INTO allocation_gate_codes (allocation_id, code, updated_at) VALUES ('94d24515-1406-5978-a0b0-c805240aac4b', 'ECO-012', NOW());
INSERT INTO allocations (id, conference_id, user_id, country) VALUES ('ed63b38f-1350-5e44-b15e-33e4d499ae19', 'a980d7fa-87ce-5580-90b8-a64c4d3d10bd', NULL, 'India');
INSERT INTO allocation_gate_codes (allocation_id, code, updated_at) VALUES ('ed63b38f-1350-5e44-b15e-33e4d499ae19', 'ECO-013', NOW());
INSERT INTO allocations (id, conference_id, user_id, country) VALUES ('c5881a8d-9d1e-5355-bd08-aed25b93325a', 'a980d7fa-87ce-5580-90b8-a64c4d3d10bd', NULL, 'Indonesia');
INSERT INTO allocation_gate_codes (allocation_id, code, updated_at) VALUES ('c5881a8d-9d1e-5355-bd08-aed25b93325a', 'ECO-014', NOW());
INSERT INTO allocations (id, conference_id, user_id, country) VALUES ('a90a31ca-e3b8-5800-a5b6-ab35a2680b31', 'a980d7fa-87ce-5580-90b8-a64c4d3d10bd', NULL, 'Israel');
INSERT INTO allocation_gate_codes (allocation_id, code, updated_at) VALUES ('a90a31ca-e3b8-5800-a5b6-ab35a2680b31', 'ECO-015', NOW());
INSERT INTO allocations (id, conference_id, user_id, country) VALUES ('66cd4d99-f802-584e-96eb-e0a996d5452b', 'a980d7fa-87ce-5580-90b8-a64c4d3d10bd', NULL, 'Italy');
INSERT INTO allocation_gate_codes (allocation_id, code, updated_at) VALUES ('66cd4d99-f802-584e-96eb-e0a996d5452b', 'ECO-016', NOW());
INSERT INTO allocations (id, conference_id, user_id, country) VALUES ('7c359be5-8293-5d5a-9f76-332c9e37d8aa', 'a980d7fa-87ce-5580-90b8-a64c4d3d10bd', NULL, 'Japan');
INSERT INTO allocation_gate_codes (allocation_id, code, updated_at) VALUES ('7c359be5-8293-5d5a-9f76-332c9e37d8aa', 'ECO-017', NOW());
INSERT INTO allocations (id, conference_id, user_id, country) VALUES ('5f028841-41ea-5ac9-ab3a-5d0fe8120785', 'a980d7fa-87ce-5580-90b8-a64c4d3d10bd', NULL, 'Mexico');
INSERT INTO allocation_gate_codes (allocation_id, code, updated_at) VALUES ('5f028841-41ea-5ac9-ab3a-5d0fe8120785', 'ECO-018', NOW());
INSERT INTO allocations (id, conference_id, user_id, country) VALUES ('590f5137-3869-50b1-9829-b7d778a4e6f9', 'a980d7fa-87ce-5580-90b8-a64c4d3d10bd', NULL, 'Nigeria');
INSERT INTO allocation_gate_codes (allocation_id, code, updated_at) VALUES ('590f5137-3869-50b1-9829-b7d778a4e6f9', 'ECO-019', NOW());
INSERT INTO allocations (id, conference_id, user_id, country) VALUES ('a2ede38d-fc32-5fa0-96b2-a7c83daf75ad', 'a980d7fa-87ce-5580-90b8-a64c4d3d10bd', NULL, 'Norway');
INSERT INTO allocation_gate_codes (allocation_id, code, updated_at) VALUES ('a2ede38d-fc32-5fa0-96b2-a7c83daf75ad', 'ECO-020', NOW());
INSERT INTO allocations (id, conference_id, user_id, country) VALUES ('42f6d9ec-a469-5f9f-9511-4e1898e08870', 'a980d7fa-87ce-5580-90b8-a64c4d3d10bd', NULL, 'Russia');
INSERT INTO allocation_gate_codes (allocation_id, code, updated_at) VALUES ('42f6d9ec-a469-5f9f-9511-4e1898e08870', 'ECO-021', NOW());
INSERT INTO allocations (id, conference_id, user_id, country) VALUES ('56547b26-71ed-583e-ad8e-d6350f404352', 'a980d7fa-87ce-5580-90b8-a64c4d3d10bd', NULL, 'Saudi Arabia');
INSERT INTO allocation_gate_codes (allocation_id, code, updated_at) VALUES ('56547b26-71ed-583e-ad8e-d6350f404352', 'ECO-022', NOW());
INSERT INTO allocations (id, conference_id, user_id, country) VALUES ('7fe45ef2-dbc4-5390-a35c-65a46d345877', 'a980d7fa-87ce-5580-90b8-a64c4d3d10bd', NULL, 'Singapore');
INSERT INTO allocation_gate_codes (allocation_id, code, updated_at) VALUES ('7fe45ef2-dbc4-5390-a35c-65a46d345877', 'ECO-023', NOW());
INSERT INTO allocations (id, conference_id, user_id, country) VALUES ('5be4aac2-1a78-551f-b162-4be06b8bd23e', 'a980d7fa-87ce-5580-90b8-a64c4d3d10bd', NULL, 'South Africa');
INSERT INTO allocation_gate_codes (allocation_id, code, updated_at) VALUES ('5be4aac2-1a78-551f-b162-4be06b8bd23e', 'ECO-024', NOW());
INSERT INTO allocations (id, conference_id, user_id, country) VALUES ('1834c09a-4d9f-5f29-b12f-cc449cb5d77b', 'a980d7fa-87ce-5580-90b8-a64c4d3d10bd', NULL, 'South Korea');
INSERT INTO allocation_gate_codes (allocation_id, code, updated_at) VALUES ('1834c09a-4d9f-5f29-b12f-cc449cb5d77b', 'ECO-025', NOW());
INSERT INTO allocations (id, conference_id, user_id, country) VALUES ('bf507426-c94e-542c-bc3c-31436f2e0eff', 'a980d7fa-87ce-5580-90b8-a64c4d3d10bd', NULL, 'Switzerland');
INSERT INTO allocation_gate_codes (allocation_id, code, updated_at) VALUES ('bf507426-c94e-542c-bc3c-31436f2e0eff', 'ECO-026', NOW());
INSERT INTO allocations (id, conference_id, user_id, country) VALUES ('1709989c-020c-58cc-8ab2-bd4982306e95', 'a980d7fa-87ce-5580-90b8-a64c4d3d10bd', NULL, 'Thailand');
INSERT INTO allocation_gate_codes (allocation_id, code, updated_at) VALUES ('1709989c-020c-58cc-8ab2-bd4982306e95', 'ECO-027', NOW());
INSERT INTO allocations (id, conference_id, user_id, country) VALUES ('9bb2949f-381d-57a9-abab-9dcd39294b91', 'a980d7fa-87ce-5580-90b8-a64c4d3d10bd', NULL, 'United Kingdom');
INSERT INTO allocation_gate_codes (allocation_id, code, updated_at) VALUES ('9bb2949f-381d-57a9-abab-9dcd39294b91', 'ECO-028', NOW());
INSERT INTO allocations (id, conference_id, user_id, country) VALUES ('16d080b5-271d-5064-a69f-fe3d94f7277c', 'a980d7fa-87ce-5580-90b8-a64c4d3d10bd', NULL, 'United States');
INSERT INTO allocation_gate_codes (allocation_id, code, updated_at) VALUES ('16d080b5-271d-5064-a69f-fe3d94f7277c', 'ECO-029', NOW());
INSERT INTO allocations (id, conference_id, user_id, country) VALUES ('5927ab3b-d39a-5d0b-8958-78afb47c2e52', 'a980d7fa-87ce-5580-90b8-a64c4d3d10bd', NULL, 'Vietnam');
INSERT INTO allocation_gate_codes (allocation_id, code, updated_at) VALUES ('5927ab3b-d39a-5d0b-8958-78afb47c2e52', 'ECO-030', NOW());

-- FWC - Stranger Things: 15 allocations
INSERT INTO allocations (id, conference_id, user_id, country) VALUES ('ed07f21f-e0fe-51b2-b626-134ed3e3eddb', '5431097e-900f-5c50-8342-a6a6d74bef7b', NULL, 'Agent Connie Frazier');
INSERT INTO allocation_gate_codes (allocation_id, code, updated_at) VALUES ('ed07f21f-e0fe-51b2-b626-134ed3e3eddb', 'FWC-001', NOW());
INSERT INTO allocations (id, conference_id, user_id, country) VALUES ('81cfb19c-02a6-52f5-9d10-20f80dcbf2e3', '5431097e-900f-5c50-8342-a6a6d74bef7b', NULL, 'Colonel KGB');
INSERT INTO allocation_gate_codes (allocation_id, code, updated_at) VALUES ('81cfb19c-02a6-52f5-9d10-20f80dcbf2e3', 'FWC-002', NOW());
INSERT INTO allocations (id, conference_id, user_id, country) VALUES ('a619bff0-616a-5b57-b2f3-bdc3debbdb0d', '5431097e-900f-5c50-8342-a6a6d74bef7b', NULL, 'Dr. Arlo Beck');
INSERT INTO allocation_gate_codes (allocation_id, code, updated_at) VALUES ('a619bff0-616a-5b57-b2f3-bdc3debbdb0d', 'FWC-003', NOW());
INSERT INTO allocations (id, conference_id, user_id, country) VALUES ('ffb9b03d-5756-578a-9b16-da861e31608f', '5431097e-900f-5c50-8342-a6a6d74bef7b', NULL, 'Dr. Martin Brenner');
INSERT INTO allocation_gate_codes (allocation_id, code, updated_at) VALUES ('ffb9b03d-5756-578a-9b16-da861e31608f', 'FWC-004', NOW());
INSERT INTO allocations (id, conference_id, user_id, country) VALUES ('3fd6af29-fa5b-5735-9b69-af19f15509bb', '5431097e-900f-5c50-8342-a6a6d74bef7b', NULL, 'Dr. Sam Owens');
INSERT INTO allocation_gate_codes (allocation_id, code, updated_at) VALUES ('3fd6af29-fa5b-5735-9b69-af19f15509bb', 'FWC-005', NOW());
INSERT INTO allocations (id, conference_id, user_id, country) VALUES ('a6f34b69-6509-5504-b227-a1b3fc15fe07', '5431097e-900f-5c50-8342-a6a6d74bef7b', NULL, 'Eleven (011/Jane Ives)');
INSERT INTO allocation_gate_codes (allocation_id, code, updated_at) VALUES ('a6f34b69-6509-5504-b227-a1b3fc15fe07', 'FWC-006', NOW());
INSERT INTO allocations (id, conference_id, user_id, country) VALUES ('41008136-245d-5754-aa03-75f8587851b5', '5431097e-900f-5c50-8342-a6a6d74bef7b', NULL, 'Hawkins School Counsellor');
INSERT INTO allocation_gate_codes (allocation_id, code, updated_at) VALUES ('41008136-245d-5754-aa03-75f8587851b5', 'FWC-007', NOW());
INSERT INTO allocations (id, conference_id, user_id, country) VALUES ('74a73830-1cc6-526b-af5a-b25a6c6f023d', '5431097e-900f-5c50-8342-a6a6d74bef7b', NULL, 'Henry Creel (001/Vecna)');
INSERT INTO allocation_gate_codes (allocation_id, code, updated_at) VALUES ('74a73830-1cc6-526b-af5a-b25a6c6f023d', 'FWC-008', NOW());
INSERT INTO allocations (id, conference_id, user_id, country) VALUES ('bc3c53c8-3633-591c-9af1-30100b98c632', '5431097e-900f-5c50-8342-a6a6d74bef7b', NULL, 'Jim Hopper');
INSERT INTO allocation_gate_codes (allocation_id, code, updated_at) VALUES ('bc3c53c8-3633-591c-9af1-30100b98c632', 'FWC-009', NOW());
INSERT INTO allocations (id, conference_id, user_id, country) VALUES ('180d003d-3329-53d2-89d5-a3008cf50028', '5431097e-900f-5c50-8342-a6a6d74bef7b', NULL, 'Joyce Byers');
INSERT INTO allocation_gate_codes (allocation_id, code, updated_at) VALUES ('180d003d-3329-53d2-89d5-a3008cf50028', 'FWC-010', NOW());
INSERT INTO allocations (id, conference_id, user_id, country) VALUES ('1e8e898d-8217-52c2-8c3d-f6fcf0256ac7', '5431097e-900f-5c50-8342-a6a6d74bef7b', NULL, 'Kali Prasad (008)');
INSERT INTO allocation_gate_codes (allocation_id, code, updated_at) VALUES ('1e8e898d-8217-52c2-8c3d-f6fcf0256ac7', 'FWC-011', NOW());
INSERT INTO allocations (id, conference_id, user_id, country) VALUES ('d46afdaa-141c-5d0f-a2e0-aad659604761', '5431097e-900f-5c50-8342-a6a6d74bef7b', NULL, 'Lt. Colonel Jack Sullivan');
INSERT INTO allocation_gate_codes (allocation_id, code, updated_at) VALUES ('d46afdaa-141c-5d0f-a2e0-aad659604761', 'FWC-012', NOW());
INSERT INTO allocations (id, conference_id, user_id, country) VALUES ('56fcc13d-aa5f-5e2b-bddf-9a0d07e18db9', '5431097e-900f-5c50-8342-a6a6d74bef7b', NULL, 'Subject 002');
INSERT INTO allocation_gate_codes (allocation_id, code, updated_at) VALUES ('56fcc13d-aa5f-5e2b-bddf-9a0d07e18db9', 'FWC-013', NOW());
INSERT INTO allocations (id, conference_id, user_id, country) VALUES ('c7738d5a-7a0c-593c-b824-7e28947810bd', '5431097e-900f-5c50-8342-a6a6d74bef7b', NULL, 'Terry Ives');
INSERT INTO allocation_gate_codes (allocation_id, code, updated_at) VALUES ('c7738d5a-7a0c-593c-b824-7e28947810bd', 'FWC-014', NOW());
INSERT INTO allocations (id, conference_id, user_id, country) VALUES ('d6ec44db-7419-5ea1-bc4c-aa2f8ff988ab', '5431097e-900f-5c50-8342-a6a6d74bef7b', NULL, 'Truant Officer');
INSERT INTO allocation_gate_codes (allocation_id, code, updated_at) VALUES ('d6ec44db-7419-5ea1-bc4c-aa2f8ff988ab', 'FWC-015', NOW());

-- Press Corps: 20 allocations
INSERT INTO allocations (id, conference_id, user_id, country) VALUES ('b5c1efd1-701d-523f-a011-670a22f1430b', '62f2c3c3-82bc-55fd-881a-51311134f6ef', NULL, 'Al Jazeera');
INSERT INTO allocation_gate_codes (allocation_id, code, updated_at) VALUES ('b5c1efd1-701d-523f-a011-670a22f1430b', 'PC-001', NOW());
INSERT INTO allocations (id, conference_id, user_id, country) VALUES ('a3ba8a33-c089-5988-8d25-7e07bcae6496', '62f2c3c3-82bc-55fd-881a-51311134f6ef', NULL, 'Bangkok Post');
INSERT INTO allocation_gate_codes (allocation_id, code, updated_at) VALUES ('a3ba8a33-c089-5988-8d25-7e07bcae6496', 'PC-002', NOW());
INSERT INTO allocations (id, conference_id, user_id, country) VALUES ('e29a2d05-c45b-53a2-83c3-cccf167f70d9', '62f2c3c3-82bc-55fd-881a-51311134f6ef', NULL, 'BBC News');
INSERT INTO allocation_gate_codes (allocation_id, code, updated_at) VALUES ('e29a2d05-c45b-53a2-83c3-cccf167f70d9', 'PC-003', NOW());
INSERT INTO allocations (id, conference_id, user_id, country) VALUES ('a745afa5-0822-5338-bbe6-69d65aa2b815', '62f2c3c3-82bc-55fd-881a-51311134f6ef', NULL, 'CNN');
INSERT INTO allocation_gate_codes (allocation_id, code, updated_at) VALUES ('a745afa5-0822-5338-bbe6-69d65aa2b815', 'PC-004', NOW());
INSERT INTO allocations (id, conference_id, user_id, country) VALUES ('1e79a562-87d0-5fc4-94cd-bedf270dbcd9', '62f2c3c3-82bc-55fd-881a-51311134f6ef', NULL, 'Deutsche Welle (DW)');
INSERT INTO allocation_gate_codes (allocation_id, code, updated_at) VALUES ('1e79a562-87d0-5fc4-94cd-bedf270dbcd9', 'PC-005', NOW());
INSERT INTO allocations (id, conference_id, user_id, country) VALUES ('7ec48bc8-1a6b-51ce-af3b-44c0b3badd59', '62f2c3c3-82bc-55fd-881a-51311134f6ef', NULL, 'Fox News');
INSERT INTO allocation_gate_codes (allocation_id, code, updated_at) VALUES ('7ec48bc8-1a6b-51ce-af3b-44c0b3badd59', 'PC-006', NOW());
INSERT INTO allocations (id, conference_id, user_id, country) VALUES ('3cee9e21-1897-5de4-b20d-2e51d55733eb', '62f2c3c3-82bc-55fd-881a-51311134f6ef', NULL, 'NPR');
INSERT INTO allocation_gate_codes (allocation_id, code, updated_at) VALUES ('3cee9e21-1897-5de4-b20d-2e51d55733eb', 'PC-007', NOW());
INSERT INTO allocations (id, conference_id, user_id, country) VALUES ('f9db6bf4-cf25-5b05-b2d0-3a7c49344a93', '62f2c3c3-82bc-55fd-881a-51311134f6ef', NULL, 'Reuters');
INSERT INTO allocation_gate_codes (allocation_id, code, updated_at) VALUES ('f9db6bf4-cf25-5b05-b2d0-3a7c49344a93', 'PC-008', NOW());
INSERT INTO allocations (id, conference_id, user_id, country) VALUES ('14a44be7-9362-5ab5-af78-f039918d230f', '62f2c3c3-82bc-55fd-881a-51311134f6ef', NULL, 'Russia Today');
INSERT INTO allocation_gate_codes (allocation_id, code, updated_at) VALUES ('14a44be7-9362-5ab5-af78-f039918d230f', 'PC-009', NOW());
INSERT INTO allocations (id, conference_id, user_id, country) VALUES ('07927393-131c-52fc-bcae-69a0926262a7', '62f2c3c3-82bc-55fd-881a-51311134f6ef', NULL, 'The Associated Press (AP)');
INSERT INTO allocation_gate_codes (allocation_id, code, updated_at) VALUES ('07927393-131c-52fc-bcae-69a0926262a7', 'PC-010', NOW());
INSERT INTO allocations (id, conference_id, user_id, country) VALUES ('90d13614-fecd-5e45-a6b1-2baceaa33193', '62f2c3c3-82bc-55fd-881a-51311134f6ef', NULL, 'The Guardian');
INSERT INTO allocation_gate_codes (allocation_id, code, updated_at) VALUES ('90d13614-fecd-5e45-a6b1-2baceaa33193', 'PC-011', NOW());
INSERT INTO allocations (id, conference_id, user_id, country) VALUES ('3c2d574f-3fb3-57d5-971f-d37c0dc37ba5', '62f2c3c3-82bc-55fd-881a-51311134f6ef', NULL, 'The Lancet');
INSERT INTO allocation_gate_codes (allocation_id, code, updated_at) VALUES ('3c2d574f-3fb3-57d5-971f-d37c0dc37ba5', 'PC-012', NOW());
INSERT INTO allocations (id, conference_id, user_id, country) VALUES ('8441ab8d-8425-5881-a019-47a9cf459fc1', '62f2c3c3-82bc-55fd-881a-51311134f6ef', NULL, 'The New York Times');
INSERT INTO allocation_gate_codes (allocation_id, code, updated_at) VALUES ('8441ab8d-8425-5881-a019-47a9cf459fc1', 'PC-013', NOW());
INSERT INTO allocations (id, conference_id, user_id, country) VALUES ('0621a223-429d-5b51-8e85-68001eac5781', '62f2c3c3-82bc-55fd-881a-51311134f6ef', NULL, 'The Onion');
INSERT INTO allocation_gate_codes (allocation_id, code, updated_at) VALUES ('0621a223-429d-5b51-8e85-68001eac5781', 'PC-014', NOW());
INSERT INTO allocations (id, conference_id, user_id, country) VALUES ('e2225ab5-f47b-5308-a756-20d420b5bc81', '62f2c3c3-82bc-55fd-881a-51311134f6ef', NULL, 'The Straits Times');
INSERT INTO allocation_gate_codes (allocation_id, code, updated_at) VALUES ('e2225ab5-f47b-5308-a756-20d420b5bc81', 'PC-015', NOW());
INSERT INTO allocations (id, conference_id, user_id, country) VALUES ('841d7b11-fe15-56b6-a8ee-bb3ecccc1391', '62f2c3c3-82bc-55fd-881a-51311134f6ef', NULL, 'TIME Magazine');
INSERT INTO allocation_gate_codes (allocation_id, code, updated_at) VALUES ('841d7b11-fe15-56b6-a8ee-bb3ecccc1391', 'PC-016', NOW());
INSERT INTO allocations (id, conference_id, user_id, country) VALUES ('597c549f-cd8a-51a6-9328-68894a859f2d', '62f2c3c3-82bc-55fd-881a-51311134f6ef', NULL, 'Vice News');
INSERT INTO allocation_gate_codes (allocation_id, code, updated_at) VALUES ('597c549f-cd8a-51a6-9328-68894a859f2d', 'PC-017', NOW());
INSERT INTO allocations (id, conference_id, user_id, country) VALUES ('9c5756fd-46b9-54c3-b9bd-39bb257f80d9', '62f2c3c3-82bc-55fd-881a-51311134f6ef', NULL, 'Wall Street Journal');
INSERT INTO allocation_gate_codes (allocation_id, code, updated_at) VALUES ('9c5756fd-46b9-54c3-b9bd-39bb257f80d9', 'PC-018', NOW());
INSERT INTO allocations (id, conference_id, user_id, country) VALUES ('e417d9a5-5684-5749-8b30-5cc2621f732b', '62f2c3c3-82bc-55fd-881a-51311134f6ef', NULL, 'Wikileak');
INSERT INTO allocation_gate_codes (allocation_id, code, updated_at) VALUES ('e417d9a5-5684-5749-8b30-5cc2621f732b', 'PC-019', NOW());
INSERT INTO allocations (id, conference_id, user_id, country) VALUES ('0bc985b3-7106-5926-9fec-5e7085857ded', '62f2c3c3-82bc-55fd-881a-51311134f6ef', NULL, 'Xinhua News Agency');
INSERT INTO allocation_gate_codes (allocation_id, code, updated_at) VALUES ('0bc985b3-7106-5926-9fec-5e7085857ded', 'PC-020', NOW());

-- DISEC: 25 allocations
INSERT INTO allocations (id, conference_id, user_id, country) VALUES ('b4fa17b0-7278-5a86-83fb-29509def32d1', '98eec0b3-495d-51c1-af6e-8ac229fc1169', NULL, 'Brazil');
INSERT INTO allocation_gate_codes (allocation_id, code, updated_at) VALUES ('b4fa17b0-7278-5a86-83fb-29509def32d1', 'DIS-001', NOW());
INSERT INTO allocations (id, conference_id, user_id, country) VALUES ('da5626ad-49ad-52ff-a97b-0441e010fb72', '98eec0b3-495d-51c1-af6e-8ac229fc1169', NULL, 'Canada');
INSERT INTO allocation_gate_codes (allocation_id, code, updated_at) VALUES ('da5626ad-49ad-52ff-a97b-0441e010fb72', 'DIS-002', NOW());
INSERT INTO allocations (id, conference_id, user_id, country) VALUES ('9d6af63f-24ce-5a25-9619-18c856c03576', '98eec0b3-495d-51c1-af6e-8ac229fc1169', NULL, 'China');
INSERT INTO allocation_gate_codes (allocation_id, code, updated_at) VALUES ('9d6af63f-24ce-5a25-9619-18c856c03576', 'DIS-003', NOW());
INSERT INTO allocations (id, conference_id, user_id, country) VALUES ('9d670904-c753-5e5b-8e70-0accd728e535', '98eec0b3-495d-51c1-af6e-8ac229fc1169', NULL, 'Colombia');
INSERT INTO allocation_gate_codes (allocation_id, code, updated_at) VALUES ('9d670904-c753-5e5b-8e70-0accd728e535', 'DIS-004', NOW());
INSERT INTO allocations (id, conference_id, user_id, country) VALUES ('4c898172-00fa-552b-a72f-d4887712f525', '98eec0b3-495d-51c1-af6e-8ac229fc1169', NULL, 'France');
INSERT INTO allocation_gate_codes (allocation_id, code, updated_at) VALUES ('4c898172-00fa-552b-a72f-d4887712f525', 'DIS-005', NOW());
INSERT INTO allocations (id, conference_id, user_id, country) VALUES ('59908aac-9960-53d3-b358-7c589f6ea659', '98eec0b3-495d-51c1-af6e-8ac229fc1169', NULL, 'Germany');
INSERT INTO allocation_gate_codes (allocation_id, code, updated_at) VALUES ('59908aac-9960-53d3-b358-7c589f6ea659', 'DIS-006', NOW());
INSERT INTO allocations (id, conference_id, user_id, country) VALUES ('33396ead-8803-5ea2-a380-936181976f49', '98eec0b3-495d-51c1-af6e-8ac229fc1169', NULL, 'India');
INSERT INTO allocation_gate_codes (allocation_id, code, updated_at) VALUES ('33396ead-8803-5ea2-a380-936181976f49', 'DIS-007', NOW());
INSERT INTO allocations (id, conference_id, user_id, country) VALUES ('b81ca7c0-7cbb-56d5-9d55-34aa8db8d810', '98eec0b3-495d-51c1-af6e-8ac229fc1169', NULL, 'Iran');
INSERT INTO allocation_gate_codes (allocation_id, code, updated_at) VALUES ('b81ca7c0-7cbb-56d5-9d55-34aa8db8d810', 'DIS-008', NOW());
INSERT INTO allocations (id, conference_id, user_id, country) VALUES ('edc639fd-af1a-5ed0-9273-d5ba6a981b7c', '98eec0b3-495d-51c1-af6e-8ac229fc1169', NULL, 'Israel');
INSERT INTO allocation_gate_codes (allocation_id, code, updated_at) VALUES ('edc639fd-af1a-5ed0-9273-d5ba6a981b7c', 'DIS-009', NOW());
INSERT INTO allocations (id, conference_id, user_id, country) VALUES ('3bcfeb67-b91f-5dbb-8f54-f2500b9e8c4d', '98eec0b3-495d-51c1-af6e-8ac229fc1169', NULL, 'Japan');
INSERT INTO allocation_gate_codes (allocation_id, code, updated_at) VALUES ('3bcfeb67-b91f-5dbb-8f54-f2500b9e8c4d', 'DIS-010', NOW());
INSERT INTO allocations (id, conference_id, user_id, country) VALUES ('3cc4dbc2-e7da-52c1-b322-4bf950fb94a7', '98eec0b3-495d-51c1-af6e-8ac229fc1169', NULL, 'Mexico');
INSERT INTO allocation_gate_codes (allocation_id, code, updated_at) VALUES ('3cc4dbc2-e7da-52c1-b322-4bf950fb94a7', 'DIS-011', NOW());
INSERT INTO allocations (id, conference_id, user_id, country) VALUES ('6d24c2fe-6dc9-5518-aacc-dcd4392a9383', '98eec0b3-495d-51c1-af6e-8ac229fc1169', NULL, 'Myanmar');
INSERT INTO allocation_gate_codes (allocation_id, code, updated_at) VALUES ('6d24c2fe-6dc9-5518-aacc-dcd4392a9383', 'DIS-012', NOW());
INSERT INTO allocations (id, conference_id, user_id, country) VALUES ('291a4c73-fed3-5fe4-a42f-4cb2e3d5b2df', '98eec0b3-495d-51c1-af6e-8ac229fc1169', NULL, 'Nigeria');
INSERT INTO allocation_gate_codes (allocation_id, code, updated_at) VALUES ('291a4c73-fed3-5fe4-a42f-4cb2e3d5b2df', 'DIS-013', NOW());
INSERT INTO allocations (id, conference_id, user_id, country) VALUES ('2dcd7d3e-9bdf-5906-a271-499330a31c36', '98eec0b3-495d-51c1-af6e-8ac229fc1169', NULL, 'Pakistan');
INSERT INTO allocation_gate_codes (allocation_id, code, updated_at) VALUES ('2dcd7d3e-9bdf-5906-a271-499330a31c36', 'DIS-014', NOW());
INSERT INTO allocations (id, conference_id, user_id, country) VALUES ('31a774b0-411e-5012-ae98-ef009c334831', '98eec0b3-495d-51c1-af6e-8ac229fc1169', NULL, 'Philippines');
INSERT INTO allocation_gate_codes (allocation_id, code, updated_at) VALUES ('31a774b0-411e-5012-ae98-ef009c334831', 'DIS-015', NOW());
INSERT INTO allocations (id, conference_id, user_id, country) VALUES ('541b59fb-6553-5820-ab1b-7dc27d3d2d42', '98eec0b3-495d-51c1-af6e-8ac229fc1169', NULL, 'Russia');
INSERT INTO allocation_gate_codes (allocation_id, code, updated_at) VALUES ('541b59fb-6553-5820-ab1b-7dc27d3d2d42', 'DIS-016', NOW());
INSERT INTO allocations (id, conference_id, user_id, country) VALUES ('0f0070a5-c8ea-5c64-9e37-c75c5202f142', '98eec0b3-495d-51c1-af6e-8ac229fc1169', NULL, 'Saudi Arabia');
INSERT INTO allocation_gate_codes (allocation_id, code, updated_at) VALUES ('0f0070a5-c8ea-5c64-9e37-c75c5202f142', 'DIS-017', NOW());
INSERT INTO allocations (id, conference_id, user_id, country) VALUES ('2578e074-85d1-5ba5-a7d1-850222d3537b', '98eec0b3-495d-51c1-af6e-8ac229fc1169', NULL, 'Singapore');
INSERT INTO allocation_gate_codes (allocation_id, code, updated_at) VALUES ('2578e074-85d1-5ba5-a7d1-850222d3537b', 'DIS-018', NOW());
INSERT INTO allocations (id, conference_id, user_id, country) VALUES ('7ef9832a-b312-5752-99d8-90522179192c', '98eec0b3-495d-51c1-af6e-8ac229fc1169', NULL, 'South Africa');
INSERT INTO allocation_gate_codes (allocation_id, code, updated_at) VALUES ('7ef9832a-b312-5752-99d8-90522179192c', 'DIS-019', NOW());
INSERT INTO allocations (id, conference_id, user_id, country) VALUES ('e9420d5f-119d-53fe-ad8a-c06445ef2828', '98eec0b3-495d-51c1-af6e-8ac229fc1169', NULL, 'Switzerland');
INSERT INTO allocation_gate_codes (allocation_id, code, updated_at) VALUES ('e9420d5f-119d-53fe-ad8a-c06445ef2828', 'DIS-020', NOW());
INSERT INTO allocations (id, conference_id, user_id, country) VALUES ('1b487ee7-d1d1-5dfe-94c7-c241460de91d', '98eec0b3-495d-51c1-af6e-8ac229fc1169', NULL, 'Thailand');
INSERT INTO allocation_gate_codes (allocation_id, code, updated_at) VALUES ('1b487ee7-d1d1-5dfe-94c7-c241460de91d', 'DIS-021', NOW());
INSERT INTO allocations (id, conference_id, user_id, country) VALUES ('9922805d-6b20-53c0-82eb-f5fad8c309eb', '98eec0b3-495d-51c1-af6e-8ac229fc1169', NULL, 'Turkey');
INSERT INTO allocation_gate_codes (allocation_id, code, updated_at) VALUES ('9922805d-6b20-53c0-82eb-f5fad8c309eb', 'DIS-022', NOW());
INSERT INTO allocations (id, conference_id, user_id, country) VALUES ('74536a9a-b456-5712-9440-f64af684179e', '98eec0b3-495d-51c1-af6e-8ac229fc1169', NULL, 'United Kingdom');
INSERT INTO allocation_gate_codes (allocation_id, code, updated_at) VALUES ('74536a9a-b456-5712-9440-f64af684179e', 'DIS-023', NOW());
INSERT INTO allocations (id, conference_id, user_id, country) VALUES ('5f206de3-f575-54f5-8871-bff67967dd98', '98eec0b3-495d-51c1-af6e-8ac229fc1169', NULL, 'United States');
INSERT INTO allocation_gate_codes (allocation_id, code, updated_at) VALUES ('5f206de3-f575-54f5-8871-bff67967dd98', 'DIS-024', NOW());
INSERT INTO allocations (id, conference_id, user_id, country) VALUES ('8af9c7fe-3bfc-53c2-8bc6-cdfeb99a2b71', '98eec0b3-495d-51c1-af6e-8ac229fc1169', NULL, 'Vietnam');
INSERT INTO allocation_gate_codes (allocation_id, code, updated_at) VALUES ('8af9c7fe-3bfc-53c2-8bc6-cdfeb99a2b71', 'DIS-025', NOW());

-- UNSC: 15 allocations
INSERT INTO allocations (id, conference_id, user_id, country) VALUES ('74cd6148-8122-567c-88ed-3e6d621e4555', 'b9c8aac0-8197-50b5-bb26-7b0dda078396', NULL, 'Bahrain');
INSERT INTO allocation_gate_codes (allocation_id, code, updated_at) VALUES ('74cd6148-8122-567c-88ed-3e6d621e4555', 'UNS-001', NOW());
INSERT INTO allocations (id, conference_id, user_id, country) VALUES ('67fa3226-c605-5e95-a7e3-07f37b1a022d', 'b9c8aac0-8197-50b5-bb26-7b0dda078396', NULL, 'China');
INSERT INTO allocation_gate_codes (allocation_id, code, updated_at) VALUES ('67fa3226-c605-5e95-a7e3-07f37b1a022d', 'UNS-002', NOW());
INSERT INTO allocations (id, conference_id, user_id, country) VALUES ('8f231135-ada1-54e9-ab8c-a6613a982ad8', 'b9c8aac0-8197-50b5-bb26-7b0dda078396', NULL, 'Colombia');
INSERT INTO allocation_gate_codes (allocation_id, code, updated_at) VALUES ('8f231135-ada1-54e9-ab8c-a6613a982ad8', 'UNS-003', NOW());
INSERT INTO allocations (id, conference_id, user_id, country) VALUES ('038be4ba-3697-5be8-b52b-1328f0ef59a5', 'b9c8aac0-8197-50b5-bb26-7b0dda078396', NULL, 'Democratic Republic of the Congo');
INSERT INTO allocation_gate_codes (allocation_id, code, updated_at) VALUES ('038be4ba-3697-5be8-b52b-1328f0ef59a5', 'UNS-004', NOW());
INSERT INTO allocations (id, conference_id, user_id, country) VALUES ('8e39e8d5-85f0-563a-8bd5-257b3f70dc0f', 'b9c8aac0-8197-50b5-bb26-7b0dda078396', NULL, 'Denmark');
INSERT INTO allocation_gate_codes (allocation_id, code, updated_at) VALUES ('8e39e8d5-85f0-563a-8bd5-257b3f70dc0f', 'UNS-005', NOW());
INSERT INTO allocations (id, conference_id, user_id, country) VALUES ('270d93f9-a50d-59f9-b518-f815dc95429f', 'b9c8aac0-8197-50b5-bb26-7b0dda078396', NULL, 'France');
INSERT INTO allocation_gate_codes (allocation_id, code, updated_at) VALUES ('270d93f9-a50d-59f9-b518-f815dc95429f', 'UNS-006', NOW());
INSERT INTO allocations (id, conference_id, user_id, country) VALUES ('b8bf6059-6a4c-5e8e-abf1-19eb707bbc59', 'b9c8aac0-8197-50b5-bb26-7b0dda078396', NULL, 'Greece');
INSERT INTO allocation_gate_codes (allocation_id, code, updated_at) VALUES ('b8bf6059-6a4c-5e8e-abf1-19eb707bbc59', 'UNS-007', NOW());
INSERT INTO allocations (id, conference_id, user_id, country) VALUES ('42a907c1-ffbd-5557-8a5a-66782226dd37', 'b9c8aac0-8197-50b5-bb26-7b0dda078396', NULL, 'Latvia');
INSERT INTO allocation_gate_codes (allocation_id, code, updated_at) VALUES ('42a907c1-ffbd-5557-8a5a-66782226dd37', 'UNS-008', NOW());
INSERT INTO allocations (id, conference_id, user_id, country) VALUES ('31bd078d-b05b-5140-85ef-97c662714f40', 'b9c8aac0-8197-50b5-bb26-7b0dda078396', NULL, 'Liberia');
INSERT INTO allocation_gate_codes (allocation_id, code, updated_at) VALUES ('31bd078d-b05b-5140-85ef-97c662714f40', 'UNS-009', NOW());
INSERT INTO allocations (id, conference_id, user_id, country) VALUES ('24af6e7e-8280-5fcd-86a9-03c6229d4715', 'b9c8aac0-8197-50b5-bb26-7b0dda078396', NULL, 'Pakistan');
INSERT INTO allocation_gate_codes (allocation_id, code, updated_at) VALUES ('24af6e7e-8280-5fcd-86a9-03c6229d4715', 'UNS-010', NOW());
INSERT INTO allocations (id, conference_id, user_id, country) VALUES ('eede7f07-7ab0-51d2-8548-8b4cb5bc43b8', 'b9c8aac0-8197-50b5-bb26-7b0dda078396', NULL, 'Panama');
INSERT INTO allocation_gate_codes (allocation_id, code, updated_at) VALUES ('eede7f07-7ab0-51d2-8548-8b4cb5bc43b8', 'UNS-011', NOW());
INSERT INTO allocations (id, conference_id, user_id, country) VALUES ('80ecacfe-5cf9-50ce-8228-0fb5e2234d62', 'b9c8aac0-8197-50b5-bb26-7b0dda078396', NULL, 'Russia');
INSERT INTO allocation_gate_codes (allocation_id, code, updated_at) VALUES ('80ecacfe-5cf9-50ce-8228-0fb5e2234d62', 'UNS-012', NOW());
INSERT INTO allocations (id, conference_id, user_id, country) VALUES ('61962c59-29d3-5ed6-a8f2-399aa2db8e24', 'b9c8aac0-8197-50b5-bb26-7b0dda078396', NULL, 'Somalia');
INSERT INTO allocation_gate_codes (allocation_id, code, updated_at) VALUES ('61962c59-29d3-5ed6-a8f2-399aa2db8e24', 'UNS-013', NOW());
INSERT INTO allocations (id, conference_id, user_id, country) VALUES ('9c9f75a0-9ab6-5057-ba9f-88ddb8877e7e', 'b9c8aac0-8197-50b5-bb26-7b0dda078396', NULL, 'United Kingdom');
INSERT INTO allocation_gate_codes (allocation_id, code, updated_at) VALUES ('9c9f75a0-9ab6-5057-ba9f-88ddb8877e7e', 'UNS-014', NOW());
INSERT INTO allocations (id, conference_id, user_id, country) VALUES ('18063b30-25b9-5cbe-bb50-0e2d59947e66', 'b9c8aac0-8197-50b5-bb26-7b0dda078396', NULL, 'United States');
INSERT INTO allocation_gate_codes (allocation_id, code, updated_at) VALUES ('18063b30-25b9-5cbe-bb50-0e2d59947e66', 'UNS-015', NOW());

-- Interpol: 25 allocations
INSERT INTO allocations (id, conference_id, user_id, country) VALUES ('024aa892-49e4-5d0b-a448-3f3d3b9e5a0a', 'a99d0809-d35c-511a-8e72-418c8ddd3d76', NULL, 'Australia');
INSERT INTO allocation_gate_codes (allocation_id, code, updated_at) VALUES ('024aa892-49e4-5d0b-a448-3f3d3b9e5a0a', 'INT-001', NOW());
INSERT INTO allocations (id, conference_id, user_id, country) VALUES ('7cae8ca2-9b0e-5219-8a78-87182fd2a7e1', 'a99d0809-d35c-511a-8e72-418c8ddd3d76', NULL, 'Brazil');
INSERT INTO allocation_gate_codes (allocation_id, code, updated_at) VALUES ('7cae8ca2-9b0e-5219-8a78-87182fd2a7e1', 'INT-002', NOW());
INSERT INTO allocations (id, conference_id, user_id, country) VALUES ('f214bc02-c126-50a5-8cb0-c9c741cec384', 'a99d0809-d35c-511a-8e72-418c8ddd3d76', NULL, 'Canada');
INSERT INTO allocation_gate_codes (allocation_id, code, updated_at) VALUES ('f214bc02-c126-50a5-8cb0-c9c741cec384', 'INT-003', NOW());
INSERT INTO allocations (id, conference_id, user_id, country) VALUES ('8e384d15-2136-578f-b7c9-8362179cd066', 'a99d0809-d35c-511a-8e72-418c8ddd3d76', NULL, 'China');
INSERT INTO allocation_gate_codes (allocation_id, code, updated_at) VALUES ('8e384d15-2136-578f-b7c9-8362179cd066', 'INT-004', NOW());
INSERT INTO allocations (id, conference_id, user_id, country) VALUES ('0b90daca-0fab-5ecc-aab2-aea9bc6fcde5', 'a99d0809-d35c-511a-8e72-418c8ddd3d76', NULL, 'Colombia');
INSERT INTO allocation_gate_codes (allocation_id, code, updated_at) VALUES ('0b90daca-0fab-5ecc-aab2-aea9bc6fcde5', 'INT-005', NOW());
INSERT INTO allocations (id, conference_id, user_id, country) VALUES ('1a69ebe4-4315-5bd0-8e89-c307df17550a', 'a99d0809-d35c-511a-8e72-418c8ddd3d76', NULL, 'France');
INSERT INTO allocation_gate_codes (allocation_id, code, updated_at) VALUES ('1a69ebe4-4315-5bd0-8e89-c307df17550a', 'INT-006', NOW());
INSERT INTO allocations (id, conference_id, user_id, country) VALUES ('f10872bb-2857-5a9b-bd81-b79f549964bc', 'a99d0809-d35c-511a-8e72-418c8ddd3d76', NULL, 'Germany');
INSERT INTO allocation_gate_codes (allocation_id, code, updated_at) VALUES ('f10872bb-2857-5a9b-bd81-b79f549964bc', 'INT-007', NOW());
INSERT INTO allocations (id, conference_id, user_id, country) VALUES ('515eae21-a1ec-5bb2-90e5-e439be5eab31', 'a99d0809-d35c-511a-8e72-418c8ddd3d76', NULL, 'India');
INSERT INTO allocation_gate_codes (allocation_id, code, updated_at) VALUES ('515eae21-a1ec-5bb2-90e5-e439be5eab31', 'INT-008', NOW());
INSERT INTO allocations (id, conference_id, user_id, country) VALUES ('c9bc3824-7610-513f-a8d4-dc1765c7341c', 'a99d0809-d35c-511a-8e72-418c8ddd3d76', NULL, 'Israel');
INSERT INTO allocation_gate_codes (allocation_id, code, updated_at) VALUES ('c9bc3824-7610-513f-a8d4-dc1765c7341c', 'INT-009', NOW());
INSERT INTO allocations (id, conference_id, user_id, country) VALUES ('c304c7d4-7836-548f-aff0-4895346bb8b9', 'a99d0809-d35c-511a-8e72-418c8ddd3d76', NULL, 'Italy');
INSERT INTO allocation_gate_codes (allocation_id, code, updated_at) VALUES ('c304c7d4-7836-548f-aff0-4895346bb8b9', 'INT-010', NOW());
INSERT INTO allocations (id, conference_id, user_id, country) VALUES ('ba94c772-b1e3-58f7-bd1c-b5f4670b50e8', 'a99d0809-d35c-511a-8e72-418c8ddd3d76', NULL, 'Japan');
INSERT INTO allocation_gate_codes (allocation_id, code, updated_at) VALUES ('ba94c772-b1e3-58f7-bd1c-b5f4670b50e8', 'INT-011', NOW());
INSERT INTO allocations (id, conference_id, user_id, country) VALUES ('433bedf8-6402-5912-84f8-9d93679db4c0', 'a99d0809-d35c-511a-8e72-418c8ddd3d76', NULL, 'Laos');
INSERT INTO allocation_gate_codes (allocation_id, code, updated_at) VALUES ('433bedf8-6402-5912-84f8-9d93679db4c0', 'INT-012', NOW());
INSERT INTO allocations (id, conference_id, user_id, country) VALUES ('5d54415b-faff-5d6d-b295-2615096d3916', 'a99d0809-d35c-511a-8e72-418c8ddd3d76', NULL, 'Mexico');
INSERT INTO allocation_gate_codes (allocation_id, code, updated_at) VALUES ('5d54415b-faff-5d6d-b295-2615096d3916', 'INT-013', NOW());
INSERT INTO allocations (id, conference_id, user_id, country) VALUES ('01404591-6806-53b9-914e-232e54f0e0fc', 'a99d0809-d35c-511a-8e72-418c8ddd3d76', NULL, 'Myanmar');
INSERT INTO allocation_gate_codes (allocation_id, code, updated_at) VALUES ('01404591-6806-53b9-914e-232e54f0e0fc', 'INT-014', NOW());
INSERT INTO allocations (id, conference_id, user_id, country) VALUES ('0c4f890d-f7fc-5478-b2fa-5b57f6ad03ee', 'a99d0809-d35c-511a-8e72-418c8ddd3d76', NULL, 'Netherlands');
INSERT INTO allocation_gate_codes (allocation_id, code, updated_at) VALUES ('0c4f890d-f7fc-5478-b2fa-5b57f6ad03ee', 'INT-015', NOW());
INSERT INTO allocations (id, conference_id, user_id, country) VALUES ('fc000445-659d-527d-b02c-069e6b9ddad4', 'a99d0809-d35c-511a-8e72-418c8ddd3d76', NULL, 'Philippines');
INSERT INTO allocation_gate_codes (allocation_id, code, updated_at) VALUES ('fc000445-659d-527d-b02c-069e6b9ddad4', 'INT-016', NOW());
INSERT INTO allocations (id, conference_id, user_id, country) VALUES ('169392f0-5fc2-570d-b973-461b75f2fea1', 'a99d0809-d35c-511a-8e72-418c8ddd3d76', NULL, 'Russia');
INSERT INTO allocation_gate_codes (allocation_id, code, updated_at) VALUES ('169392f0-5fc2-570d-b973-461b75f2fea1', 'INT-017', NOW());
INSERT INTO allocations (id, conference_id, user_id, country) VALUES ('b5dd07f8-d892-5eca-b85e-2a7b5013a5fd', 'a99d0809-d35c-511a-8e72-418c8ddd3d76', NULL, 'South Africa');
INSERT INTO allocation_gate_codes (allocation_id, code, updated_at) VALUES ('b5dd07f8-d892-5eca-b85e-2a7b5013a5fd', 'INT-018', NOW());
INSERT INTO allocations (id, conference_id, user_id, country) VALUES ('a67dc902-3a68-5a95-982e-995f4b9a0d15', 'a99d0809-d35c-511a-8e72-418c8ddd3d76', NULL, 'Spain');
INSERT INTO allocation_gate_codes (allocation_id, code, updated_at) VALUES ('a67dc902-3a68-5a95-982e-995f4b9a0d15', 'INT-019', NOW());
INSERT INTO allocations (id, conference_id, user_id, country) VALUES ('850161f7-ee0a-5831-9e0e-009ac6ce67e9', 'a99d0809-d35c-511a-8e72-418c8ddd3d76', NULL, 'Thailand');
INSERT INTO allocation_gate_codes (allocation_id, code, updated_at) VALUES ('850161f7-ee0a-5831-9e0e-009ac6ce67e9', 'INT-020', NOW());
INSERT INTO allocations (id, conference_id, user_id, country) VALUES ('1059de93-7f2c-5a18-9aa5-44a47fa45802', 'a99d0809-d35c-511a-8e72-418c8ddd3d76', NULL, 'Turkey');
INSERT INTO allocation_gate_codes (allocation_id, code, updated_at) VALUES ('1059de93-7f2c-5a18-9aa5-44a47fa45802', 'INT-021', NOW());
INSERT INTO allocations (id, conference_id, user_id, country) VALUES ('cbcdde4f-a5fa-5eea-9821-054fa4e2b62d', 'a99d0809-d35c-511a-8e72-418c8ddd3d76', NULL, 'United Arab Emirates');
INSERT INTO allocation_gate_codes (allocation_id, code, updated_at) VALUES ('cbcdde4f-a5fa-5eea-9821-054fa4e2b62d', 'INT-022', NOW());
INSERT INTO allocations (id, conference_id, user_id, country) VALUES ('9f4c6041-7d7b-5fa1-afe6-c437c3da3dce', 'a99d0809-d35c-511a-8e72-418c8ddd3d76', NULL, 'United Kingdom');
INSERT INTO allocation_gate_codes (allocation_id, code, updated_at) VALUES ('9f4c6041-7d7b-5fa1-afe6-c437c3da3dce', 'INT-023', NOW());
INSERT INTO allocations (id, conference_id, user_id, country) VALUES ('8368dde9-4180-565f-8916-14d2bc2d41cd', 'a99d0809-d35c-511a-8e72-418c8ddd3d76', NULL, 'United States');
INSERT INTO allocation_gate_codes (allocation_id, code, updated_at) VALUES ('8368dde9-4180-565f-8916-14d2bc2d41cd', 'INT-024', NOW());
INSERT INTO allocations (id, conference_id, user_id, country) VALUES ('fb470181-31b2-55a8-85d4-993fd36fb384', 'a99d0809-d35c-511a-8e72-418c8ddd3d76', NULL, 'Vietnam');
INSERT INTO allocation_gate_codes (allocation_id, code, updated_at) VALUES ('fb470181-31b2-55a8-85d4-993fd36fb384', 'INT-025', NOW());

-- UNHRC: 30 allocations
INSERT INTO allocations (id, conference_id, user_id, country) VALUES ('e2f799f7-26a6-53b3-b05d-18f3b5d9315d', '9e71e587-b647-527e-a6f5-36db8c2e557c', NULL, 'Brazil');
INSERT INTO allocation_gate_codes (allocation_id, code, updated_at) VALUES ('e2f799f7-26a6-53b3-b05d-18f3b5d9315d', 'HRC-001', NOW());
INSERT INTO allocations (id, conference_id, user_id, country) VALUES ('db65bc6b-a63f-5978-ba50-e9cb267e242c', '9e71e587-b647-527e-a6f5-36db8c2e557c', NULL, 'Canada');
INSERT INTO allocation_gate_codes (allocation_id, code, updated_at) VALUES ('db65bc6b-a63f-5978-ba50-e9cb267e242c', 'HRC-002', NOW());
INSERT INTO allocations (id, conference_id, user_id, country) VALUES ('40417da1-4e81-5824-9ac4-70f10a5b9b8e', '9e71e587-b647-527e-a6f5-36db8c2e557c', NULL, 'China');
INSERT INTO allocation_gate_codes (allocation_id, code, updated_at) VALUES ('40417da1-4e81-5824-9ac4-70f10a5b9b8e', 'HRC-003', NOW());
INSERT INTO allocations (id, conference_id, user_id, country) VALUES ('2025ab9c-763c-5ef3-a8b7-6c42248315a2', '9e71e587-b647-527e-a6f5-36db8c2e557c', NULL, 'Egypt');
INSERT INTO allocation_gate_codes (allocation_id, code, updated_at) VALUES ('2025ab9c-763c-5ef3-a8b7-6c42248315a2', 'HRC-004', NOW());
INSERT INTO allocations (id, conference_id, user_id, country) VALUES ('1d6a7a9b-019d-5ac1-a1bc-5519d722b11a', '9e71e587-b647-527e-a6f5-36db8c2e557c', NULL, 'El Salvador');
INSERT INTO allocation_gate_codes (allocation_id, code, updated_at) VALUES ('1d6a7a9b-019d-5ac1-a1bc-5519d722b11a', 'HRC-005', NOW());
INSERT INTO allocations (id, conference_id, user_id, country) VALUES ('cda759a9-ecbf-5eab-80b5-4e985bfc8ef1', '9e71e587-b647-527e-a6f5-36db8c2e557c', NULL, 'France');
INSERT INTO allocation_gate_codes (allocation_id, code, updated_at) VALUES ('cda759a9-ecbf-5eab-80b5-4e985bfc8ef1', 'HRC-006', NOW());
INSERT INTO allocations (id, conference_id, user_id, country) VALUES ('49cb35a8-6b76-5fff-a7f6-c375448779b7', '9e71e587-b647-527e-a6f5-36db8c2e557c', NULL, 'Germany');
INSERT INTO allocation_gate_codes (allocation_id, code, updated_at) VALUES ('49cb35a8-6b76-5fff-a7f6-c375448779b7', 'HRC-007', NOW());
INSERT INTO allocations (id, conference_id, user_id, country) VALUES ('3a283d5c-936f-5ba8-bf6a-cb496c04610f', '9e71e587-b647-527e-a6f5-36db8c2e557c', NULL, 'India');
INSERT INTO allocation_gate_codes (allocation_id, code, updated_at) VALUES ('3a283d5c-936f-5ba8-bf6a-cb496c04610f', 'HRC-008', NOW());
INSERT INTO allocations (id, conference_id, user_id, country) VALUES ('aec4afae-8414-5264-a887-0a69938daefd', '9e71e587-b647-527e-a6f5-36db8c2e557c', NULL, 'Indonesia');
INSERT INTO allocation_gate_codes (allocation_id, code, updated_at) VALUES ('aec4afae-8414-5264-a887-0a69938daefd', 'HRC-009', NOW());
INSERT INTO allocations (id, conference_id, user_id, country) VALUES ('5302f15f-964b-5266-9583-e43b4729e03d', '9e71e587-b647-527e-a6f5-36db8c2e557c', NULL, 'Iran');
INSERT INTO allocation_gate_codes (allocation_id, code, updated_at) VALUES ('5302f15f-964b-5266-9583-e43b4729e03d', 'HRC-010', NOW());
INSERT INTO allocations (id, conference_id, user_id, country) VALUES ('0d0c7148-e36e-5d29-b07b-1e06418931f8', '9e71e587-b647-527e-a6f5-36db8c2e557c', NULL, 'Japan');
INSERT INTO allocation_gate_codes (allocation_id, code, updated_at) VALUES ('0d0c7148-e36e-5d29-b07b-1e06418931f8', 'HRC-011', NOW());
INSERT INTO allocations (id, conference_id, user_id, country) VALUES ('703f24fe-7f99-55cc-9916-e79fbfeed786', '9e71e587-b647-527e-a6f5-36db8c2e557c', NULL, 'Italy');
INSERT INTO allocation_gate_codes (allocation_id, code, updated_at) VALUES ('703f24fe-7f99-55cc-9916-e79fbfeed786', 'HRC-012', NOW());
INSERT INTO allocations (id, conference_id, user_id, country) VALUES ('d51ab1a4-b03c-5249-9b30-607a62dc04e7', '9e71e587-b647-527e-a6f5-36db8c2e557c', NULL, 'Australia');
INSERT INTO allocation_gate_codes (allocation_id, code, updated_at) VALUES ('d51ab1a4-b03c-5249-9b30-607a62dc04e7', 'HRC-013', NOW());
INSERT INTO allocations (id, conference_id, user_id, country) VALUES ('cc62e143-33a2-5ba6-814b-1d1bf736ae2b', '9e71e587-b647-527e-a6f5-36db8c2e557c', NULL, 'Mexico');
INSERT INTO allocation_gate_codes (allocation_id, code, updated_at) VALUES ('cc62e143-33a2-5ba6-814b-1d1bf736ae2b', 'HRC-014', NOW());
INSERT INTO allocations (id, conference_id, user_id, country) VALUES ('a54e1fbb-bec3-53c3-a1f8-4e7b64e96960', '9e71e587-b647-527e-a6f5-36db8c2e557c', NULL, 'Nigeria');
INSERT INTO allocation_gate_codes (allocation_id, code, updated_at) VALUES ('a54e1fbb-bec3-53c3-a1f8-4e7b64e96960', 'HRC-015', NOW());
INSERT INTO allocations (id, conference_id, user_id, country) VALUES ('a0337f08-bca9-5eb1-8fd0-5d4d1b72cd7f', '9e71e587-b647-527e-a6f5-36db8c2e557c', NULL, 'United Kingdom');
INSERT INTO allocation_gate_codes (allocation_id, code, updated_at) VALUES ('a0337f08-bca9-5eb1-8fd0-5d4d1b72cd7f', 'HRC-016', NOW());
INSERT INTO allocations (id, conference_id, user_id, country) VALUES ('8fa8f58a-4f57-5fb3-abe4-37e476139024', '9e71e587-b647-527e-a6f5-36db8c2e557c', NULL, 'Norway');
INSERT INTO allocation_gate_codes (allocation_id, code, updated_at) VALUES ('8fa8f58a-4f57-5fb3-abe4-37e476139024', 'HRC-017', NOW());
INSERT INTO allocations (id, conference_id, user_id, country) VALUES ('bf456099-02b8-50bc-b554-500c287fd716', '9e71e587-b647-527e-a6f5-36db8c2e557c', NULL, 'Pakistan');
INSERT INTO allocation_gate_codes (allocation_id, code, updated_at) VALUES ('bf456099-02b8-50bc-b554-500c287fd716', 'HRC-018', NOW());
INSERT INTO allocations (id, conference_id, user_id, country) VALUES ('73973303-fedb-5bf4-b1a0-b706f55ea43e', '9e71e587-b647-527e-a6f5-36db8c2e557c', NULL, 'Argentina');
INSERT INTO allocation_gate_codes (allocation_id, code, updated_at) VALUES ('73973303-fedb-5bf4-b1a0-b706f55ea43e', 'HRC-019', NOW());
INSERT INTO allocations (id, conference_id, user_id, country) VALUES ('204ae4fb-5316-5d12-ac8c-b48aa153cd40', '9e71e587-b647-527e-a6f5-36db8c2e557c', NULL, 'Chile');
INSERT INTO allocation_gate_codes (allocation_id, code, updated_at) VALUES ('204ae4fb-5316-5d12-ac8c-b48aa153cd40', 'HRC-020', NOW());
INSERT INTO allocations (id, conference_id, user_id, country) VALUES ('e0831c89-1c09-5a18-8fb1-f919ecfd1318', '9e71e587-b647-527e-a6f5-36db8c2e557c', NULL, 'South Korea');
INSERT INTO allocation_gate_codes (allocation_id, code, updated_at) VALUES ('e0831c89-1c09-5a18-8fb1-f919ecfd1318', 'HRC-021', NOW());
INSERT INTO allocations (id, conference_id, user_id, country) VALUES ('8e61f059-d3d4-5305-8a40-25ee72b6be3c', '9e71e587-b647-527e-a6f5-36db8c2e557c', NULL, 'Switzerland');
INSERT INTO allocation_gate_codes (allocation_id, code, updated_at) VALUES ('8e61f059-d3d4-5305-8a40-25ee72b6be3c', 'HRC-022', NOW());
INSERT INTO allocations (id, conference_id, user_id, country) VALUES ('1bb07ed6-f079-5272-bdb7-1e75644af76c', '9e71e587-b647-527e-a6f5-36db8c2e557c', NULL, 'Philippines');
INSERT INTO allocation_gate_codes (allocation_id, code, updated_at) VALUES ('1bb07ed6-f079-5272-bdb7-1e75644af76c', 'HRC-023', NOW());
INSERT INTO allocations (id, conference_id, user_id, country) VALUES ('19f45dfc-9e10-5d66-acd1-22ab6ee6af96', '9e71e587-b647-527e-a6f5-36db8c2e557c', NULL, 'Saudi Arabia');
INSERT INTO allocation_gate_codes (allocation_id, code, updated_at) VALUES ('19f45dfc-9e10-5d66-acd1-22ab6ee6af96', 'HRC-024', NOW());
INSERT INTO allocations (id, conference_id, user_id, country) VALUES ('5886a1c6-ae9e-5187-9d6e-631bdbfd4f61', '9e71e587-b647-527e-a6f5-36db8c2e557c', NULL, 'Singapore');
INSERT INTO allocation_gate_codes (allocation_id, code, updated_at) VALUES ('5886a1c6-ae9e-5187-9d6e-631bdbfd4f61', 'HRC-025', NOW());
INSERT INTO allocations (id, conference_id, user_id, country) VALUES ('00b1b61c-b967-50be-9c57-7aa616643ff3', '9e71e587-b647-527e-a6f5-36db8c2e557c', NULL, 'South Africa');
INSERT INTO allocation_gate_codes (allocation_id, code, updated_at) VALUES ('00b1b61c-b967-50be-9c57-7aa616643ff3', 'HRC-026', NOW());
INSERT INTO allocations (id, conference_id, user_id, country) VALUES ('c78a96a3-5e33-50aa-9b92-c2d63ea77981', '9e71e587-b647-527e-a6f5-36db8c2e557c', NULL, 'Thailand');
INSERT INTO allocation_gate_codes (allocation_id, code, updated_at) VALUES ('c78a96a3-5e33-50aa-9b92-c2d63ea77981', 'HRC-027', NOW());
INSERT INTO allocations (id, conference_id, user_id, country) VALUES ('b0e45da8-f18e-5b70-8b05-653498214f88', '9e71e587-b647-527e-a6f5-36db8c2e557c', NULL, 'Turkey');
INSERT INTO allocation_gate_codes (allocation_id, code, updated_at) VALUES ('b0e45da8-f18e-5b70-8b05-653498214f88', 'HRC-028', NOW());
INSERT INTO allocations (id, conference_id, user_id, country) VALUES ('c61fb07a-f530-5143-bc0a-d24f776c24bf', '9e71e587-b647-527e-a6f5-36db8c2e557c', NULL, 'United States');
INSERT INTO allocation_gate_codes (allocation_id, code, updated_at) VALUES ('c61fb07a-f530-5143-bc0a-d24f776c24bf', 'HRC-029', NOW());
INSERT INTO allocations (id, conference_id, user_id, country) VALUES ('907debc2-3db0-5d7a-a57a-587cc9eb7365', '9e71e587-b647-527e-a6f5-36db8c2e557c', NULL, 'Vietnam');
INSERT INTO allocation_gate_codes (allocation_id, code, updated_at) VALUES ('907debc2-3db0-5d7a-a57a-587cc9eb7365', 'HRC-030', NOW());

-- UN Women: 30 allocations
INSERT INTO allocations (id, conference_id, user_id, country) VALUES ('73dd6c65-1088-547c-8fe6-c8c656114d34', '28345b10-ae9c-5f4b-bedb-9e60b4928e83', NULL, 'Argentina');
INSERT INTO allocation_gate_codes (allocation_id, code, updated_at) VALUES ('73dd6c65-1088-547c-8fe6-c8c656114d34', 'UNW-001', NOW());
INSERT INTO allocations (id, conference_id, user_id, country) VALUES ('6e79efd3-94a3-50a5-a37c-f724949f8da7', '28345b10-ae9c-5f4b-bedb-9e60b4928e83', NULL, 'Australia');
INSERT INTO allocation_gate_codes (allocation_id, code, updated_at) VALUES ('6e79efd3-94a3-50a5-a37c-f724949f8da7', 'UNW-002', NOW());
INSERT INTO allocations (id, conference_id, user_id, country) VALUES ('a4236eff-317d-5a43-89df-c87bb96690dd', '28345b10-ae9c-5f4b-bedb-9e60b4928e83', NULL, 'Brazil');
INSERT INTO allocation_gate_codes (allocation_id, code, updated_at) VALUES ('a4236eff-317d-5a43-89df-c87bb96690dd', 'UNW-003', NOW());
INSERT INTO allocations (id, conference_id, user_id, country) VALUES ('516b99a7-f774-5444-8581-fd7871bb6ccc', '28345b10-ae9c-5f4b-bedb-9e60b4928e83', NULL, 'Canada');
INSERT INTO allocation_gate_codes (allocation_id, code, updated_at) VALUES ('516b99a7-f774-5444-8581-fd7871bb6ccc', 'UNW-004', NOW());
INSERT INTO allocations (id, conference_id, user_id, country) VALUES ('4b6df715-000f-541c-b6ca-8e7b8cfeb109', '28345b10-ae9c-5f4b-bedb-9e60b4928e83', NULL, 'Chile');
INSERT INTO allocation_gate_codes (allocation_id, code, updated_at) VALUES ('4b6df715-000f-541c-b6ca-8e7b8cfeb109', 'UNW-005', NOW());
INSERT INTO allocations (id, conference_id, user_id, country) VALUES ('62d30260-21a5-507b-a0d2-9f7d457d1f40', '28345b10-ae9c-5f4b-bedb-9e60b4928e83', NULL, 'China');
INSERT INTO allocation_gate_codes (allocation_id, code, updated_at) VALUES ('62d30260-21a5-507b-a0d2-9f7d457d1f40', 'UNW-006', NOW());
INSERT INTO allocations (id, conference_id, user_id, country) VALUES ('abb5537f-2792-56be-947b-51e6e2f17f72', '28345b10-ae9c-5f4b-bedb-9e60b4928e83', NULL, 'Egypt');
INSERT INTO allocation_gate_codes (allocation_id, code, updated_at) VALUES ('abb5537f-2792-56be-947b-51e6e2f17f72', 'UNW-007', NOW());
INSERT INTO allocations (id, conference_id, user_id, country) VALUES ('e5dd36d6-2618-57cc-8c2f-de66ed04fdcf', '28345b10-ae9c-5f4b-bedb-9e60b4928e83', NULL, 'France');
INSERT INTO allocation_gate_codes (allocation_id, code, updated_at) VALUES ('e5dd36d6-2618-57cc-8c2f-de66ed04fdcf', 'UNW-008', NOW());
INSERT INTO allocations (id, conference_id, user_id, country) VALUES ('edda8f78-31f8-5895-bb8f-dbe2a49d9c6a', '28345b10-ae9c-5f4b-bedb-9e60b4928e83', NULL, 'Germany');
INSERT INTO allocation_gate_codes (allocation_id, code, updated_at) VALUES ('edda8f78-31f8-5895-bb8f-dbe2a49d9c6a', 'UNW-009', NOW());
INSERT INTO allocations (id, conference_id, user_id, country) VALUES ('fb176537-52e9-5974-a8ee-74fb5e4a2d44', '28345b10-ae9c-5f4b-bedb-9e60b4928e83', NULL, 'Hungary');
INSERT INTO allocation_gate_codes (allocation_id, code, updated_at) VALUES ('fb176537-52e9-5974-a8ee-74fb5e4a2d44', 'UNW-010', NOW());
INSERT INTO allocations (id, conference_id, user_id, country) VALUES ('707e26df-ecf1-545a-85e5-785303dc9dda', '28345b10-ae9c-5f4b-bedb-9e60b4928e83', NULL, 'Iceland');
INSERT INTO allocation_gate_codes (allocation_id, code, updated_at) VALUES ('707e26df-ecf1-545a-85e5-785303dc9dda', 'UNW-011', NOW());
INSERT INTO allocations (id, conference_id, user_id, country) VALUES ('513db743-5ae0-51ed-9a1e-d663927296d9', '28345b10-ae9c-5f4b-bedb-9e60b4928e83', NULL, 'India');
INSERT INTO allocation_gate_codes (allocation_id, code, updated_at) VALUES ('513db743-5ae0-51ed-9a1e-d663927296d9', 'UNW-012', NOW());
INSERT INTO allocations (id, conference_id, user_id, country) VALUES ('0c3e2476-a309-5d77-8942-aaf3baf38fa6', '28345b10-ae9c-5f4b-bedb-9e60b4928e83', NULL, 'Iran');
INSERT INTO allocation_gate_codes (allocation_id, code, updated_at) VALUES ('0c3e2476-a309-5d77-8942-aaf3baf38fa6', 'UNW-013', NOW());
INSERT INTO allocations (id, conference_id, user_id, country) VALUES ('7fafcfb3-9d88-5c38-9e21-81dd81dedaf0', '28345b10-ae9c-5f4b-bedb-9e60b4928e83', NULL, 'Japan');
INSERT INTO allocation_gate_codes (allocation_id, code, updated_at) VALUES ('7fafcfb3-9d88-5c38-9e21-81dd81dedaf0', 'UNW-014', NOW());
INSERT INTO allocations (id, conference_id, user_id, country) VALUES ('6c12dc13-0931-55fb-b101-5fb0dfa1565a', '28345b10-ae9c-5f4b-bedb-9e60b4928e83', NULL, 'Kenya');
INSERT INTO allocation_gate_codes (allocation_id, code, updated_at) VALUES ('6c12dc13-0931-55fb-b101-5fb0dfa1565a', 'UNW-015', NOW());
INSERT INTO allocations (id, conference_id, user_id, country) VALUES ('a3297269-9e9f-5861-ab35-2dbc73ecfc28', '28345b10-ae9c-5f4b-bedb-9e60b4928e83', NULL, 'Malta');
INSERT INTO allocation_gate_codes (allocation_id, code, updated_at) VALUES ('a3297269-9e9f-5861-ab35-2dbc73ecfc28', 'UNW-016', NOW());
INSERT INTO allocations (id, conference_id, user_id, country) VALUES ('e6847d89-ae15-596d-940a-3f150a7c2c26', '28345b10-ae9c-5f4b-bedb-9e60b4928e83', NULL, 'Mexico');
INSERT INTO allocation_gate_codes (allocation_id, code, updated_at) VALUES ('e6847d89-ae15-596d-940a-3f150a7c2c26', 'UNW-017', NOW());
INSERT INTO allocations (id, conference_id, user_id, country) VALUES ('baf780f7-be69-5907-a6ff-b29becfeb9c7', '28345b10-ae9c-5f4b-bedb-9e60b4928e83', NULL, 'Nigeria');
INSERT INTO allocation_gate_codes (allocation_id, code, updated_at) VALUES ('baf780f7-be69-5907-a6ff-b29becfeb9c7', 'UNW-018', NOW());
INSERT INTO allocations (id, conference_id, user_id, country) VALUES ('76a6f88b-71ad-5a4d-aa5c-3cbd518f2c91', '28345b10-ae9c-5f4b-bedb-9e60b4928e83', NULL, 'Norway');
INSERT INTO allocation_gate_codes (allocation_id, code, updated_at) VALUES ('76a6f88b-71ad-5a4d-aa5c-3cbd518f2c91', 'UNW-019', NOW());
INSERT INTO allocations (id, conference_id, user_id, country) VALUES ('ace4cf41-a23b-50c0-8428-18806d935668', '28345b10-ae9c-5f4b-bedb-9e60b4928e83', NULL, 'Philippines');
INSERT INTO allocation_gate_codes (allocation_id, code, updated_at) VALUES ('ace4cf41-a23b-50c0-8428-18806d935668', 'UNW-020', NOW());
INSERT INTO allocations (id, conference_id, user_id, country) VALUES ('570e6261-bede-5415-92c6-5a87988f096e', '28345b10-ae9c-5f4b-bedb-9e60b4928e83', NULL, 'Poland');
INSERT INTO allocation_gate_codes (allocation_id, code, updated_at) VALUES ('570e6261-bede-5415-92c6-5a87988f096e', 'UNW-021', NOW());
INSERT INTO allocations (id, conference_id, user_id, country) VALUES ('3b00e19d-b67a-5560-8eea-efa4c65a3fa5', '28345b10-ae9c-5f4b-bedb-9e60b4928e83', NULL, 'Saudi Arabia');
INSERT INTO allocation_gate_codes (allocation_id, code, updated_at) VALUES ('3b00e19d-b67a-5560-8eea-efa4c65a3fa5', 'UNW-022', NOW());
INSERT INTO allocations (id, conference_id, user_id, country) VALUES ('39dc4f33-483b-5b95-8c69-d07bff39c546', '28345b10-ae9c-5f4b-bedb-9e60b4928e83', NULL, 'Singapore');
INSERT INTO allocation_gate_codes (allocation_id, code, updated_at) VALUES ('39dc4f33-483b-5b95-8c69-d07bff39c546', 'UNW-023', NOW());
INSERT INTO allocations (id, conference_id, user_id, country) VALUES ('f1e71b05-fa33-5406-9e15-54f01a538037', '28345b10-ae9c-5f4b-bedb-9e60b4928e83', NULL, 'South Africa');
INSERT INTO allocation_gate_codes (allocation_id, code, updated_at) VALUES ('f1e71b05-fa33-5406-9e15-54f01a538037', 'UNW-024', NOW());
INSERT INTO allocations (id, conference_id, user_id, country) VALUES ('a12c8526-642c-5ee1-9b7a-b3a17d79f6be', '28345b10-ae9c-5f4b-bedb-9e60b4928e83', NULL, 'South Korea');
INSERT INTO allocation_gate_codes (allocation_id, code, updated_at) VALUES ('a12c8526-642c-5ee1-9b7a-b3a17d79f6be', 'UNW-025', NOW());
INSERT INTO allocations (id, conference_id, user_id, country) VALUES ('72ca89eb-239a-5e49-88a8-16d681d61cc1', '28345b10-ae9c-5f4b-bedb-9e60b4928e83', NULL, 'Sweden');
INSERT INTO allocation_gate_codes (allocation_id, code, updated_at) VALUES ('72ca89eb-239a-5e49-88a8-16d681d61cc1', 'UNW-026', NOW());
INSERT INTO allocations (id, conference_id, user_id, country) VALUES ('77175192-e896-5f7a-b040-736b97ef886a', '28345b10-ae9c-5f4b-bedb-9e60b4928e83', NULL, 'Thailand');
INSERT INTO allocation_gate_codes (allocation_id, code, updated_at) VALUES ('77175192-e896-5f7a-b040-736b97ef886a', 'UNW-027', NOW());
INSERT INTO allocations (id, conference_id, user_id, country) VALUES ('90095bde-b339-5c8c-8991-676ab4bf1b57', '28345b10-ae9c-5f4b-bedb-9e60b4928e83', NULL, 'United Kingdom');
INSERT INTO allocation_gate_codes (allocation_id, code, updated_at) VALUES ('90095bde-b339-5c8c-8991-676ab4bf1b57', 'UNW-028', NOW());
INSERT INTO allocations (id, conference_id, user_id, country) VALUES ('3067f9e5-27a2-5e39-a081-9674025be19b', '28345b10-ae9c-5f4b-bedb-9e60b4928e83', NULL, 'United States');
INSERT INTO allocation_gate_codes (allocation_id, code, updated_at) VALUES ('3067f9e5-27a2-5e39-a081-9674025be19b', 'UNW-029', NOW());
INSERT INTO allocations (id, conference_id, user_id, country) VALUES ('49f486f9-867d-5878-8c12-e7a388bbba16', '28345b10-ae9c-5f4b-bedb-9e60b4928e83', NULL, 'Vietnam');
INSERT INTO allocation_gate_codes (allocation_id, code, updated_at) VALUES ('49f486f9-867d-5878-8c12-e7a388bbba16', 'UNW-030', NOW());

-- UNODC: 30 allocations
INSERT INTO allocations (id, conference_id, user_id, country) VALUES ('0ff273f1-8cfd-575e-8330-79c5a15cb2e2', '14186852-e855-5f07-82d3-aaa5762aea32', NULL, 'Afghanistan');
INSERT INTO allocation_gate_codes (allocation_id, code, updated_at) VALUES ('0ff273f1-8cfd-575e-8330-79c5a15cb2e2', 'UNO-001', NOW());
INSERT INTO allocations (id, conference_id, user_id, country) VALUES ('1d437afa-bd5d-594d-b341-a26391251e8a', '14186852-e855-5f07-82d3-aaa5762aea32', NULL, 'Argentina');
INSERT INTO allocation_gate_codes (allocation_id, code, updated_at) VALUES ('1d437afa-bd5d-594d-b341-a26391251e8a', 'UNO-002', NOW());
INSERT INTO allocations (id, conference_id, user_id, country) VALUES ('345ccb8e-2b57-5935-a92c-0a0d3bd37ebc', '14186852-e855-5f07-82d3-aaa5762aea32', NULL, 'Australia');
INSERT INTO allocation_gate_codes (allocation_id, code, updated_at) VALUES ('345ccb8e-2b57-5935-a92c-0a0d3bd37ebc', 'UNO-003', NOW());
INSERT INTO allocations (id, conference_id, user_id, country) VALUES ('25edf8e1-f551-5e27-9f0e-c45459caf18a', '14186852-e855-5f07-82d3-aaa5762aea32', NULL, 'Brazil');
INSERT INTO allocation_gate_codes (allocation_id, code, updated_at) VALUES ('25edf8e1-f551-5e27-9f0e-c45459caf18a', 'UNO-004', NOW());
INSERT INTO allocations (id, conference_id, user_id, country) VALUES ('8971608f-4035-5bfe-86d3-7037a3ffb332', '14186852-e855-5f07-82d3-aaa5762aea32', NULL, 'Canada');
INSERT INTO allocation_gate_codes (allocation_id, code, updated_at) VALUES ('8971608f-4035-5bfe-86d3-7037a3ffb332', 'UNO-005', NOW());
INSERT INTO allocations (id, conference_id, user_id, country) VALUES ('df93151c-2faf-5553-85d4-f903aae1beb4', '14186852-e855-5f07-82d3-aaa5762aea32', NULL, 'China');
INSERT INTO allocation_gate_codes (allocation_id, code, updated_at) VALUES ('df93151c-2faf-5553-85d4-f903aae1beb4', 'UNO-006', NOW());
INSERT INTO allocations (id, conference_id, user_id, country) VALUES ('bf53aff3-3fcd-5c42-b3b6-d5ec2fd7e824', '14186852-e855-5f07-82d3-aaa5762aea32', NULL, 'Colombia');
INSERT INTO allocation_gate_codes (allocation_id, code, updated_at) VALUES ('bf53aff3-3fcd-5c42-b3b6-d5ec2fd7e824', 'UNO-007', NOW());
INSERT INTO allocations (id, conference_id, user_id, country) VALUES ('6212a9b6-ad5d-5071-92f9-772f53907fbe', '14186852-e855-5f07-82d3-aaa5762aea32', NULL, 'Estonia');
INSERT INTO allocation_gate_codes (allocation_id, code, updated_at) VALUES ('6212a9b6-ad5d-5071-92f9-772f53907fbe', 'UNO-008', NOW());
INSERT INTO allocations (id, conference_id, user_id, country) VALUES ('1b8a1917-3ef6-5f2e-91c3-30435198fe24', '14186852-e855-5f07-82d3-aaa5762aea32', NULL, 'France');
INSERT INTO allocation_gate_codes (allocation_id, code, updated_at) VALUES ('1b8a1917-3ef6-5f2e-91c3-30435198fe24', 'UNO-009', NOW());
INSERT INTO allocations (id, conference_id, user_id, country) VALUES ('8df86e6f-165a-5a01-a1a8-f170656434fe', '14186852-e855-5f07-82d3-aaa5762aea32', NULL, 'Germany');
INSERT INTO allocation_gate_codes (allocation_id, code, updated_at) VALUES ('8df86e6f-165a-5a01-a1a8-f170656434fe', 'UNO-010', NOW());
INSERT INTO allocations (id, conference_id, user_id, country) VALUES ('ed784066-2fcc-5df0-a3cb-0494ce6d931b', '14186852-e855-5f07-82d3-aaa5762aea32', NULL, 'India');
INSERT INTO allocation_gate_codes (allocation_id, code, updated_at) VALUES ('ed784066-2fcc-5df0-a3cb-0494ce6d931b', 'UNO-011', NOW());
INSERT INTO allocations (id, conference_id, user_id, country) VALUES ('4077bf8a-04f7-5a53-bbac-b370e4857de9', '14186852-e855-5f07-82d3-aaa5762aea32', NULL, 'Indonesia');
INSERT INTO allocation_gate_codes (allocation_id, code, updated_at) VALUES ('4077bf8a-04f7-5a53-bbac-b370e4857de9', 'UNO-012', NOW());
INSERT INTO allocations (id, conference_id, user_id, country) VALUES ('5cd4120f-08ba-5c69-aadb-dc578cc2d892', '14186852-e855-5f07-82d3-aaa5762aea32', NULL, 'Italy');
INSERT INTO allocation_gate_codes (allocation_id, code, updated_at) VALUES ('5cd4120f-08ba-5c69-aadb-dc578cc2d892', 'UNO-013', NOW());
INSERT INTO allocations (id, conference_id, user_id, country) VALUES ('a4c8b171-0d25-5312-b24e-82323526a97b', '14186852-e855-5f07-82d3-aaa5762aea32', NULL, 'Japan');
INSERT INTO allocation_gate_codes (allocation_id, code, updated_at) VALUES ('a4c8b171-0d25-5312-b24e-82323526a97b', 'UNO-014', NOW());
INSERT INTO allocations (id, conference_id, user_id, country) VALUES ('edeec224-a24d-5355-855f-7ee73a83200d', '14186852-e855-5f07-82d3-aaa5762aea32', NULL, 'Kenya');
INSERT INTO allocation_gate_codes (allocation_id, code, updated_at) VALUES ('edeec224-a24d-5355-855f-7ee73a83200d', 'UNO-015', NOW());
INSERT INTO allocations (id, conference_id, user_id, country) VALUES ('1640e216-e845-59f1-a155-0de194e8d909', '14186852-e855-5f07-82d3-aaa5762aea32', NULL, 'Mexico');
INSERT INTO allocation_gate_codes (allocation_id, code, updated_at) VALUES ('1640e216-e845-59f1-a155-0de194e8d909', 'UNO-016', NOW());
INSERT INTO allocations (id, conference_id, user_id, country) VALUES ('abf8cdeb-456e-5949-bf2f-a6f5a21e5f13', '14186852-e855-5f07-82d3-aaa5762aea32', NULL, 'Netherlands');
INSERT INTO allocation_gate_codes (allocation_id, code, updated_at) VALUES ('abf8cdeb-456e-5949-bf2f-a6f5a21e5f13', 'UNO-017', NOW());
INSERT INTO allocations (id, conference_id, user_id, country) VALUES ('4ac7eb79-7a51-55b2-9517-04cd32b1f05a', '14186852-e855-5f07-82d3-aaa5762aea32', NULL, 'Nigeria');
INSERT INTO allocation_gate_codes (allocation_id, code, updated_at) VALUES ('4ac7eb79-7a51-55b2-9517-04cd32b1f05a', 'UNO-018', NOW());
INSERT INTO allocations (id, conference_id, user_id, country) VALUES ('1410c959-2317-51b7-9b3d-54ade5554160', '14186852-e855-5f07-82d3-aaa5762aea32', NULL, 'Philippines');
INSERT INTO allocation_gate_codes (allocation_id, code, updated_at) VALUES ('1410c959-2317-51b7-9b3d-54ade5554160', 'UNO-019', NOW());
INSERT INTO allocations (id, conference_id, user_id, country) VALUES ('17a5d564-4420-537d-89f9-ce3094fe03b8', '14186852-e855-5f07-82d3-aaa5762aea32', NULL, 'Portugal');
INSERT INTO allocation_gate_codes (allocation_id, code, updated_at) VALUES ('17a5d564-4420-537d-89f9-ce3094fe03b8', 'UNO-020', NOW());
INSERT INTO allocations (id, conference_id, user_id, country) VALUES ('12747c13-ce66-5a21-b2b9-db90e0b81884', '14186852-e855-5f07-82d3-aaa5762aea32', NULL, 'Russia');
INSERT INTO allocation_gate_codes (allocation_id, code, updated_at) VALUES ('12747c13-ce66-5a21-b2b9-db90e0b81884', 'UNO-021', NOW());
INSERT INTO allocations (id, conference_id, user_id, country) VALUES ('85155033-0ad7-5697-800b-eb7a75150ca9', '14186852-e855-5f07-82d3-aaa5762aea32', NULL, 'Singapore');
INSERT INTO allocation_gate_codes (allocation_id, code, updated_at) VALUES ('85155033-0ad7-5697-800b-eb7a75150ca9', 'UNO-022', NOW());
INSERT INTO allocations (id, conference_id, user_id, country) VALUES ('f64e1087-e18d-590e-80b7-906e57db8456', '14186852-e855-5f07-82d3-aaa5762aea32', NULL, 'South Africa');
INSERT INTO allocation_gate_codes (allocation_id, code, updated_at) VALUES ('f64e1087-e18d-590e-80b7-906e57db8456', 'UNO-023', NOW());
INSERT INTO allocations (id, conference_id, user_id, country) VALUES ('8add888f-590f-58ce-9b31-cf5c9409e417', '14186852-e855-5f07-82d3-aaa5762aea32', NULL, 'Switzerland');
INSERT INTO allocation_gate_codes (allocation_id, code, updated_at) VALUES ('8add888f-590f-58ce-9b31-cf5c9409e417', 'UNO-024', NOW());
INSERT INTO allocations (id, conference_id, user_id, country) VALUES ('e10ac52b-c456-5a4a-a5f3-2874fd6f19ad', '14186852-e855-5f07-82d3-aaa5762aea32', NULL, 'Thailand');
INSERT INTO allocation_gate_codes (allocation_id, code, updated_at) VALUES ('e10ac52b-c456-5a4a-a5f3-2874fd6f19ad', 'UNO-025', NOW());
INSERT INTO allocations (id, conference_id, user_id, country) VALUES ('f3e49170-b92f-5379-a6b5-6954797cf9f7', '14186852-e855-5f07-82d3-aaa5762aea32', NULL, 'Turkey');
INSERT INTO allocation_gate_codes (allocation_id, code, updated_at) VALUES ('f3e49170-b92f-5379-a6b5-6954797cf9f7', 'UNO-026', NOW());
INSERT INTO allocations (id, conference_id, user_id, country) VALUES ('915c5958-09d5-5e3b-b22c-c0154bdf1b4b', '14186852-e855-5f07-82d3-aaa5762aea32', NULL, 'United Kingdom');
INSERT INTO allocation_gate_codes (allocation_id, code, updated_at) VALUES ('915c5958-09d5-5e3b-b22c-c0154bdf1b4b', 'UNO-027', NOW());
INSERT INTO allocations (id, conference_id, user_id, country) VALUES ('280ff7fd-9830-5f35-8729-4e1f5c8ba48a', '14186852-e855-5f07-82d3-aaa5762aea32', NULL, 'United States');
INSERT INTO allocation_gate_codes (allocation_id, code, updated_at) VALUES ('280ff7fd-9830-5f35-8729-4e1f5c8ba48a', 'UNO-028', NOW());
INSERT INTO allocations (id, conference_id, user_id, country) VALUES ('5fd924e5-ad49-53fd-a367-9232224382bb', '14186852-e855-5f07-82d3-aaa5762aea32', NULL, 'Uruguay');
INSERT INTO allocation_gate_codes (allocation_id, code, updated_at) VALUES ('5fd924e5-ad49-53fd-a367-9232224382bb', 'UNO-029', NOW());
INSERT INTO allocations (id, conference_id, user_id, country) VALUES ('b3ce5722-4e09-51ee-aa73-2cd37ae2d94d', '14186852-e855-5f07-82d3-aaa5762aea32', NULL, 'Vietnam');
INSERT INTO allocation_gate_codes (allocation_id, code, updated_at) VALUES ('b3ce5722-4e09-51ee-aa73-2cd37ae2d94d', 'UNO-030', NOW());

-- WHO: 30 allocations
INSERT INTO allocations (id, conference_id, user_id, country) VALUES ('2394ac72-1b9e-5788-bf62-ef179f2f9f73', '74f36b68-4b60-5b46-b766-623afeb2c377', NULL, 'Argentina');
INSERT INTO allocation_gate_codes (allocation_id, code, updated_at) VALUES ('2394ac72-1b9e-5788-bf62-ef179f2f9f73', 'WHO-001', NOW());
INSERT INTO allocations (id, conference_id, user_id, country) VALUES ('d2f2feec-ad24-516b-9023-52de81576998', '74f36b68-4b60-5b46-b766-623afeb2c377', NULL, 'Australia');
INSERT INTO allocation_gate_codes (allocation_id, code, updated_at) VALUES ('d2f2feec-ad24-516b-9023-52de81576998', 'WHO-002', NOW());
INSERT INTO allocations (id, conference_id, user_id, country) VALUES ('e1723b9e-4199-5b92-a0f6-4f10d411b47e', '74f36b68-4b60-5b46-b766-623afeb2c377', NULL, 'Brazil');
INSERT INTO allocation_gate_codes (allocation_id, code, updated_at) VALUES ('e1723b9e-4199-5b92-a0f6-4f10d411b47e', 'WHO-003', NOW());
INSERT INTO allocations (id, conference_id, user_id, country) VALUES ('8581bec9-d0fa-5ea5-a300-a59b0e648855', '74f36b68-4b60-5b46-b766-623afeb2c377', NULL, 'Canada');
INSERT INTO allocation_gate_codes (allocation_id, code, updated_at) VALUES ('8581bec9-d0fa-5ea5-a300-a59b0e648855', 'WHO-004', NOW());
INSERT INTO allocations (id, conference_id, user_id, country) VALUES ('8ab38c4c-e54f-5aa6-8e07-04de33a744fa', '74f36b68-4b60-5b46-b766-623afeb2c377', NULL, 'China');
INSERT INTO allocation_gate_codes (allocation_id, code, updated_at) VALUES ('8ab38c4c-e54f-5aa6-8e07-04de33a744fa', 'WHO-005', NOW());
INSERT INTO allocations (id, conference_id, user_id, country) VALUES ('d1e91d6f-5053-5279-b3b2-4a548b246941', '74f36b68-4b60-5b46-b766-623afeb2c377', NULL, 'Egypt');
INSERT INTO allocation_gate_codes (allocation_id, code, updated_at) VALUES ('d1e91d6f-5053-5279-b3b2-4a548b246941', 'WHO-006', NOW());
INSERT INTO allocations (id, conference_id, user_id, country) VALUES ('37673cc7-3ec9-5b70-87de-8b6f63d778b2', '74f36b68-4b60-5b46-b766-623afeb2c377', NULL, 'Ethiopia');
INSERT INTO allocation_gate_codes (allocation_id, code, updated_at) VALUES ('37673cc7-3ec9-5b70-87de-8b6f63d778b2', 'WHO-007', NOW());
INSERT INTO allocations (id, conference_id, user_id, country) VALUES ('593dcbfc-fdc2-53c4-abcb-75e975be58ba', '74f36b68-4b60-5b46-b766-623afeb2c377', NULL, 'France');
INSERT INTO allocation_gate_codes (allocation_id, code, updated_at) VALUES ('593dcbfc-fdc2-53c4-abcb-75e975be58ba', 'WHO-008', NOW());
INSERT INTO allocations (id, conference_id, user_id, country) VALUES ('e93cee9d-859c-55df-8597-8c80487bbb42', '74f36b68-4b60-5b46-b766-623afeb2c377', NULL, 'Germany');
INSERT INTO allocation_gate_codes (allocation_id, code, updated_at) VALUES ('e93cee9d-859c-55df-8597-8c80487bbb42', 'WHO-009', NOW());
INSERT INTO allocations (id, conference_id, user_id, country) VALUES ('8cfb1c78-da9f-51ba-adae-93c3c532d436', '74f36b68-4b60-5b46-b766-623afeb2c377', NULL, 'India');
INSERT INTO allocation_gate_codes (allocation_id, code, updated_at) VALUES ('8cfb1c78-da9f-51ba-adae-93c3c532d436', 'WHO-010', NOW());
INSERT INTO allocations (id, conference_id, user_id, country) VALUES ('01a9e457-f4ab-53ea-9aef-dcaf3f20d721', '74f36b68-4b60-5b46-b766-623afeb2c377', NULL, 'Indonesia');
INSERT INTO allocation_gate_codes (allocation_id, code, updated_at) VALUES ('01a9e457-f4ab-53ea-9aef-dcaf3f20d721', 'WHO-011', NOW());
INSERT INTO allocations (id, conference_id, user_id, country) VALUES ('37af3f68-8cec-50ef-b947-b37c3c72ad7a', '74f36b68-4b60-5b46-b766-623afeb2c377', NULL, 'Israel');
INSERT INTO allocation_gate_codes (allocation_id, code, updated_at) VALUES ('37af3f68-8cec-50ef-b947-b37c3c72ad7a', 'WHO-012', NOW());
INSERT INTO allocations (id, conference_id, user_id, country) VALUES ('ba8c3fdc-969e-5ee2-86eb-43d4ff912cd1', '74f36b68-4b60-5b46-b766-623afeb2c377', NULL, 'Italy');
INSERT INTO allocation_gate_codes (allocation_id, code, updated_at) VALUES ('ba8c3fdc-969e-5ee2-86eb-43d4ff912cd1', 'WHO-013', NOW());
INSERT INTO allocations (id, conference_id, user_id, country) VALUES ('87b0c8a0-b395-5dc3-84fc-be9f8286e600', '74f36b68-4b60-5b46-b766-623afeb2c377', NULL, 'Jamaica');
INSERT INTO allocation_gate_codes (allocation_id, code, updated_at) VALUES ('87b0c8a0-b395-5dc3-84fc-be9f8286e600', 'WHO-014', NOW());
INSERT INTO allocations (id, conference_id, user_id, country) VALUES ('db8b85f0-712c-5f38-8519-92edf38a4b7f', '74f36b68-4b60-5b46-b766-623afeb2c377', NULL, 'Japan');
INSERT INTO allocation_gate_codes (allocation_id, code, updated_at) VALUES ('db8b85f0-712c-5f38-8519-92edf38a4b7f', 'WHO-015', NOW());
INSERT INTO allocations (id, conference_id, user_id, country) VALUES ('4557e53b-e7d0-5145-8ac0-b2604fa7370a', '74f36b68-4b60-5b46-b766-623afeb2c377', NULL, 'Mexico');
INSERT INTO allocation_gate_codes (allocation_id, code, updated_at) VALUES ('4557e53b-e7d0-5145-8ac0-b2604fa7370a', 'WHO-016', NOW());
INSERT INTO allocations (id, conference_id, user_id, country) VALUES ('a874b99a-ec51-52b9-8020-7f1c67b4e151', '74f36b68-4b60-5b46-b766-623afeb2c377', NULL, 'Netherlands');
INSERT INTO allocation_gate_codes (allocation_id, code, updated_at) VALUES ('a874b99a-ec51-52b9-8020-7f1c67b4e151', 'WHO-017', NOW());
INSERT INTO allocations (id, conference_id, user_id, country) VALUES ('997951b2-6b86-5564-8b2e-49f50165e004', '74f36b68-4b60-5b46-b766-623afeb2c377', NULL, 'Nigeria');
INSERT INTO allocation_gate_codes (allocation_id, code, updated_at) VALUES ('997951b2-6b86-5564-8b2e-49f50165e004', 'WHO-018', NOW());
INSERT INTO allocations (id, conference_id, user_id, country) VALUES ('34dcf277-db19-5621-bac6-d0f2582b19b1', '74f36b68-4b60-5b46-b766-623afeb2c377', NULL, 'Norway');
INSERT INTO allocation_gate_codes (allocation_id, code, updated_at) VALUES ('34dcf277-db19-5621-bac6-d0f2582b19b1', 'WHO-019', NOW());
INSERT INTO allocations (id, conference_id, user_id, country) VALUES ('3f5dff72-c829-5912-8304-cd8fb0977bd1', '74f36b68-4b60-5b46-b766-623afeb2c377', NULL, 'Russia');
INSERT INTO allocation_gate_codes (allocation_id, code, updated_at) VALUES ('3f5dff72-c829-5912-8304-cd8fb0977bd1', 'WHO-020', NOW());
INSERT INTO allocations (id, conference_id, user_id, country) VALUES ('12ea5484-d7fd-5d24-9ec5-751212349168', '74f36b68-4b60-5b46-b766-623afeb2c377', NULL, 'Saudi Arabia');
INSERT INTO allocation_gate_codes (allocation_id, code, updated_at) VALUES ('12ea5484-d7fd-5d24-9ec5-751212349168', 'WHO-021', NOW());
INSERT INTO allocations (id, conference_id, user_id, country) VALUES ('0a8798fb-9f9b-5bf4-b72c-08eaa3487a04', '74f36b68-4b60-5b46-b766-623afeb2c377', NULL, 'Singapore');
INSERT INTO allocation_gate_codes (allocation_id, code, updated_at) VALUES ('0a8798fb-9f9b-5bf4-b72c-08eaa3487a04', 'WHO-022', NOW());
INSERT INTO allocations (id, conference_id, user_id, country) VALUES ('e400b1ff-5ca8-5a79-8fa6-84e6a17a2ee8', '74f36b68-4b60-5b46-b766-623afeb2c377', NULL, 'South Africa');
INSERT INTO allocation_gate_codes (allocation_id, code, updated_at) VALUES ('e400b1ff-5ca8-5a79-8fa6-84e6a17a2ee8', 'WHO-023', NOW());
INSERT INTO allocations (id, conference_id, user_id, country) VALUES ('ec60f6a2-317b-55ba-b9a1-f3f08a34e361', '74f36b68-4b60-5b46-b766-623afeb2c377', NULL, 'South Korea');
INSERT INTO allocation_gate_codes (allocation_id, code, updated_at) VALUES ('ec60f6a2-317b-55ba-b9a1-f3f08a34e361', 'WHO-024', NOW());
INSERT INTO allocations (id, conference_id, user_id, country) VALUES ('e809e6ce-3ac7-584b-8992-281831a848d4', '74f36b68-4b60-5b46-b766-623afeb2c377', NULL, 'Switzerland');
INSERT INTO allocation_gate_codes (allocation_id, code, updated_at) VALUES ('e809e6ce-3ac7-584b-8992-281831a848d4', 'WHO-025', NOW());
INSERT INTO allocations (id, conference_id, user_id, country) VALUES ('44217ac4-97f7-5d13-9745-a32dede2fe9c', '74f36b68-4b60-5b46-b766-623afeb2c377', NULL, 'Thailand');
INSERT INTO allocation_gate_codes (allocation_id, code, updated_at) VALUES ('44217ac4-97f7-5d13-9745-a32dede2fe9c', 'WHO-026', NOW());
INSERT INTO allocations (id, conference_id, user_id, country) VALUES ('dfe9f3e2-025f-53f2-9df9-623f87997853', '74f36b68-4b60-5b46-b766-623afeb2c377', NULL, 'Turkey');
INSERT INTO allocation_gate_codes (allocation_id, code, updated_at) VALUES ('dfe9f3e2-025f-53f2-9df9-623f87997853', 'WHO-027', NOW());
INSERT INTO allocations (id, conference_id, user_id, country) VALUES ('e7b7cefa-911e-5238-8626-1a938d7c4780', '74f36b68-4b60-5b46-b766-623afeb2c377', NULL, 'United Kingdom');
INSERT INTO allocation_gate_codes (allocation_id, code, updated_at) VALUES ('e7b7cefa-911e-5238-8626-1a938d7c4780', 'WHO-028', NOW());
INSERT INTO allocations (id, conference_id, user_id, country) VALUES ('1856e790-7003-5d8f-8d33-ca0bb15f004a', '74f36b68-4b60-5b46-b766-623afeb2c377', NULL, 'United States');
INSERT INTO allocation_gate_codes (allocation_id, code, updated_at) VALUES ('1856e790-7003-5d8f-8d33-ca0bb15f004a', 'WHO-029', NOW());
INSERT INTO allocations (id, conference_id, user_id, country) VALUES ('0de1f0ab-af40-5c49-82e0-a1568fc50a12', '74f36b68-4b60-5b46-b766-623afeb2c377', NULL, 'Vietnam');
INSERT INTO allocation_gate_codes (allocation_id, code, updated_at) VALUES ('0de1f0ab-af40-5c49-82e0-a1568fc50a12', 'WHO-030', NOW());

COMMIT;
