-- Apply latest generated allocation matrix seed to linked database.
-- Source regenerated from data/allocation-matrix.xlsx.

-- Generated by scripts/parse-allocation-matrix.py — do not edit by hand.
-- Source: data/allocation-matrix.xlsx (Allocation Matrix).
--
-- Creates conferences for 1-2 topics per worksheet; allocations have user_id NULL until
-- chairs assign delegates. allocation_gate_codes.code matches spreadsheet ID.
--
-- WARNING: Deletes existing allocations + gate codes for these conference IDs,
-- then re-inserts. Run on dev/staging or when you intentionally refresh the matrix.


INSERT INTO conferences (id, name, committee, created_at, event_id, committee_code, room_code) VALUES ('28dd6b38-d4a0-523b-a80c-ab10d8dfcd02', 'The Question of Implementing Globally Coordinated Universal Basic Income (UBI) as a Public Health Strategy', 'ECOSOC', '2026-03-24T12:28:00Z', '11111111-1111-1111-1111-111111111101', 'ECO032', 'ECO032') ON CONFLICT (id) DO UPDATE SET name = EXCLUDED.name, committee = EXCLUDED.committee, created_at = EXCLUDED.created_at, event_id = EXCLUDED.event_id, committee_code = EXCLUDED.committee_code, room_code = EXCLUDED.room_code;
INSERT INTO conferences (id, name, committee, created_at, event_id, committee_code, room_code) VALUES ('f304963e-97b0-5c16-8f5d-cf7127f9ea1c', 'The Question of Establishing Frameworks for Reallocating Global Military Expenditure to Public Health Infrastructure', 'ECOSOC', '2026-03-24T12:29:00Z', '11111111-1111-1111-1111-111111111101', 'ECO368', 'ECO368') ON CONFLICT (id) DO UPDATE SET name = EXCLUDED.name, committee = EXCLUDED.committee, created_at = EXCLUDED.created_at, event_id = EXCLUDED.event_id, committee_code = EXCLUDED.committee_code, room_code = EXCLUDED.room_code;
INSERT INTO conferences (id, name, committee, created_at, event_id, committee_code, room_code) VALUES ('0a2c8468-5781-50e6-9f5f-cd766df02b19', 'The Question of Implementing Durability and Longevity Standards for Critical Car Components to Optimize Component Lifecycles and Minimize Material and Energy Waste', 'F1', '2026-03-24T12:26:00Z', '11111111-1111-1111-1111-111111111101', 'F1X156', 'F1X156') ON CONFLICT (id) DO UPDATE SET name = EXCLUDED.name, committee = EXCLUDED.committee, created_at = EXCLUDED.created_at, event_id = EXCLUDED.event_id, committee_code = EXCLUDED.committee_code, room_code = EXCLUDED.room_code;
INSERT INTO conferences (id, name, committee, created_at, event_id, committee_code, room_code) VALUES ('6234a695-6c01-5c67-8c58-3d2ae943e97f', 'The Question of Analyzing the Socio-Economic and Infrastructure Impacts of Hosting a New Grand Prix, with a Focus on Mitigating Urban Congestion and Logistics in Highly Populated Cities With a Focus on the Possible F1 Grand Prix of 2028 in Bangkok', 'F1', '2026-03-24T12:27:00Z', '11111111-1111-1111-1111-111111111101', 'F1X910', 'F1X910') ON CONFLICT (id) DO UPDATE SET name = EXCLUDED.name, committee = EXCLUDED.committee, created_at = EXCLUDED.created_at, event_id = EXCLUDED.event_id, committee_code = EXCLUDED.committee_code, room_code = EXCLUDED.room_code;
INSERT INTO conferences (id, name, committee, created_at, event_id, committee_code, room_code) VALUES ('8a544b29-0a9f-5162-9db9-f2eab400ea0d', 'The Question of Determining Journalistic Ethics in Reporting on Public Health and Global Affairs', 'Press Corps', '2026-03-24T12:24:00Z', '11111111-1111-1111-1111-111111111101', 'PRE184', 'PRE184') ON CONFLICT (id) DO UPDATE SET name = EXCLUDED.name, committee = EXCLUDED.committee, created_at = EXCLUDED.created_at, event_id = EXCLUDED.event_id, committee_code = EXCLUDED.committee_code, room_code = EXCLUDED.room_code;
INSERT INTO conferences (id, name, committee, created_at, event_id, committee_code, room_code) VALUES ('ac0cb54b-2fef-530c-b067-ff836a07e2e7', 'The Question of Strengthening Maternal, Neo-Natal, and Post-Partum Healthcare Systems to Significantly Reduce Preventable Maternal and Infant Mortality and Morbidity', 'UNICEF', '2026-03-24T12:22:00Z', '11111111-1111-1111-1111-111111111101', 'UNI858', 'UNI858') ON CONFLICT (id) DO UPDATE SET name = EXCLUDED.name, committee = EXCLUDED.committee, created_at = EXCLUDED.created_at, event_id = EXCLUDED.event_id, committee_code = EXCLUDED.committee_code, room_code = EXCLUDED.room_code;
INSERT INTO conferences (id, name, committee, created_at, event_id, committee_code, room_code) VALUES ('43b6a984-c25b-50eb-9c6f-f84bf88f31f5', 'The Question of Recommending Policy Frameworks to Encourage Employer-Supported Flexible Work Arrangements and Parental Leave to Facilitate Early Childhood Development and Strengthen Parent-Child Bonding', 'UNICEF', '2026-03-24T12:23:00Z', '11111111-1111-1111-1111-111111111101', 'UNI119', 'UNI119') ON CONFLICT (id) DO UPDATE SET name = EXCLUDED.name, committee = EXCLUDED.committee, created_at = EXCLUDED.created_at, event_id = EXCLUDED.event_id, committee_code = EXCLUDED.committee_code, room_code = EXCLUDED.room_code;
INSERT INTO conferences (id, name, committee, created_at, event_id, committee_code, room_code) VALUES ('82c8e317-7602-5cd3-9a54-cb99fd29e510', 'The Question of Addressing the Socio-Economic Impact of Inflation and the Rising Cost of Living on Vulnerable Populations across Europe', 'EU Parli', '2026-03-24T12:20:00Z', '11111111-1111-1111-1111-111111111101', 'EUP178', 'EUP178') ON CONFLICT (id) DO UPDATE SET name = EXCLUDED.name, committee = EXCLUDED.committee, created_at = EXCLUDED.created_at, event_id = EXCLUDED.event_id, committee_code = EXCLUDED.committee_code, room_code = EXCLUDED.room_code;
INSERT INTO conferences (id, name, committee, created_at, event_id, committee_code, room_code) VALUES ('ea335867-32b5-5120-9c09-4756fd9b899d', 'The Question of Standardization in Policies Across Europe to Prevent Poverty Driven Cycles of Crime', 'EU Parli', '2026-03-24T12:21:00Z', '11111111-1111-1111-1111-111111111101', 'EUP735', 'EUP735') ON CONFLICT (id) DO UPDATE SET name = EXCLUDED.name, committee = EXCLUDED.committee, created_at = EXCLUDED.created_at, event_id = EXCLUDED.event_id, committee_code = EXCLUDED.committee_code, room_code = EXCLUDED.room_code;
INSERT INTO conferences (id, name, committee, created_at, event_id, committee_code, room_code) VALUES ('1d9403b0-90ba-596d-b384-12a56904e2c7', 'The Question of Developing and Standardizing Inclusive Education Policies and Necessary Accommodations to Ensure Full and Equitable Access to Learning for Neurodivergent Students', 'UNESCO', '2026-03-24T12:18:00Z', '11111111-1111-1111-1111-111111111101', 'UNE650', 'UNE650') ON CONFLICT (id) DO UPDATE SET name = EXCLUDED.name, committee = EXCLUDED.committee, created_at = EXCLUDED.created_at, event_id = EXCLUDED.event_id, committee_code = EXCLUDED.committee_code, room_code = EXCLUDED.room_code;
INSERT INTO conferences (id, name, committee, created_at, event_id, committee_code, room_code) VALUES ('c528128f-e345-53de-87af-08b959d88aeb', 'The Question of Establishing Guidelines for the Mandatory and Comprehensive Integration of Historical Failures, Atrocities, and Human Rights Violations into National Education Curricula to Promote Reconciliation and Prevent Future Recurrence', 'UNESCO', '2026-03-24T12:19:00Z', '11111111-1111-1111-1111-111111111101', 'UNE953', 'UNE953') ON CONFLICT (id) DO UPDATE SET name = EXCLUDED.name, committee = EXCLUDED.committee, created_at = EXCLUDED.created_at, event_id = EXCLUDED.event_id, committee_code = EXCLUDED.committee_code, room_code = EXCLUDED.room_code;
INSERT INTO conferences (id, name, committee, created_at, event_id, committee_code, room_code) VALUES ('997909f3-6e59-5c48-9490-e2a5e698d060', 'The Question of the Standardization of the Abolition or Application of the Death Penalty', 'UNHRC', '2026-03-24T12:16:00Z', '11111111-1111-1111-1111-111111111101', 'UNH659', 'UNH659') ON CONFLICT (id) DO UPDATE SET name = EXCLUDED.name, committee = EXCLUDED.committee, created_at = EXCLUDED.created_at, event_id = EXCLUDED.event_id, committee_code = EXCLUDED.committee_code, room_code = EXCLUDED.room_code;
INSERT INTO conferences (id, name, committee, created_at, event_id, committee_code, room_code) VALUES ('e69e3c59-db81-5536-8490-f7f939526461', 'The Question of Preventing Cruel, Inhuman, or Degrading Treatment within Global Prison Systems', 'UNHRC', '2026-03-24T12:17:00Z', '11111111-1111-1111-1111-111111111101', 'UNH917', 'UNH917') ON CONFLICT (id) DO UPDATE SET name = EXCLUDED.name, committee = EXCLUDED.committee, created_at = EXCLUDED.created_at, event_id = EXCLUDED.event_id, committee_code = EXCLUDED.committee_code, room_code = EXCLUDED.room_code;
INSERT INTO conferences (id, name, committee, created_at, event_id, committee_code, room_code) VALUES ('0dda7eac-a7d1-5dd0-81dc-3e3446338e1c', 'The Question of Developing Public Health Alternatives to Criminal Conviction for Personal Drug Use', 'UNODC', '2026-03-24T12:14:00Z', '11111111-1111-1111-1111-111111111101', 'UNO708', 'UNO708') ON CONFLICT (id) DO UPDATE SET name = EXCLUDED.name, committee = EXCLUDED.committee, created_at = EXCLUDED.created_at, event_id = EXCLUDED.event_id, committee_code = EXCLUDED.committee_code, room_code = EXCLUDED.room_code;
INSERT INTO conferences (id, name, committee, created_at, event_id, committee_code, room_code) VALUES ('9a0f8f27-c813-54c2-8f3f-ec970a7ae18f', 'The Question of Addressing the Inter-generational Impacts of Addiction and Substance Abuse', 'UNODC', '2026-03-24T12:15:00Z', '11111111-1111-1111-1111-111111111101', 'UNO643', 'UNO643') ON CONFLICT (id) DO UPDATE SET name = EXCLUDED.name, committee = EXCLUDED.committee, created_at = EXCLUDED.created_at, event_id = EXCLUDED.event_id, committee_code = EXCLUDED.committee_code, room_code = EXCLUDED.room_code;
INSERT INTO conferences (id, name, committee, created_at, event_id, committee_code, room_code) VALUES ('e2b02bf8-bd34-5fce-a231-318de3f818b2', 'The Question of Standardizing Peacekeeping Operations for Effective Global Implementation and Medical Support', 'UNSC', '2026-03-24T12:12:00Z', '11111111-1111-1111-1111-111111111101', 'UNS668', 'UNS668') ON CONFLICT (id) DO UPDATE SET name = EXCLUDED.name, committee = EXCLUDED.committee, created_at = EXCLUDED.created_at, event_id = EXCLUDED.event_id, committee_code = EXCLUDED.committee_code, room_code = EXCLUDED.room_code;
INSERT INTO conferences (id, name, committee, created_at, event_id, committee_code, room_code) VALUES ('d15774ac-8751-53f3-85f8-19750979f897', 'The Question of Protecting Reproductive Autonomy and Abortion Access as Universal Health Rights', 'UN Women', '2026-03-24T12:10:00Z', '11111111-1111-1111-1111-111111111101', 'UNW627', 'UNW627') ON CONFLICT (id) DO UPDATE SET name = EXCLUDED.name, committee = EXCLUDED.committee, created_at = EXCLUDED.created_at, event_id = EXCLUDED.event_id, committee_code = EXCLUDED.committee_code, room_code = EXCLUDED.room_code;
INSERT INTO conferences (id, name, committee, created_at, event_id, committee_code, room_code) VALUES ('66798af7-78b5-5e91-8b42-2a0038ef3a2a', 'The Question of Establishing Universal Childcare as a Fundamental Human Right', 'UN Women', '2026-03-24T12:11:00Z', '11111111-1111-1111-1111-111111111101', 'UNW075', 'UNW075') ON CONFLICT (id) DO UPDATE SET name = EXCLUDED.name, committee = EXCLUDED.committee, created_at = EXCLUDED.created_at, event_id = EXCLUDED.event_id, committee_code = EXCLUDED.committee_code, room_code = EXCLUDED.room_code;
INSERT INTO conferences (id, name, committee, created_at, event_id, committee_code, room_code) VALUES ('f890e3d3-e965-57e9-a4bb-40058ee40f96', 'The Question of Strengthening International Protocols and Logistics for Securing the Cross-Border Transport of Lethal Weapons', 'DISEC', '2026-03-24T12:08:00Z', '11111111-1111-1111-1111-111111111101', 'DIS711', 'DIS711') ON CONFLICT (id) DO UPDATE SET name = EXCLUDED.name, committee = EXCLUDED.committee, created_at = EXCLUDED.created_at, event_id = EXCLUDED.event_id, committee_code = EXCLUDED.committee_code, room_code = EXCLUDED.room_code;
INSERT INTO conferences (id, name, committee, created_at, event_id, committee_code, room_code) VALUES ('51a2a065-93b3-5af9-9554-c61730727c64', 'The Question of Developing Mechanisms to Prevent the Diversion of Legally Traded Conventional Arms to Illicit Markets and Non-State Actors', 'DISEC', '2026-03-24T12:09:00Z', '11111111-1111-1111-1111-111111111101', 'DIS676', 'DIS676') ON CONFLICT (id) DO UPDATE SET name = EXCLUDED.name, committee = EXCLUDED.committee, created_at = EXCLUDED.created_at, event_id = EXCLUDED.event_id, committee_code = EXCLUDED.committee_code, room_code = EXCLUDED.room_code;
INSERT INTO conferences (id, name, committee, created_at, event_id, committee_code, room_code) VALUES ('5ed866f9-bd94-5207-8ea1-10e0936d4595', 'The Question of Preventing Harm Caused by Psychic/Psychokinetic Child Experimentation and Ensuring the Protection and Rehabilitation of Gifted Minors', 'FWC - Stranger Things', '2026-03-24T12:06:00Z', '11111111-1111-1111-1111-111111111101', 'FWC633', 'FWC633') ON CONFLICT (id) DO UPDATE SET name = EXCLUDED.name, committee = EXCLUDED.committee, created_at = EXCLUDED.created_at, event_id = EXCLUDED.event_id, committee_code = EXCLUDED.committee_code, room_code = EXCLUDED.room_code;
INSERT INTO conferences (id, name, committee, created_at, event_id, committee_code, room_code) VALUES ('91c83106-5e5f-53cf-9356-4e9ab025306a', 'The Question of Addressing the Weaponization of the Human Mind and Establishing International Protocols for the Containment and Non-Proliferation of Psychic Technologies', 'FWC - Stranger Things', '2026-03-24T12:07:00Z', '11111111-1111-1111-1111-111111111101', 'FWC581', 'FWC581') ON CONFLICT (id) DO UPDATE SET name = EXCLUDED.name, committee = EXCLUDED.committee, created_at = EXCLUDED.created_at, event_id = EXCLUDED.event_id, committee_code = EXCLUDED.committee_code, room_code = EXCLUDED.room_code;
INSERT INTO conferences (id, name, committee, created_at, event_id, committee_code, room_code) VALUES ('3151a6d9-d887-5cf7-a363-b320bbc84633', 'SARS Outbreak (2002-2004)', 'HSC', '2026-03-24T12:04:00Z', '11111111-1111-1111-1111-111111111101', 'HSC156', 'HSC156') ON CONFLICT (id) DO UPDATE SET name = EXCLUDED.name, committee = EXCLUDED.committee, created_at = EXCLUDED.created_at, event_id = EXCLUDED.event_id, committee_code = EXCLUDED.committee_code, room_code = EXCLUDED.room_code;
INSERT INTO conferences (id, name, committee, created_at, event_id, committee_code, room_code) VALUES ('ce8715f3-e03b-53c5-bc87-042ee592b03e', 'The Black Death (1346-1353)', 'HSC', '2026-03-24T12:05:00Z', '11111111-1111-1111-1111-111111111101', 'HSC261', 'HSC261') ON CONFLICT (id) DO UPDATE SET name = EXCLUDED.name, committee = EXCLUDED.committee, created_at = EXCLUDED.created_at, event_id = EXCLUDED.event_id, committee_code = EXCLUDED.committee_code, room_code = EXCLUDED.room_code;
INSERT INTO conferences (id, name, committee, created_at, event_id, committee_code, room_code) VALUES ('a2401203-2286-5021-bd4e-72667c1eb8d2', 'The Question of Combating Underground Medical Markets and Unregulated Surgical Procedures', 'Interpol', '2026-03-24T12:02:00Z', '11111111-1111-1111-1111-111111111101', 'INT780', 'INT780') ON CONFLICT (id) DO UPDATE SET name = EXCLUDED.name, committee = EXCLUDED.committee, created_at = EXCLUDED.created_at, event_id = EXCLUDED.event_id, committee_code = EXCLUDED.committee_code, room_code = EXCLUDED.room_code;
INSERT INTO conferences (id, name, committee, created_at, event_id, committee_code, room_code) VALUES ('79e87b23-e4e5-5a62-aaf8-dfd06a7805da', 'The Question of Disrupting Narcotics Trafficking Networks in the Schengen and Golden Triangle Regions', 'Interpol', '2026-03-24T12:03:00Z', '11111111-1111-1111-1111-111111111101', 'INT677', 'INT677') ON CONFLICT (id) DO UPDATE SET name = EXCLUDED.name, committee = EXCLUDED.committee, created_at = EXCLUDED.created_at, event_id = EXCLUDED.event_id, committee_code = EXCLUDED.committee_code, room_code = EXCLUDED.room_code;
INSERT INTO conferences (id, name, committee, created_at, event_id, committee_code, room_code) VALUES ('46dbbb89-e1f7-5e30-81a9-b17dd75711f8', 'The Question of Examining the Ethical and Regulatory Landscape for the Clinical Use of Psychadelic Drugs in the Treatment of Trauma-Based Mental Health Conditions', 'WHO', '2026-03-24T12:00:00Z', '11111111-1111-1111-1111-111111111101', 'WHO804', 'WHO804') ON CONFLICT (id) DO UPDATE SET name = EXCLUDED.name, committee = EXCLUDED.committee, created_at = EXCLUDED.created_at, event_id = EXCLUDED.event_id, committee_code = EXCLUDED.committee_code, room_code = EXCLUDED.room_code;
INSERT INTO conferences (id, name, committee, created_at, event_id, committee_code, room_code) VALUES ('bd186a99-d4b9-5b56-90d8-2a2c49b4674c', 'The Question of Examining Measures for Combating, Addressing, and Recovering from Pandemics or Severe Outbreaks', 'WHO', '2026-03-24T12:01:00Z', '11111111-1111-1111-1111-111111111101', 'WHO656', 'WHO656') ON CONFLICT (id) DO UPDATE SET name = EXCLUDED.name, committee = EXCLUDED.committee, created_at = EXCLUDED.created_at, event_id = EXCLUDED.event_id, committee_code = EXCLUDED.committee_code, room_code = EXCLUDED.room_code;

DELETE FROM allocation_gate_codes WHERE allocation_id IN (SELECT id FROM allocations WHERE conference_id IN ('28dd6b38-d4a0-523b-a80c-ab10d8dfcd02', 'f304963e-97b0-5c16-8f5d-cf7127f9ea1c', '0a2c8468-5781-50e6-9f5f-cd766df02b19', '6234a695-6c01-5c67-8c58-3d2ae943e97f', '8a544b29-0a9f-5162-9db9-f2eab400ea0d', 'ac0cb54b-2fef-530c-b067-ff836a07e2e7', '43b6a984-c25b-50eb-9c6f-f84bf88f31f5', '82c8e317-7602-5cd3-9a54-cb99fd29e510', 'ea335867-32b5-5120-9c09-4756fd9b899d', '1d9403b0-90ba-596d-b384-12a56904e2c7', 'c528128f-e345-53de-87af-08b959d88aeb', '997909f3-6e59-5c48-9490-e2a5e698d060', 'e69e3c59-db81-5536-8490-f7f939526461', '0dda7eac-a7d1-5dd0-81dc-3e3446338e1c', '9a0f8f27-c813-54c2-8f3f-ec970a7ae18f', 'e2b02bf8-bd34-5fce-a231-318de3f818b2', 'd15774ac-8751-53f3-85f8-19750979f897', '66798af7-78b5-5e91-8b42-2a0038ef3a2a', 'f890e3d3-e965-57e9-a4bb-40058ee40f96', '51a2a065-93b3-5af9-9554-c61730727c64', '5ed866f9-bd94-5207-8ea1-10e0936d4595', '91c83106-5e5f-53cf-9356-4e9ab025306a', '3151a6d9-d887-5cf7-a363-b320bbc84633', 'ce8715f3-e03b-53c5-bc87-042ee592b03e', 'a2401203-2286-5021-bd4e-72667c1eb8d2', '79e87b23-e4e5-5a62-aaf8-dfd06a7805da', '46dbbb89-e1f7-5e30-81a9-b17dd75711f8', 'bd186a99-d4b9-5b56-90d8-2a2c49b4674c'));
DELETE FROM allocations WHERE conference_id IN ('28dd6b38-d4a0-523b-a80c-ab10d8dfcd02', 'f304963e-97b0-5c16-8f5d-cf7127f9ea1c', '0a2c8468-5781-50e6-9f5f-cd766df02b19', '6234a695-6c01-5c67-8c58-3d2ae943e97f', '8a544b29-0a9f-5162-9db9-f2eab400ea0d', 'ac0cb54b-2fef-530c-b067-ff836a07e2e7', '43b6a984-c25b-50eb-9c6f-f84bf88f31f5', '82c8e317-7602-5cd3-9a54-cb99fd29e510', 'ea335867-32b5-5120-9c09-4756fd9b899d', '1d9403b0-90ba-596d-b384-12a56904e2c7', 'c528128f-e345-53de-87af-08b959d88aeb', '997909f3-6e59-5c48-9490-e2a5e698d060', 'e69e3c59-db81-5536-8490-f7f939526461', '0dda7eac-a7d1-5dd0-81dc-3e3446338e1c', '9a0f8f27-c813-54c2-8f3f-ec970a7ae18f', 'e2b02bf8-bd34-5fce-a231-318de3f818b2', 'd15774ac-8751-53f3-85f8-19750979f897', '66798af7-78b5-5e91-8b42-2a0038ef3a2a', 'f890e3d3-e965-57e9-a4bb-40058ee40f96', '51a2a065-93b3-5af9-9554-c61730727c64', '5ed866f9-bd94-5207-8ea1-10e0936d4595', '91c83106-5e5f-53cf-9356-4e9ab025306a', '3151a6d9-d887-5cf7-a363-b320bbc84633', 'ce8715f3-e03b-53c5-bc87-042ee592b03e', 'a2401203-2286-5021-bd4e-72667c1eb8d2', '79e87b23-e4e5-5a62-aaf8-dfd06a7805da', '46dbbb89-e1f7-5e30-81a9-b17dd75711f8', 'bd186a99-d4b9-5b56-90d8-2a2c49b4674c');

-- ECOSOC topic 1: 30 allocations
INSERT INTO allocations (id, conference_id, user_id, country) VALUES ('b08bf29d-557e-5e8b-b907-ece5096b3c7f', '28dd6b38-d4a0-523b-a80c-ab10d8dfcd02', NULL, 'Argentina');
INSERT INTO allocation_gate_codes (allocation_id, code, updated_at) VALUES ('b08bf29d-557e-5e8b-b907-ece5096b3c7f', 'ECO-001', NOW());
INSERT INTO allocations (id, conference_id, user_id, country) VALUES ('2f711e4a-4e6e-5a87-9f12-56a4919523b1', '28dd6b38-d4a0-523b-a80c-ab10d8dfcd02', NULL, 'Australia');
INSERT INTO allocation_gate_codes (allocation_id, code, updated_at) VALUES ('2f711e4a-4e6e-5a87-9f12-56a4919523b1', 'ECO-002', NOW());
INSERT INTO allocations (id, conference_id, user_id, country) VALUES ('9b6f32ea-35f8-54dc-a682-482599aed99c', '28dd6b38-d4a0-523b-a80c-ab10d8dfcd02', NULL, 'Bangladesh');
INSERT INTO allocation_gate_codes (allocation_id, code, updated_at) VALUES ('9b6f32ea-35f8-54dc-a682-482599aed99c', 'ECO-003', NOW());
INSERT INTO allocations (id, conference_id, user_id, country) VALUES ('a469663a-577f-5fb7-96f6-47b5fb492e7f', '28dd6b38-d4a0-523b-a80c-ab10d8dfcd02', NULL, 'Brazil');
INSERT INTO allocation_gate_codes (allocation_id, code, updated_at) VALUES ('a469663a-577f-5fb7-96f6-47b5fb492e7f', 'ECO-004', NOW());
INSERT INTO allocations (id, conference_id, user_id, country) VALUES ('e3673a24-f0ff-51f5-9209-a07851fcd5bb', '28dd6b38-d4a0-523b-a80c-ab10d8dfcd02', NULL, 'Canada');
INSERT INTO allocation_gate_codes (allocation_id, code, updated_at) VALUES ('e3673a24-f0ff-51f5-9209-a07851fcd5bb', 'ECO-005', NOW());
INSERT INTO allocations (id, conference_id, user_id, country) VALUES ('bd2ee87d-19fc-5646-afba-5659e023a764', '28dd6b38-d4a0-523b-a80c-ab10d8dfcd02', NULL, 'China');
INSERT INTO allocation_gate_codes (allocation_id, code, updated_at) VALUES ('bd2ee87d-19fc-5646-afba-5659e023a764', 'ECO-006', NOW());
INSERT INTO allocations (id, conference_id, user_id, country) VALUES ('9f811149-84eb-5695-92bc-1cb8b9f463b2', '28dd6b38-d4a0-523b-a80c-ab10d8dfcd02', NULL, 'Costa Rica');
INSERT INTO allocation_gate_codes (allocation_id, code, updated_at) VALUES ('9f811149-84eb-5695-92bc-1cb8b9f463b2', 'ECO-007', NOW());
INSERT INTO allocations (id, conference_id, user_id, country) VALUES ('fd177452-241d-567e-b201-2ce61b04d576', '28dd6b38-d4a0-523b-a80c-ab10d8dfcd02', NULL, 'Cuba');
INSERT INTO allocation_gate_codes (allocation_id, code, updated_at) VALUES ('fd177452-241d-567e-b201-2ce61b04d576', 'ECO-008', NOW());
INSERT INTO allocations (id, conference_id, user_id, country) VALUES ('63e3022a-9001-5dc2-a638-54a624415388', '28dd6b38-d4a0-523b-a80c-ab10d8dfcd02', NULL, 'Ethiopia');
INSERT INTO allocation_gate_codes (allocation_id, code, updated_at) VALUES ('63e3022a-9001-5dc2-a638-54a624415388', 'ECO-009', NOW());
INSERT INTO allocations (id, conference_id, user_id, country) VALUES ('6e96a259-5f05-50fa-9add-7a8698549c11', '28dd6b38-d4a0-523b-a80c-ab10d8dfcd02', NULL, 'Finland');
INSERT INTO allocation_gate_codes (allocation_id, code, updated_at) VALUES ('6e96a259-5f05-50fa-9add-7a8698549c11', 'ECO-010', NOW());
INSERT INTO allocations (id, conference_id, user_id, country) VALUES ('76cc6370-375b-56e4-94ed-9091b3fd2427', '28dd6b38-d4a0-523b-a80c-ab10d8dfcd02', NULL, 'France');
INSERT INTO allocation_gate_codes (allocation_id, code, updated_at) VALUES ('76cc6370-375b-56e4-94ed-9091b3fd2427', 'ECO-011', NOW());
INSERT INTO allocations (id, conference_id, user_id, country) VALUES ('c40ab6d0-6452-529b-b034-fc4f84f692ff', '28dd6b38-d4a0-523b-a80c-ab10d8dfcd02', NULL, 'Germany');
INSERT INTO allocation_gate_codes (allocation_id, code, updated_at) VALUES ('c40ab6d0-6452-529b-b034-fc4f84f692ff', 'ECO-012', NOW());
INSERT INTO allocations (id, conference_id, user_id, country) VALUES ('f9792195-81ed-5fbd-a0c7-7369cc024968', '28dd6b38-d4a0-523b-a80c-ab10d8dfcd02', NULL, 'India');
INSERT INTO allocation_gate_codes (allocation_id, code, updated_at) VALUES ('f9792195-81ed-5fbd-a0c7-7369cc024968', 'ECO-013', NOW());
INSERT INTO allocations (id, conference_id, user_id, country) VALUES ('965b898d-9ad0-5445-9b99-f38e23bc5922', '28dd6b38-d4a0-523b-a80c-ab10d8dfcd02', NULL, 'Indonesia');
INSERT INTO allocation_gate_codes (allocation_id, code, updated_at) VALUES ('965b898d-9ad0-5445-9b99-f38e23bc5922', 'ECO-014', NOW());
INSERT INTO allocations (id, conference_id, user_id, country) VALUES ('994bc47a-a967-5d64-8ab7-6fb583bb3453', '28dd6b38-d4a0-523b-a80c-ab10d8dfcd02', NULL, 'Israel');
INSERT INTO allocation_gate_codes (allocation_id, code, updated_at) VALUES ('994bc47a-a967-5d64-8ab7-6fb583bb3453', 'ECO-015', NOW());
INSERT INTO allocations (id, conference_id, user_id, country) VALUES ('1bf8b352-3d84-5a0d-8725-8d485ebe1c39', '28dd6b38-d4a0-523b-a80c-ab10d8dfcd02', NULL, 'Italy');
INSERT INTO allocation_gate_codes (allocation_id, code, updated_at) VALUES ('1bf8b352-3d84-5a0d-8725-8d485ebe1c39', 'ECO-016', NOW());
INSERT INTO allocations (id, conference_id, user_id, country) VALUES ('7e2db99b-2490-5ff9-a271-eb1b97020258', '28dd6b38-d4a0-523b-a80c-ab10d8dfcd02', NULL, 'Japan');
INSERT INTO allocation_gate_codes (allocation_id, code, updated_at) VALUES ('7e2db99b-2490-5ff9-a271-eb1b97020258', 'ECO-017', NOW());
INSERT INTO allocations (id, conference_id, user_id, country) VALUES ('53885e2e-7587-5bb8-891a-43810a8f718d', '28dd6b38-d4a0-523b-a80c-ab10d8dfcd02', NULL, 'Mexico');
INSERT INTO allocation_gate_codes (allocation_id, code, updated_at) VALUES ('53885e2e-7587-5bb8-891a-43810a8f718d', 'ECO-018', NOW());
INSERT INTO allocations (id, conference_id, user_id, country) VALUES ('ffe3d911-8dcb-5b2f-aa72-e6f091eb8bdc', '28dd6b38-d4a0-523b-a80c-ab10d8dfcd02', NULL, 'Nigeria');
INSERT INTO allocation_gate_codes (allocation_id, code, updated_at) VALUES ('ffe3d911-8dcb-5b2f-aa72-e6f091eb8bdc', 'ECO-019', NOW());
INSERT INTO allocations (id, conference_id, user_id, country) VALUES ('921eb2fe-e133-550f-b42f-b4c23164fb49', '28dd6b38-d4a0-523b-a80c-ab10d8dfcd02', NULL, 'Norway');
INSERT INTO allocation_gate_codes (allocation_id, code, updated_at) VALUES ('921eb2fe-e133-550f-b42f-b4c23164fb49', 'ECO-020', NOW());
INSERT INTO allocations (id, conference_id, user_id, country) VALUES ('b88e730c-8b41-5acd-a899-f6fd6755a78d', '28dd6b38-d4a0-523b-a80c-ab10d8dfcd02', NULL, 'Russia');
INSERT INTO allocation_gate_codes (allocation_id, code, updated_at) VALUES ('b88e730c-8b41-5acd-a899-f6fd6755a78d', 'ECO-021', NOW());
INSERT INTO allocations (id, conference_id, user_id, country) VALUES ('bf993696-e720-5b78-9aa8-a50e974855d9', '28dd6b38-d4a0-523b-a80c-ab10d8dfcd02', NULL, 'Saudi Arabia');
INSERT INTO allocation_gate_codes (allocation_id, code, updated_at) VALUES ('bf993696-e720-5b78-9aa8-a50e974855d9', 'ECO-022', NOW());
INSERT INTO allocations (id, conference_id, user_id, country) VALUES ('a2b94a39-0cf8-55c9-9755-4df8d5f8e9dc', '28dd6b38-d4a0-523b-a80c-ab10d8dfcd02', NULL, 'Singapore');
INSERT INTO allocation_gate_codes (allocation_id, code, updated_at) VALUES ('a2b94a39-0cf8-55c9-9755-4df8d5f8e9dc', 'ECO-023', NOW());
INSERT INTO allocations (id, conference_id, user_id, country) VALUES ('34f6aadf-98c7-5547-b150-9133675ed534', '28dd6b38-d4a0-523b-a80c-ab10d8dfcd02', NULL, 'South Africa');
INSERT INTO allocation_gate_codes (allocation_id, code, updated_at) VALUES ('34f6aadf-98c7-5547-b150-9133675ed534', 'ECO-024', NOW());
INSERT INTO allocations (id, conference_id, user_id, country) VALUES ('dc140689-891d-5223-9e6e-6a70ef37f75e', '28dd6b38-d4a0-523b-a80c-ab10d8dfcd02', NULL, 'South Korea');
INSERT INTO allocation_gate_codes (allocation_id, code, updated_at) VALUES ('dc140689-891d-5223-9e6e-6a70ef37f75e', 'ECO-025', NOW());
INSERT INTO allocations (id, conference_id, user_id, country) VALUES ('b03907a7-d714-55df-b4ab-1c45f919a56d', '28dd6b38-d4a0-523b-a80c-ab10d8dfcd02', NULL, 'Switzerland');
INSERT INTO allocation_gate_codes (allocation_id, code, updated_at) VALUES ('b03907a7-d714-55df-b4ab-1c45f919a56d', 'ECO-026', NOW());
INSERT INTO allocations (id, conference_id, user_id, country) VALUES ('4672b286-d288-5cb9-9d51-cde40df49e7d', '28dd6b38-d4a0-523b-a80c-ab10d8dfcd02', NULL, 'Thailand');
INSERT INTO allocation_gate_codes (allocation_id, code, updated_at) VALUES ('4672b286-d288-5cb9-9d51-cde40df49e7d', 'ECO-027', NOW());
INSERT INTO allocations (id, conference_id, user_id, country) VALUES ('268738a9-fd6d-5ecd-b87d-70e44ae48663', '28dd6b38-d4a0-523b-a80c-ab10d8dfcd02', NULL, 'United Kingdom');
INSERT INTO allocation_gate_codes (allocation_id, code, updated_at) VALUES ('268738a9-fd6d-5ecd-b87d-70e44ae48663', 'ECO-028', NOW());
INSERT INTO allocations (id, conference_id, user_id, country) VALUES ('90207fc4-90a5-539a-a287-9457f380c1bf', '28dd6b38-d4a0-523b-a80c-ab10d8dfcd02', NULL, 'United States');
INSERT INTO allocation_gate_codes (allocation_id, code, updated_at) VALUES ('90207fc4-90a5-539a-a287-9457f380c1bf', 'ECO-029', NOW());
INSERT INTO allocations (id, conference_id, user_id, country) VALUES ('15e997f9-baf3-5db3-8151-2238c61b5c77', '28dd6b38-d4a0-523b-a80c-ab10d8dfcd02', NULL, 'Vietnam');
INSERT INTO allocation_gate_codes (allocation_id, code, updated_at) VALUES ('15e997f9-baf3-5db3-8151-2238c61b5c77', 'ECO-030', NOW());

-- ECOSOC topic 2: 30 allocations
INSERT INTO allocations (id, conference_id, user_id, country) VALUES ('b2b4125e-40be-5b76-a37b-f939af07a3b7', 'f304963e-97b0-5c16-8f5d-cf7127f9ea1c', NULL, 'Argentina');
INSERT INTO allocation_gate_codes (allocation_id, code, updated_at) VALUES ('b2b4125e-40be-5b76-a37b-f939af07a3b7', 'ECO-001', NOW());
INSERT INTO allocations (id, conference_id, user_id, country) VALUES ('d79d4597-ad21-5308-84d9-801fd92800ac', 'f304963e-97b0-5c16-8f5d-cf7127f9ea1c', NULL, 'Australia');
INSERT INTO allocation_gate_codes (allocation_id, code, updated_at) VALUES ('d79d4597-ad21-5308-84d9-801fd92800ac', 'ECO-002', NOW());
INSERT INTO allocations (id, conference_id, user_id, country) VALUES ('52959345-2387-5112-8ad9-17d7ed3944d5', 'f304963e-97b0-5c16-8f5d-cf7127f9ea1c', NULL, 'Bangladesh');
INSERT INTO allocation_gate_codes (allocation_id, code, updated_at) VALUES ('52959345-2387-5112-8ad9-17d7ed3944d5', 'ECO-003', NOW());
INSERT INTO allocations (id, conference_id, user_id, country) VALUES ('34b323d0-5246-5283-ad21-9b7ec7ea1b17', 'f304963e-97b0-5c16-8f5d-cf7127f9ea1c', NULL, 'Brazil');
INSERT INTO allocation_gate_codes (allocation_id, code, updated_at) VALUES ('34b323d0-5246-5283-ad21-9b7ec7ea1b17', 'ECO-004', NOW());
INSERT INTO allocations (id, conference_id, user_id, country) VALUES ('f2557e48-84a3-55aa-bae9-bfc7e685fc7b', 'f304963e-97b0-5c16-8f5d-cf7127f9ea1c', NULL, 'Canada');
INSERT INTO allocation_gate_codes (allocation_id, code, updated_at) VALUES ('f2557e48-84a3-55aa-bae9-bfc7e685fc7b', 'ECO-005', NOW());
INSERT INTO allocations (id, conference_id, user_id, country) VALUES ('9c62be0a-0783-5740-b6ea-b0104471ac85', 'f304963e-97b0-5c16-8f5d-cf7127f9ea1c', NULL, 'China');
INSERT INTO allocation_gate_codes (allocation_id, code, updated_at) VALUES ('9c62be0a-0783-5740-b6ea-b0104471ac85', 'ECO-006', NOW());
INSERT INTO allocations (id, conference_id, user_id, country) VALUES ('ba962201-d4bb-5033-bc41-27e01c8a29c5', 'f304963e-97b0-5c16-8f5d-cf7127f9ea1c', NULL, 'Costa Rica');
INSERT INTO allocation_gate_codes (allocation_id, code, updated_at) VALUES ('ba962201-d4bb-5033-bc41-27e01c8a29c5', 'ECO-007', NOW());
INSERT INTO allocations (id, conference_id, user_id, country) VALUES ('34ad1deb-3c2a-5e3c-ba13-1d369e0a8431', 'f304963e-97b0-5c16-8f5d-cf7127f9ea1c', NULL, 'Cuba');
INSERT INTO allocation_gate_codes (allocation_id, code, updated_at) VALUES ('34ad1deb-3c2a-5e3c-ba13-1d369e0a8431', 'ECO-008', NOW());
INSERT INTO allocations (id, conference_id, user_id, country) VALUES ('9b12418a-cbe5-5de0-ad7d-7d44f05f8f09', 'f304963e-97b0-5c16-8f5d-cf7127f9ea1c', NULL, 'Ethiopia');
INSERT INTO allocation_gate_codes (allocation_id, code, updated_at) VALUES ('9b12418a-cbe5-5de0-ad7d-7d44f05f8f09', 'ECO-009', NOW());
INSERT INTO allocations (id, conference_id, user_id, country) VALUES ('cd903d9b-9b34-5081-a9d8-80691afb425e', 'f304963e-97b0-5c16-8f5d-cf7127f9ea1c', NULL, 'Finland');
INSERT INTO allocation_gate_codes (allocation_id, code, updated_at) VALUES ('cd903d9b-9b34-5081-a9d8-80691afb425e', 'ECO-010', NOW());
INSERT INTO allocations (id, conference_id, user_id, country) VALUES ('10847e34-3f47-54f6-9b63-7893fad518ed', 'f304963e-97b0-5c16-8f5d-cf7127f9ea1c', NULL, 'France');
INSERT INTO allocation_gate_codes (allocation_id, code, updated_at) VALUES ('10847e34-3f47-54f6-9b63-7893fad518ed', 'ECO-011', NOW());
INSERT INTO allocations (id, conference_id, user_id, country) VALUES ('c6eebab4-8ab4-5b2f-8a88-0cb4dcde2348', 'f304963e-97b0-5c16-8f5d-cf7127f9ea1c', NULL, 'Germany');
INSERT INTO allocation_gate_codes (allocation_id, code, updated_at) VALUES ('c6eebab4-8ab4-5b2f-8a88-0cb4dcde2348', 'ECO-012', NOW());
INSERT INTO allocations (id, conference_id, user_id, country) VALUES ('3fe85654-9125-50ab-9abe-4f3b03b4b306', 'f304963e-97b0-5c16-8f5d-cf7127f9ea1c', NULL, 'India');
INSERT INTO allocation_gate_codes (allocation_id, code, updated_at) VALUES ('3fe85654-9125-50ab-9abe-4f3b03b4b306', 'ECO-013', NOW());
INSERT INTO allocations (id, conference_id, user_id, country) VALUES ('d629b785-e7e8-5668-aadf-e463881a8e9e', 'f304963e-97b0-5c16-8f5d-cf7127f9ea1c', NULL, 'Indonesia');
INSERT INTO allocation_gate_codes (allocation_id, code, updated_at) VALUES ('d629b785-e7e8-5668-aadf-e463881a8e9e', 'ECO-014', NOW());
INSERT INTO allocations (id, conference_id, user_id, country) VALUES ('52a3fc19-2547-5fc6-aa68-edd6e031b2b7', 'f304963e-97b0-5c16-8f5d-cf7127f9ea1c', NULL, 'Israel');
INSERT INTO allocation_gate_codes (allocation_id, code, updated_at) VALUES ('52a3fc19-2547-5fc6-aa68-edd6e031b2b7', 'ECO-015', NOW());
INSERT INTO allocations (id, conference_id, user_id, country) VALUES ('364333f7-edf8-5be2-acb5-aa7febf41128', 'f304963e-97b0-5c16-8f5d-cf7127f9ea1c', NULL, 'Italy');
INSERT INTO allocation_gate_codes (allocation_id, code, updated_at) VALUES ('364333f7-edf8-5be2-acb5-aa7febf41128', 'ECO-016', NOW());
INSERT INTO allocations (id, conference_id, user_id, country) VALUES ('eb137525-4fdf-5f0f-8070-6ddbdcfdbd24', 'f304963e-97b0-5c16-8f5d-cf7127f9ea1c', NULL, 'Japan');
INSERT INTO allocation_gate_codes (allocation_id, code, updated_at) VALUES ('eb137525-4fdf-5f0f-8070-6ddbdcfdbd24', 'ECO-017', NOW());
INSERT INTO allocations (id, conference_id, user_id, country) VALUES ('b84e2b5f-4912-5d9f-afa2-774b0cfb6928', 'f304963e-97b0-5c16-8f5d-cf7127f9ea1c', NULL, 'Mexico');
INSERT INTO allocation_gate_codes (allocation_id, code, updated_at) VALUES ('b84e2b5f-4912-5d9f-afa2-774b0cfb6928', 'ECO-018', NOW());
INSERT INTO allocations (id, conference_id, user_id, country) VALUES ('cf136bab-ef64-567a-9a13-c787f954f213', 'f304963e-97b0-5c16-8f5d-cf7127f9ea1c', NULL, 'Nigeria');
INSERT INTO allocation_gate_codes (allocation_id, code, updated_at) VALUES ('cf136bab-ef64-567a-9a13-c787f954f213', 'ECO-019', NOW());
INSERT INTO allocations (id, conference_id, user_id, country) VALUES ('14ea60ec-a91f-5fae-bcc0-2cc03b7e1973', 'f304963e-97b0-5c16-8f5d-cf7127f9ea1c', NULL, 'Norway');
INSERT INTO allocation_gate_codes (allocation_id, code, updated_at) VALUES ('14ea60ec-a91f-5fae-bcc0-2cc03b7e1973', 'ECO-020', NOW());
INSERT INTO allocations (id, conference_id, user_id, country) VALUES ('dd0a18c3-2efb-5bd4-838f-f8533fdb4363', 'f304963e-97b0-5c16-8f5d-cf7127f9ea1c', NULL, 'Russia');
INSERT INTO allocation_gate_codes (allocation_id, code, updated_at) VALUES ('dd0a18c3-2efb-5bd4-838f-f8533fdb4363', 'ECO-021', NOW());
INSERT INTO allocations (id, conference_id, user_id, country) VALUES ('d174fe13-ab07-5b89-8138-c82463f73279', 'f304963e-97b0-5c16-8f5d-cf7127f9ea1c', NULL, 'Saudi Arabia');
INSERT INTO allocation_gate_codes (allocation_id, code, updated_at) VALUES ('d174fe13-ab07-5b89-8138-c82463f73279', 'ECO-022', NOW());
INSERT INTO allocations (id, conference_id, user_id, country) VALUES ('6ae8ad74-c723-5701-8c29-3db5f88ab991', 'f304963e-97b0-5c16-8f5d-cf7127f9ea1c', NULL, 'Singapore');
INSERT INTO allocation_gate_codes (allocation_id, code, updated_at) VALUES ('6ae8ad74-c723-5701-8c29-3db5f88ab991', 'ECO-023', NOW());
INSERT INTO allocations (id, conference_id, user_id, country) VALUES ('a7fd8656-7ba8-5ede-8a48-a12c1b7cafdb', 'f304963e-97b0-5c16-8f5d-cf7127f9ea1c', NULL, 'South Africa');
INSERT INTO allocation_gate_codes (allocation_id, code, updated_at) VALUES ('a7fd8656-7ba8-5ede-8a48-a12c1b7cafdb', 'ECO-024', NOW());
INSERT INTO allocations (id, conference_id, user_id, country) VALUES ('fd74e9f5-44ca-52de-a946-cbf9499313ed', 'f304963e-97b0-5c16-8f5d-cf7127f9ea1c', NULL, 'South Korea');
INSERT INTO allocation_gate_codes (allocation_id, code, updated_at) VALUES ('fd74e9f5-44ca-52de-a946-cbf9499313ed', 'ECO-025', NOW());
INSERT INTO allocations (id, conference_id, user_id, country) VALUES ('c351dbf3-c5f9-5225-b68d-30bb7c430dc2', 'f304963e-97b0-5c16-8f5d-cf7127f9ea1c', NULL, 'Switzerland');
INSERT INTO allocation_gate_codes (allocation_id, code, updated_at) VALUES ('c351dbf3-c5f9-5225-b68d-30bb7c430dc2', 'ECO-026', NOW());
INSERT INTO allocations (id, conference_id, user_id, country) VALUES ('664b27b0-548b-5204-80ee-262371297e1d', 'f304963e-97b0-5c16-8f5d-cf7127f9ea1c', NULL, 'Thailand');
INSERT INTO allocation_gate_codes (allocation_id, code, updated_at) VALUES ('664b27b0-548b-5204-80ee-262371297e1d', 'ECO-027', NOW());
INSERT INTO allocations (id, conference_id, user_id, country) VALUES ('6860310e-d3e1-583c-be88-a266b7959c2f', 'f304963e-97b0-5c16-8f5d-cf7127f9ea1c', NULL, 'United Kingdom');
INSERT INTO allocation_gate_codes (allocation_id, code, updated_at) VALUES ('6860310e-d3e1-583c-be88-a266b7959c2f', 'ECO-028', NOW());
INSERT INTO allocations (id, conference_id, user_id, country) VALUES ('5bb5172f-37e4-5657-9bef-684ad7e08f7d', 'f304963e-97b0-5c16-8f5d-cf7127f9ea1c', NULL, 'United States');
INSERT INTO allocation_gate_codes (allocation_id, code, updated_at) VALUES ('5bb5172f-37e4-5657-9bef-684ad7e08f7d', 'ECO-029', NOW());
INSERT INTO allocations (id, conference_id, user_id, country) VALUES ('bf267a39-7ae3-5abb-acb0-833f68a145c4', 'f304963e-97b0-5c16-8f5d-cf7127f9ea1c', NULL, 'Vietnam');
INSERT INTO allocation_gate_codes (allocation_id, code, updated_at) VALUES ('bf267a39-7ae3-5abb-acb0-833f68a145c4', 'ECO-030', NOW());

-- F1 topic 1: 15 allocations
INSERT INTO allocations (id, conference_id, user_id, country) VALUES ('51df8ce0-fb09-5ac6-aeb3-956fbf332061', '0a2c8468-5781-50e6-9f5f-cd766df02b19', NULL, 'Adrian Newey');
INSERT INTO allocation_gate_codes (allocation_id, code, updated_at) VALUES ('51df8ce0-fb09-5ac6-aeb3-956fbf332061', 'F1-001', NOW());
INSERT INTO allocations (id, conference_id, user_id, country) VALUES ('ab44848f-052c-5615-ade8-e16765a64399', '0a2c8468-5781-50e6-9f5f-cd766df02b19', NULL, 'Alexander Albon');
INSERT INTO allocation_gate_codes (allocation_id, code, updated_at) VALUES ('ab44848f-052c-5615-ade8-e16765a64399', 'F1-002', NOW());
INSERT INTO allocations (id, conference_id, user_id, country) VALUES ('33e59626-a094-5818-9285-4719bfd5a1cc', '0a2c8468-5781-50e6-9f5f-cd766df02b19', NULL, 'Andrea Stella');
INSERT INTO allocation_gate_codes (allocation_id, code, updated_at) VALUES ('33e59626-a094-5818-9285-4719bfd5a1cc', 'F1-003', NOW());
INSERT INTO allocations (id, conference_id, user_id, country) VALUES ('22b8b415-142f-5c43-a5c6-c24777b8b6d2', '0a2c8468-5781-50e6-9f5f-cd766df02b19', NULL, 'Dr. Kongsak Yodmani');
INSERT INTO allocation_gate_codes (allocation_id, code, updated_at) VALUES ('22b8b415-142f-5c43-a5c6-c24777b8b6d2', 'F1-004', NOW());
INSERT INTO allocations (id, conference_id, user_id, country) VALUES ('6bee0484-17f9-58a9-bacc-f8e4940a5736', '0a2c8468-5781-50e6-9f5f-cd766df02b19', NULL, 'Fred Vasseur');
INSERT INTO allocation_gate_codes (allocation_id, code, updated_at) VALUES ('6bee0484-17f9-58a9-bacc-f8e4940a5736', 'F1-005', NOW());
INSERT INTO allocations (id, conference_id, user_id, country) VALUES ('d358aabb-c277-581c-9a82-c17d258dcb9d', '0a2c8468-5781-50e6-9f5f-cd766df02b19', NULL, 'Graeme Lowdon');
INSERT INTO allocation_gate_codes (allocation_id, code, updated_at) VALUES ('d358aabb-c277-581c-9a82-c17d258dcb9d', 'F1-006', NOW());
INSERT INTO allocations (id, conference_id, user_id, country) VALUES ('68d27c9a-6e17-5dca-8733-1671b44516be', '0a2c8468-5781-50e6-9f5f-cd766df02b19', NULL, 'John C. Malone');
INSERT INTO allocation_gate_codes (allocation_id, code, updated_at) VALUES ('68d27c9a-6e17-5dca-8733-1671b44516be', 'F1-007', NOW());
INSERT INTO allocations (id, conference_id, user_id, country) VALUES ('386d2c53-df84-5496-938d-454f495152f6', '0a2c8468-5781-50e6-9f5f-cd766df02b19', NULL, 'Jonathan Wheatley');
INSERT INTO allocation_gate_codes (allocation_id, code, updated_at) VALUES ('386d2c53-df84-5496-938d-454f495152f6', 'F1-008', NOW());
INSERT INTO allocations (id, conference_id, user_id, country) VALUES ('99767670-3d16-5284-b9a3-c2887db64adc', '0a2c8468-5781-50e6-9f5f-cd766df02b19', NULL, 'Laurent Mekies');
INSERT INTO allocation_gate_codes (allocation_id, code, updated_at) VALUES ('99767670-3d16-5284-b9a3-c2887db64adc', 'F1-009', NOW());
INSERT INTO allocations (id, conference_id, user_id, country) VALUES ('a6db757f-2e6f-5fb4-b016-7277040fa44b', '0a2c8468-5781-50e6-9f5f-cd766df02b19', NULL, 'Mohammed Ben Sulayem');
INSERT INTO allocation_gate_codes (allocation_id, code, updated_at) VALUES ('a6db757f-2e6f-5fb4-b016-7277040fa44b', 'F1-010', NOW());
INSERT INTO allocations (id, conference_id, user_id, country) VALUES ('cf11b339-28f6-507e-a4e8-b9a3c227b630', '0a2c8468-5781-50e6-9f5f-cd766df02b19', NULL, 'Nikolas Tombazis');
INSERT INTO allocation_gate_codes (allocation_id, code, updated_at) VALUES ('cf11b339-28f6-507e-a4e8-b9a3c227b630', 'F1-011', NOW());
INSERT INTO allocations (id, conference_id, user_id, country) VALUES ('0c426c05-2f94-5f2d-878a-1a257c36cccd', '0a2c8468-5781-50e6-9f5f-cd766df02b19', NULL, 'Paetongtarn');
INSERT INTO allocation_gate_codes (allocation_id, code, updated_at) VALUES ('0c426c05-2f94-5f2d-878a-1a257c36cccd', 'F1-012', NOW());
INSERT INTO allocations (id, conference_id, user_id, country) VALUES ('6d40857f-3b5c-561e-85fa-9ff33540d78b', '0a2c8468-5781-50e6-9f5f-cd766df02b19', NULL, 'Srettha Thavisin');
INSERT INTO allocation_gate_codes (allocation_id, code, updated_at) VALUES ('6d40857f-3b5c-561e-85fa-9ff33540d78b', 'F1-013', NOW());
INSERT INTO allocations (id, conference_id, user_id, country) VALUES ('64739e5b-8a0e-5c13-9d04-35982f5d72c8', '0a2c8468-5781-50e6-9f5f-cd766df02b19', NULL, 'Stefano Domenicali');
INSERT INTO allocation_gate_codes (allocation_id, code, updated_at) VALUES ('64739e5b-8a0e-5c13-9d04-35982f5d72c8', 'F1-014', NOW());
INSERT INTO allocations (id, conference_id, user_id, country) VALUES ('c87447f1-d69c-5a02-893f-910fdcbe8a8a', '0a2c8468-5781-50e6-9f5f-cd766df02b19', NULL, 'Toto Wolff');
INSERT INTO allocation_gate_codes (allocation_id, code, updated_at) VALUES ('c87447f1-d69c-5a02-893f-910fdcbe8a8a', 'F1-015', NOW());

-- F1 topic 2: 15 allocations
INSERT INTO allocations (id, conference_id, user_id, country) VALUES ('78e5886a-875d-551d-84bc-cfb54c7a34db', '6234a695-6c01-5c67-8c58-3d2ae943e97f', NULL, 'Adrian Newey');
INSERT INTO allocation_gate_codes (allocation_id, code, updated_at) VALUES ('78e5886a-875d-551d-84bc-cfb54c7a34db', 'F1-001', NOW());
INSERT INTO allocations (id, conference_id, user_id, country) VALUES ('727e665c-d881-5ba0-a76d-4fac4fab1643', '6234a695-6c01-5c67-8c58-3d2ae943e97f', NULL, 'Alexander Albon');
INSERT INTO allocation_gate_codes (allocation_id, code, updated_at) VALUES ('727e665c-d881-5ba0-a76d-4fac4fab1643', 'F1-002', NOW());
INSERT INTO allocations (id, conference_id, user_id, country) VALUES ('4b00deb7-4c3c-5394-890f-89fefc8c1684', '6234a695-6c01-5c67-8c58-3d2ae943e97f', NULL, 'Andrea Stella');
INSERT INTO allocation_gate_codes (allocation_id, code, updated_at) VALUES ('4b00deb7-4c3c-5394-890f-89fefc8c1684', 'F1-003', NOW());
INSERT INTO allocations (id, conference_id, user_id, country) VALUES ('c9c369da-62fb-51f0-ba5d-150e95eac5b3', '6234a695-6c01-5c67-8c58-3d2ae943e97f', NULL, 'Dr. Kongsak Yodmani');
INSERT INTO allocation_gate_codes (allocation_id, code, updated_at) VALUES ('c9c369da-62fb-51f0-ba5d-150e95eac5b3', 'F1-004', NOW());
INSERT INTO allocations (id, conference_id, user_id, country) VALUES ('1a46aa03-d088-5aae-b571-c3fe28d28ca3', '6234a695-6c01-5c67-8c58-3d2ae943e97f', NULL, 'Fred Vasseur');
INSERT INTO allocation_gate_codes (allocation_id, code, updated_at) VALUES ('1a46aa03-d088-5aae-b571-c3fe28d28ca3', 'F1-005', NOW());
INSERT INTO allocations (id, conference_id, user_id, country) VALUES ('7a5884ec-6769-5794-9a00-b9e790330078', '6234a695-6c01-5c67-8c58-3d2ae943e97f', NULL, 'Graeme Lowdon');
INSERT INTO allocation_gate_codes (allocation_id, code, updated_at) VALUES ('7a5884ec-6769-5794-9a00-b9e790330078', 'F1-006', NOW());
INSERT INTO allocations (id, conference_id, user_id, country) VALUES ('7f5eb3cb-2194-5813-be1e-6355454db424', '6234a695-6c01-5c67-8c58-3d2ae943e97f', NULL, 'John C. Malone');
INSERT INTO allocation_gate_codes (allocation_id, code, updated_at) VALUES ('7f5eb3cb-2194-5813-be1e-6355454db424', 'F1-007', NOW());
INSERT INTO allocations (id, conference_id, user_id, country) VALUES ('a468f762-6eb8-5db0-8cc3-6d6e0631a9b2', '6234a695-6c01-5c67-8c58-3d2ae943e97f', NULL, 'Jonathan Wheatley');
INSERT INTO allocation_gate_codes (allocation_id, code, updated_at) VALUES ('a468f762-6eb8-5db0-8cc3-6d6e0631a9b2', 'F1-008', NOW());
INSERT INTO allocations (id, conference_id, user_id, country) VALUES ('70465dd2-f267-5a47-aab8-a86a4b6626c6', '6234a695-6c01-5c67-8c58-3d2ae943e97f', NULL, 'Laurent Mekies');
INSERT INTO allocation_gate_codes (allocation_id, code, updated_at) VALUES ('70465dd2-f267-5a47-aab8-a86a4b6626c6', 'F1-009', NOW());
INSERT INTO allocations (id, conference_id, user_id, country) VALUES ('53175749-e62e-5a21-a6d5-48c2ae15229b', '6234a695-6c01-5c67-8c58-3d2ae943e97f', NULL, 'Mohammed Ben Sulayem');
INSERT INTO allocation_gate_codes (allocation_id, code, updated_at) VALUES ('53175749-e62e-5a21-a6d5-48c2ae15229b', 'F1-010', NOW());
INSERT INTO allocations (id, conference_id, user_id, country) VALUES ('f9382d63-caf7-5770-9f05-5ec9ed9d693e', '6234a695-6c01-5c67-8c58-3d2ae943e97f', NULL, 'Nikolas Tombazis');
INSERT INTO allocation_gate_codes (allocation_id, code, updated_at) VALUES ('f9382d63-caf7-5770-9f05-5ec9ed9d693e', 'F1-011', NOW());
INSERT INTO allocations (id, conference_id, user_id, country) VALUES ('feb86067-d1fb-55ac-87ff-838119487572', '6234a695-6c01-5c67-8c58-3d2ae943e97f', NULL, 'Paetongtarn');
INSERT INTO allocation_gate_codes (allocation_id, code, updated_at) VALUES ('feb86067-d1fb-55ac-87ff-838119487572', 'F1-012', NOW());
INSERT INTO allocations (id, conference_id, user_id, country) VALUES ('8047a106-46d4-506f-a8b0-40d47f668e91', '6234a695-6c01-5c67-8c58-3d2ae943e97f', NULL, 'Srettha Thavisin');
INSERT INTO allocation_gate_codes (allocation_id, code, updated_at) VALUES ('8047a106-46d4-506f-a8b0-40d47f668e91', 'F1-013', NOW());
INSERT INTO allocations (id, conference_id, user_id, country) VALUES ('0ae1c867-3cee-5e19-a3df-629249963e07', '6234a695-6c01-5c67-8c58-3d2ae943e97f', NULL, 'Stefano Domenicali');
INSERT INTO allocation_gate_codes (allocation_id, code, updated_at) VALUES ('0ae1c867-3cee-5e19-a3df-629249963e07', 'F1-014', NOW());
INSERT INTO allocations (id, conference_id, user_id, country) VALUES ('af913791-1692-5d28-845f-02d52eb0399e', '6234a695-6c01-5c67-8c58-3d2ae943e97f', NULL, 'Toto Wolff');
INSERT INTO allocation_gate_codes (allocation_id, code, updated_at) VALUES ('af913791-1692-5d28-845f-02d52eb0399e', 'F1-015', NOW());

-- Press Corps topic 1: 20 allocations
INSERT INTO allocations (id, conference_id, user_id, country) VALUES ('be9f6df9-05ad-5b01-8110-1f192751a978', '8a544b29-0a9f-5162-9db9-f2eab400ea0d', NULL, 'Al Jazeera');
INSERT INTO allocation_gate_codes (allocation_id, code, updated_at) VALUES ('be9f6df9-05ad-5b01-8110-1f192751a978', 'PC-001', NOW());
INSERT INTO allocations (id, conference_id, user_id, country) VALUES ('cc4286a8-837b-59a5-9ed8-d388c1632df6', '8a544b29-0a9f-5162-9db9-f2eab400ea0d', NULL, 'Bangkok Post');
INSERT INTO allocation_gate_codes (allocation_id, code, updated_at) VALUES ('cc4286a8-837b-59a5-9ed8-d388c1632df6', 'PC-002', NOW());
INSERT INTO allocations (id, conference_id, user_id, country) VALUES ('1ba258a8-6213-5713-a5da-8ac84d7586e8', '8a544b29-0a9f-5162-9db9-f2eab400ea0d', NULL, 'BBC News');
INSERT INTO allocation_gate_codes (allocation_id, code, updated_at) VALUES ('1ba258a8-6213-5713-a5da-8ac84d7586e8', 'PC-003', NOW());
INSERT INTO allocations (id, conference_id, user_id, country) VALUES ('4f7f74e3-e746-5dce-a908-140dfdf3b3d4', '8a544b29-0a9f-5162-9db9-f2eab400ea0d', NULL, 'CNN');
INSERT INTO allocation_gate_codes (allocation_id, code, updated_at) VALUES ('4f7f74e3-e746-5dce-a908-140dfdf3b3d4', 'PC-004', NOW());
INSERT INTO allocations (id, conference_id, user_id, country) VALUES ('7dd9ebda-48b1-518b-96c3-5d904e91f544', '8a544b29-0a9f-5162-9db9-f2eab400ea0d', NULL, 'Deutsche Welle (DW)');
INSERT INTO allocation_gate_codes (allocation_id, code, updated_at) VALUES ('7dd9ebda-48b1-518b-96c3-5d904e91f544', 'PC-005', NOW());
INSERT INTO allocations (id, conference_id, user_id, country) VALUES ('c92f8a76-8a09-5ee7-bd94-7b7ae0bbe1f5', '8a544b29-0a9f-5162-9db9-f2eab400ea0d', NULL, 'Fox News');
INSERT INTO allocation_gate_codes (allocation_id, code, updated_at) VALUES ('c92f8a76-8a09-5ee7-bd94-7b7ae0bbe1f5', 'PC-006', NOW());
INSERT INTO allocations (id, conference_id, user_id, country) VALUES ('8a39c36e-1aaf-5858-ae61-9b4213ec48b7', '8a544b29-0a9f-5162-9db9-f2eab400ea0d', NULL, 'NPR');
INSERT INTO allocation_gate_codes (allocation_id, code, updated_at) VALUES ('8a39c36e-1aaf-5858-ae61-9b4213ec48b7', 'PC-007', NOW());
INSERT INTO allocations (id, conference_id, user_id, country) VALUES ('9cbeed94-e3fb-520b-ac39-913cdea5c8de', '8a544b29-0a9f-5162-9db9-f2eab400ea0d', NULL, 'Reuters');
INSERT INTO allocation_gate_codes (allocation_id, code, updated_at) VALUES ('9cbeed94-e3fb-520b-ac39-913cdea5c8de', 'PC-008', NOW());
INSERT INTO allocations (id, conference_id, user_id, country) VALUES ('b0ac847c-f588-5ebe-9be1-c94b4274c7e0', '8a544b29-0a9f-5162-9db9-f2eab400ea0d', NULL, 'Russia Today');
INSERT INTO allocation_gate_codes (allocation_id, code, updated_at) VALUES ('b0ac847c-f588-5ebe-9be1-c94b4274c7e0', 'PC-009', NOW());
INSERT INTO allocations (id, conference_id, user_id, country) VALUES ('e39dd2c4-b639-5a8c-bce2-cb23a61f906e', '8a544b29-0a9f-5162-9db9-f2eab400ea0d', NULL, 'The Associated Press (AP)');
INSERT INTO allocation_gate_codes (allocation_id, code, updated_at) VALUES ('e39dd2c4-b639-5a8c-bce2-cb23a61f906e', 'PC-010', NOW());
INSERT INTO allocations (id, conference_id, user_id, country) VALUES ('04972946-bf45-5c06-87ab-588414600d81', '8a544b29-0a9f-5162-9db9-f2eab400ea0d', NULL, 'The Guardian');
INSERT INTO allocation_gate_codes (allocation_id, code, updated_at) VALUES ('04972946-bf45-5c06-87ab-588414600d81', 'PC-011', NOW());
INSERT INTO allocations (id, conference_id, user_id, country) VALUES ('316e4e8a-02a2-5cb1-b1cc-e5ceec42c613', '8a544b29-0a9f-5162-9db9-f2eab400ea0d', NULL, 'The Lancet');
INSERT INTO allocation_gate_codes (allocation_id, code, updated_at) VALUES ('316e4e8a-02a2-5cb1-b1cc-e5ceec42c613', 'PC-012', NOW());
INSERT INTO allocations (id, conference_id, user_id, country) VALUES ('21b1d56d-ab99-5ab7-9c6d-29c467c7b54d', '8a544b29-0a9f-5162-9db9-f2eab400ea0d', NULL, 'The New York Times');
INSERT INTO allocation_gate_codes (allocation_id, code, updated_at) VALUES ('21b1d56d-ab99-5ab7-9c6d-29c467c7b54d', 'PC-013', NOW());
INSERT INTO allocations (id, conference_id, user_id, country) VALUES ('c5628d5b-0f9d-52c4-8bb6-7f0fe0da8336', '8a544b29-0a9f-5162-9db9-f2eab400ea0d', NULL, 'The Onion');
INSERT INTO allocation_gate_codes (allocation_id, code, updated_at) VALUES ('c5628d5b-0f9d-52c4-8bb6-7f0fe0da8336', 'PC-014', NOW());
INSERT INTO allocations (id, conference_id, user_id, country) VALUES ('361c4092-416c-5ed5-84cf-5e39a10ae8ff', '8a544b29-0a9f-5162-9db9-f2eab400ea0d', NULL, 'The Straits Times');
INSERT INTO allocation_gate_codes (allocation_id, code, updated_at) VALUES ('361c4092-416c-5ed5-84cf-5e39a10ae8ff', 'PC-015', NOW());
INSERT INTO allocations (id, conference_id, user_id, country) VALUES ('cb3ddf09-e3f9-54f0-9ea1-4b0961672f3b', '8a544b29-0a9f-5162-9db9-f2eab400ea0d', NULL, 'TIME Magazine');
INSERT INTO allocation_gate_codes (allocation_id, code, updated_at) VALUES ('cb3ddf09-e3f9-54f0-9ea1-4b0961672f3b', 'PC-016', NOW());
INSERT INTO allocations (id, conference_id, user_id, country) VALUES ('17c0bada-c87b-5009-b9be-2a2884fbd023', '8a544b29-0a9f-5162-9db9-f2eab400ea0d', NULL, 'Vice News');
INSERT INTO allocation_gate_codes (allocation_id, code, updated_at) VALUES ('17c0bada-c87b-5009-b9be-2a2884fbd023', 'PC-017', NOW());
INSERT INTO allocations (id, conference_id, user_id, country) VALUES ('8d927e83-4601-5fa2-9a0e-9bffd682b8be', '8a544b29-0a9f-5162-9db9-f2eab400ea0d', NULL, 'Wall Street Journal');
INSERT INTO allocation_gate_codes (allocation_id, code, updated_at) VALUES ('8d927e83-4601-5fa2-9a0e-9bffd682b8be', 'PC-018', NOW());
INSERT INTO allocations (id, conference_id, user_id, country) VALUES ('591354ba-4551-5c7b-bd42-c475afcf9db4', '8a544b29-0a9f-5162-9db9-f2eab400ea0d', NULL, 'Wikileak');
INSERT INTO allocation_gate_codes (allocation_id, code, updated_at) VALUES ('591354ba-4551-5c7b-bd42-c475afcf9db4', 'PC-019', NOW());
INSERT INTO allocations (id, conference_id, user_id, country) VALUES ('1c572284-fa1c-5b11-ae52-522d3b3de5bf', '8a544b29-0a9f-5162-9db9-f2eab400ea0d', NULL, 'Xinhua News Agency');
INSERT INTO allocation_gate_codes (allocation_id, code, updated_at) VALUES ('1c572284-fa1c-5b11-ae52-522d3b3de5bf', 'PC-020', NOW());

-- UNICEF topic 1: 30 allocations
INSERT INTO allocations (id, conference_id, user_id, country) VALUES ('d7e24a53-545d-5bc6-a777-6d0316dc5a4e', 'ac0cb54b-2fef-530c-b067-ff836a07e2e7', NULL, 'Australia');
INSERT INTO allocation_gate_codes (allocation_id, code, updated_at) VALUES ('d7e24a53-545d-5bc6-a777-6d0316dc5a4e', 'UNI-001', NOW());
INSERT INTO allocations (id, conference_id, user_id, country) VALUES ('c1687fc9-5a74-5ee3-a2f7-33f3f57fe117', 'ac0cb54b-2fef-530c-b067-ff836a07e2e7', NULL, 'Bolivia');
INSERT INTO allocation_gate_codes (allocation_id, code, updated_at) VALUES ('c1687fc9-5a74-5ee3-a2f7-33f3f57fe117', 'UNI-002', NOW());
INSERT INTO allocations (id, conference_id, user_id, country) VALUES ('2b0a3b84-7cbf-538b-a3be-3d30cf8f46d6', 'ac0cb54b-2fef-530c-b067-ff836a07e2e7', NULL, 'China');
INSERT INTO allocation_gate_codes (allocation_id, code, updated_at) VALUES ('2b0a3b84-7cbf-538b-a3be-3d30cf8f46d6', 'UNI-003', NOW());
INSERT INTO allocations (id, conference_id, user_id, country) VALUES ('11c3acbf-acab-5f45-ac53-5c7e34c172d4', 'ac0cb54b-2fef-530c-b067-ff836a07e2e7', NULL, 'Costa Rica');
INSERT INTO allocation_gate_codes (allocation_id, code, updated_at) VALUES ('11c3acbf-acab-5f45-ac53-5c7e34c172d4', 'UNI-004', NOW());
INSERT INTO allocations (id, conference_id, user_id, country) VALUES ('59fabd67-f884-5ddd-8e44-2c727363a9c7', 'ac0cb54b-2fef-530c-b067-ff836a07e2e7', NULL, 'Democratic Republic of the Congo (DRC)');
INSERT INTO allocation_gate_codes (allocation_id, code, updated_at) VALUES ('59fabd67-f884-5ddd-8e44-2c727363a9c7', 'UNI-005', NOW());
INSERT INTO allocations (id, conference_id, user_id, country) VALUES ('87d64834-7a7c-5f93-ad91-9528618d362d', 'ac0cb54b-2fef-530c-b067-ff836a07e2e7', NULL, 'Dominican Republic');
INSERT INTO allocation_gate_codes (allocation_id, code, updated_at) VALUES ('87d64834-7a7c-5f93-ad91-9528618d362d', 'UNI-006', NOW());
INSERT INTO allocations (id, conference_id, user_id, country) VALUES ('1da5903d-fd4d-5d5f-9f8a-a930a085e38e', 'ac0cb54b-2fef-530c-b067-ff836a07e2e7', NULL, 'El Salvador');
INSERT INTO allocation_gate_codes (allocation_id, code, updated_at) VALUES ('1da5903d-fd4d-5d5f-9f8a-a930a085e38e', 'UNI-007', NOW());
INSERT INTO allocations (id, conference_id, user_id, country) VALUES ('a0c2d577-db86-5d15-9c6c-0ac12ad81f2f', 'ac0cb54b-2fef-530c-b067-ff836a07e2e7', NULL, 'Eritrea');
INSERT INTO allocation_gate_codes (allocation_id, code, updated_at) VALUES ('a0c2d577-db86-5d15-9c6c-0ac12ad81f2f', 'UNI-008', NOW());
INSERT INTO allocations (id, conference_id, user_id, country) VALUES ('07d8a7c3-121c-5e8a-9e90-abd7cd5f3a23', 'ac0cb54b-2fef-530c-b067-ff836a07e2e7', NULL, 'Estonia');
INSERT INTO allocation_gate_codes (allocation_id, code, updated_at) VALUES ('07d8a7c3-121c-5e8a-9e90-abd7cd5f3a23', 'UNI-009', NOW());
INSERT INTO allocations (id, conference_id, user_id, country) VALUES ('8d3fcf36-98d1-5776-b10b-11dcd1e60cdd', 'ac0cb54b-2fef-530c-b067-ff836a07e2e7', NULL, 'Ethiopia');
INSERT INTO allocation_gate_codes (allocation_id, code, updated_at) VALUES ('8d3fcf36-98d1-5776-b10b-11dcd1e60cdd', 'UNI-010', NOW());
INSERT INTO allocations (id, conference_id, user_id, country) VALUES ('174561c8-7f75-576f-a4ce-38aa03881ed3', 'ac0cb54b-2fef-530c-b067-ff836a07e2e7', NULL, 'Georgia');
INSERT INTO allocation_gate_codes (allocation_id, code, updated_at) VALUES ('174561c8-7f75-576f-a4ce-38aa03881ed3', 'UNI-011', NOW());
INSERT INTO allocations (id, conference_id, user_id, country) VALUES ('103c9b84-64b0-532e-b63f-b3ac64a65f89', 'ac0cb54b-2fef-530c-b067-ff836a07e2e7', NULL, 'Guatemala');
INSERT INTO allocation_gate_codes (allocation_id, code, updated_at) VALUES ('103c9b84-64b0-532e-b63f-b3ac64a65f89', 'UNI-012', NOW());
INSERT INTO allocations (id, conference_id, user_id, country) VALUES ('6eaace23-75eb-5b30-8c3c-43d702269037', 'ac0cb54b-2fef-530c-b067-ff836a07e2e7', NULL, 'India');
INSERT INTO allocation_gate_codes (allocation_id, code, updated_at) VALUES ('6eaace23-75eb-5b30-8c3c-43d702269037', 'UNI-013', NOW());
INSERT INTO allocations (id, conference_id, user_id, country) VALUES ('85428cda-d328-51a6-b65f-b8ebbe9c19b2', 'ac0cb54b-2fef-530c-b067-ff836a07e2e7', NULL, 'Japan');
INSERT INTO allocation_gate_codes (allocation_id, code, updated_at) VALUES ('85428cda-d328-51a6-b65f-b8ebbe9c19b2', 'UNI-014', NOW());
INSERT INTO allocations (id, conference_id, user_id, country) VALUES ('c9694528-bc17-5e05-b6c7-92bc5c616fea', 'ac0cb54b-2fef-530c-b067-ff836a07e2e7', NULL, 'Lao PDR');
INSERT INTO allocation_gate_codes (allocation_id, code, updated_at) VALUES ('c9694528-bc17-5e05-b6c7-92bc5c616fea', 'UNI-015', NOW());
INSERT INTO allocations (id, conference_id, user_id, country) VALUES ('c5cedb78-2109-581a-81ce-f7d10ec04aa3', 'ac0cb54b-2fef-530c-b067-ff836a07e2e7', NULL, 'Mauritania');
INSERT INTO allocation_gate_codes (allocation_id, code, updated_at) VALUES ('c5cedb78-2109-581a-81ce-f7d10ec04aa3', 'UNI-016', NOW());
INSERT INTO allocations (id, conference_id, user_id, country) VALUES ('5fb0394a-c246-5bc4-9366-fe6eb9bff8c5', 'ac0cb54b-2fef-530c-b067-ff836a07e2e7', NULL, 'Netherlands');
INSERT INTO allocation_gate_codes (allocation_id, code, updated_at) VALUES ('5fb0394a-c246-5bc4-9366-fe6eb9bff8c5', 'UNI-017', NOW());
INSERT INTO allocations (id, conference_id, user_id, country) VALUES ('81c41e6f-50d3-58dd-99ed-5d86914c4891', 'ac0cb54b-2fef-530c-b067-ff836a07e2e7', NULL, 'Nigeria');
INSERT INTO allocation_gate_codes (allocation_id, code, updated_at) VALUES ('81c41e6f-50d3-58dd-99ed-5d86914c4891', 'UNI-018', NOW());
INSERT INTO allocations (id, conference_id, user_id, country) VALUES ('05e56797-fb7b-52cc-bbb5-8f3f66fa1be2', 'ac0cb54b-2fef-530c-b067-ff836a07e2e7', NULL, 'Norway');
INSERT INTO allocation_gate_codes (allocation_id, code, updated_at) VALUES ('05e56797-fb7b-52cc-bbb5-8f3f66fa1be2', 'UNI-019', NOW());
INSERT INTO allocations (id, conference_id, user_id, country) VALUES ('cf96a1f9-f98b-5489-9478-4bd83d60102a', 'ac0cb54b-2fef-530c-b067-ff836a07e2e7', NULL, 'Oman');
INSERT INTO allocation_gate_codes (allocation_id, code, updated_at) VALUES ('cf96a1f9-f98b-5489-9478-4bd83d60102a', 'UNI-020', NOW());
INSERT INTO allocations (id, conference_id, user_id, country) VALUES ('7000b343-d792-53f3-9455-4f1bf898a59d', 'ac0cb54b-2fef-530c-b067-ff836a07e2e7', NULL, 'Pakistan');
INSERT INTO allocation_gate_codes (allocation_id, code, updated_at) VALUES ('7000b343-d792-53f3-9455-4f1bf898a59d', 'UNI-021', NOW());
INSERT INTO allocations (id, conference_id, user_id, country) VALUES ('2bf8467e-629e-5f07-ba58-233a161457ea', 'ac0cb54b-2fef-530c-b067-ff836a07e2e7', NULL, 'Republic of Korea');
INSERT INTO allocation_gate_codes (allocation_id, code, updated_at) VALUES ('2bf8467e-629e-5f07-ba58-233a161457ea', 'UNI-022', NOW());
INSERT INTO allocations (id, conference_id, user_id, country) VALUES ('2fc42f10-664c-504f-81d1-c97f3e28f3e9', 'ac0cb54b-2fef-530c-b067-ff836a07e2e7', NULL, 'Rwanda');
INSERT INTO allocation_gate_codes (allocation_id, code, updated_at) VALUES ('2fc42f10-664c-504f-81d1-c97f3e28f3e9', 'UNI-023', NOW());
INSERT INTO allocations (id, conference_id, user_id, country) VALUES ('69aaa021-bd5d-54c7-a2aa-a77e983c0cbb', 'ac0cb54b-2fef-530c-b067-ff836a07e2e7', NULL, 'Senegal');
INSERT INTO allocation_gate_codes (allocation_id, code, updated_at) VALUES ('69aaa021-bd5d-54c7-a2aa-a77e983c0cbb', 'UNI-024', NOW());
INSERT INTO allocations (id, conference_id, user_id, country) VALUES ('5d72e3f1-dba3-5702-93ff-e0af6927bcac', 'ac0cb54b-2fef-530c-b067-ff836a07e2e7', NULL, 'Slovenia');
INSERT INTO allocation_gate_codes (allocation_id, code, updated_at) VALUES ('5d72e3f1-dba3-5702-93ff-e0af6927bcac', 'UNI-025', NOW());
INSERT INTO allocations (id, conference_id, user_id, country) VALUES ('ee3d8372-38da-5cb0-9494-42073b427318', 'ac0cb54b-2fef-530c-b067-ff836a07e2e7', NULL, 'South-Africa');
INSERT INTO allocation_gate_codes (allocation_id, code, updated_at) VALUES ('ee3d8372-38da-5cb0-9494-42073b427318', 'UNI-026', NOW());
INSERT INTO allocations (id, conference_id, user_id, country) VALUES ('3c179b69-5f16-5382-8fe2-c8bbf895add6', 'ac0cb54b-2fef-530c-b067-ff836a07e2e7', NULL, 'Sweden');
INSERT INTO allocation_gate_codes (allocation_id, code, updated_at) VALUES ('3c179b69-5f16-5382-8fe2-c8bbf895add6', 'UNI-027', NOW());
INSERT INTO allocations (id, conference_id, user_id, country) VALUES ('39ac70fc-76f4-5484-8488-932d49f193e5', 'ac0cb54b-2fef-530c-b067-ff836a07e2e7', NULL, 'Ukraine');
INSERT INTO allocation_gate_codes (allocation_id, code, updated_at) VALUES ('39ac70fc-76f4-5484-8488-932d49f193e5', 'UNI-028', NOW());
INSERT INTO allocations (id, conference_id, user_id, country) VALUES ('de060a40-01fe-52ad-a962-c9ce5a955d98', 'ac0cb54b-2fef-530c-b067-ff836a07e2e7', NULL, 'United Kingdom');
INSERT INTO allocation_gate_codes (allocation_id, code, updated_at) VALUES ('de060a40-01fe-52ad-a962-c9ce5a955d98', 'UNI-029', NOW());
INSERT INTO allocations (id, conference_id, user_id, country) VALUES ('472861df-163c-58c1-adb5-12e4372d104d', 'ac0cb54b-2fef-530c-b067-ff836a07e2e7', NULL, 'United States');
INSERT INTO allocation_gate_codes (allocation_id, code, updated_at) VALUES ('472861df-163c-58c1-adb5-12e4372d104d', 'UNI-030', NOW());

-- UNICEF topic 2: 30 allocations
INSERT INTO allocations (id, conference_id, user_id, country) VALUES ('a017d8d3-0b8e-5b4f-89ca-80d90167eee0', '43b6a984-c25b-50eb-9c6f-f84bf88f31f5', NULL, 'Australia');
INSERT INTO allocation_gate_codes (allocation_id, code, updated_at) VALUES ('a017d8d3-0b8e-5b4f-89ca-80d90167eee0', 'UNI-001', NOW());
INSERT INTO allocations (id, conference_id, user_id, country) VALUES ('edf8a094-7e2c-553e-ba05-877be1298474', '43b6a984-c25b-50eb-9c6f-f84bf88f31f5', NULL, 'Bolivia');
INSERT INTO allocation_gate_codes (allocation_id, code, updated_at) VALUES ('edf8a094-7e2c-553e-ba05-877be1298474', 'UNI-002', NOW());
INSERT INTO allocations (id, conference_id, user_id, country) VALUES ('e1d34f5c-f1e5-5b1d-a002-4c777f460215', '43b6a984-c25b-50eb-9c6f-f84bf88f31f5', NULL, 'China');
INSERT INTO allocation_gate_codes (allocation_id, code, updated_at) VALUES ('e1d34f5c-f1e5-5b1d-a002-4c777f460215', 'UNI-003', NOW());
INSERT INTO allocations (id, conference_id, user_id, country) VALUES ('4e93e6d5-e0ec-583c-a940-01ea9ce847f1', '43b6a984-c25b-50eb-9c6f-f84bf88f31f5', NULL, 'Costa Rica');
INSERT INTO allocation_gate_codes (allocation_id, code, updated_at) VALUES ('4e93e6d5-e0ec-583c-a940-01ea9ce847f1', 'UNI-004', NOW());
INSERT INTO allocations (id, conference_id, user_id, country) VALUES ('6004734d-70ff-526f-9f09-c16c75598335', '43b6a984-c25b-50eb-9c6f-f84bf88f31f5', NULL, 'Democratic Republic of the Congo (DRC)');
INSERT INTO allocation_gate_codes (allocation_id, code, updated_at) VALUES ('6004734d-70ff-526f-9f09-c16c75598335', 'UNI-005', NOW());
INSERT INTO allocations (id, conference_id, user_id, country) VALUES ('ba2bbfb1-2d3a-5671-8c19-a3f48c4b93de', '43b6a984-c25b-50eb-9c6f-f84bf88f31f5', NULL, 'Dominican Republic');
INSERT INTO allocation_gate_codes (allocation_id, code, updated_at) VALUES ('ba2bbfb1-2d3a-5671-8c19-a3f48c4b93de', 'UNI-006', NOW());
INSERT INTO allocations (id, conference_id, user_id, country) VALUES ('c3f68123-477e-5da6-a838-e908bde048fa', '43b6a984-c25b-50eb-9c6f-f84bf88f31f5', NULL, 'El Salvador');
INSERT INTO allocation_gate_codes (allocation_id, code, updated_at) VALUES ('c3f68123-477e-5da6-a838-e908bde048fa', 'UNI-007', NOW());
INSERT INTO allocations (id, conference_id, user_id, country) VALUES ('2bfdf4dc-c1dc-5362-af66-b29905ca9f32', '43b6a984-c25b-50eb-9c6f-f84bf88f31f5', NULL, 'Eritrea');
INSERT INTO allocation_gate_codes (allocation_id, code, updated_at) VALUES ('2bfdf4dc-c1dc-5362-af66-b29905ca9f32', 'UNI-008', NOW());
INSERT INTO allocations (id, conference_id, user_id, country) VALUES ('9d6338de-1e26-5e96-ad47-45281109114f', '43b6a984-c25b-50eb-9c6f-f84bf88f31f5', NULL, 'Estonia');
INSERT INTO allocation_gate_codes (allocation_id, code, updated_at) VALUES ('9d6338de-1e26-5e96-ad47-45281109114f', 'UNI-009', NOW());
INSERT INTO allocations (id, conference_id, user_id, country) VALUES ('24c1dd49-e806-52d0-b2c8-1c3b710f4978', '43b6a984-c25b-50eb-9c6f-f84bf88f31f5', NULL, 'Ethiopia');
INSERT INTO allocation_gate_codes (allocation_id, code, updated_at) VALUES ('24c1dd49-e806-52d0-b2c8-1c3b710f4978', 'UNI-010', NOW());
INSERT INTO allocations (id, conference_id, user_id, country) VALUES ('45ef168b-8a9f-5dfe-bafc-debef6bfb273', '43b6a984-c25b-50eb-9c6f-f84bf88f31f5', NULL, 'Georgia');
INSERT INTO allocation_gate_codes (allocation_id, code, updated_at) VALUES ('45ef168b-8a9f-5dfe-bafc-debef6bfb273', 'UNI-011', NOW());
INSERT INTO allocations (id, conference_id, user_id, country) VALUES ('53dd03ec-7702-5ed8-a405-1302b3275836', '43b6a984-c25b-50eb-9c6f-f84bf88f31f5', NULL, 'Guatemala');
INSERT INTO allocation_gate_codes (allocation_id, code, updated_at) VALUES ('53dd03ec-7702-5ed8-a405-1302b3275836', 'UNI-012', NOW());
INSERT INTO allocations (id, conference_id, user_id, country) VALUES ('ca17e084-6487-5cfc-b0ec-55bb791b7140', '43b6a984-c25b-50eb-9c6f-f84bf88f31f5', NULL, 'India');
INSERT INTO allocation_gate_codes (allocation_id, code, updated_at) VALUES ('ca17e084-6487-5cfc-b0ec-55bb791b7140', 'UNI-013', NOW());
INSERT INTO allocations (id, conference_id, user_id, country) VALUES ('1a2c1279-2372-5bc8-9fa6-966cd96562c4', '43b6a984-c25b-50eb-9c6f-f84bf88f31f5', NULL, 'Japan');
INSERT INTO allocation_gate_codes (allocation_id, code, updated_at) VALUES ('1a2c1279-2372-5bc8-9fa6-966cd96562c4', 'UNI-014', NOW());
INSERT INTO allocations (id, conference_id, user_id, country) VALUES ('8db3534c-44ac-5ee9-8f6e-c23df5b97350', '43b6a984-c25b-50eb-9c6f-f84bf88f31f5', NULL, 'Lao PDR');
INSERT INTO allocation_gate_codes (allocation_id, code, updated_at) VALUES ('8db3534c-44ac-5ee9-8f6e-c23df5b97350', 'UNI-015', NOW());
INSERT INTO allocations (id, conference_id, user_id, country) VALUES ('47518798-fd06-57e1-a15b-b80b45740432', '43b6a984-c25b-50eb-9c6f-f84bf88f31f5', NULL, 'Mauritania');
INSERT INTO allocation_gate_codes (allocation_id, code, updated_at) VALUES ('47518798-fd06-57e1-a15b-b80b45740432', 'UNI-016', NOW());
INSERT INTO allocations (id, conference_id, user_id, country) VALUES ('4b35b000-ed0e-559a-8d2b-001c9e76eac0', '43b6a984-c25b-50eb-9c6f-f84bf88f31f5', NULL, 'Netherlands');
INSERT INTO allocation_gate_codes (allocation_id, code, updated_at) VALUES ('4b35b000-ed0e-559a-8d2b-001c9e76eac0', 'UNI-017', NOW());
INSERT INTO allocations (id, conference_id, user_id, country) VALUES ('ef1884b9-7998-590b-b2c1-b5a1e84c9a94', '43b6a984-c25b-50eb-9c6f-f84bf88f31f5', NULL, 'Nigeria');
INSERT INTO allocation_gate_codes (allocation_id, code, updated_at) VALUES ('ef1884b9-7998-590b-b2c1-b5a1e84c9a94', 'UNI-018', NOW());
INSERT INTO allocations (id, conference_id, user_id, country) VALUES ('692cfe2a-0277-5c0c-885a-bcc0f424bb41', '43b6a984-c25b-50eb-9c6f-f84bf88f31f5', NULL, 'Norway');
INSERT INTO allocation_gate_codes (allocation_id, code, updated_at) VALUES ('692cfe2a-0277-5c0c-885a-bcc0f424bb41', 'UNI-019', NOW());
INSERT INTO allocations (id, conference_id, user_id, country) VALUES ('13accfae-0293-53b2-91d3-85b873192d77', '43b6a984-c25b-50eb-9c6f-f84bf88f31f5', NULL, 'Oman');
INSERT INTO allocation_gate_codes (allocation_id, code, updated_at) VALUES ('13accfae-0293-53b2-91d3-85b873192d77', 'UNI-020', NOW());
INSERT INTO allocations (id, conference_id, user_id, country) VALUES ('a13baf77-54e1-56f6-80bb-bfc18be3fecd', '43b6a984-c25b-50eb-9c6f-f84bf88f31f5', NULL, 'Pakistan');
INSERT INTO allocation_gate_codes (allocation_id, code, updated_at) VALUES ('a13baf77-54e1-56f6-80bb-bfc18be3fecd', 'UNI-021', NOW());
INSERT INTO allocations (id, conference_id, user_id, country) VALUES ('811c0ba2-a031-53ce-a45f-675cd3123fff', '43b6a984-c25b-50eb-9c6f-f84bf88f31f5', NULL, 'Republic of Korea');
INSERT INTO allocation_gate_codes (allocation_id, code, updated_at) VALUES ('811c0ba2-a031-53ce-a45f-675cd3123fff', 'UNI-022', NOW());
INSERT INTO allocations (id, conference_id, user_id, country) VALUES ('61dad641-2f54-5265-8c2d-0b6947cce2ff', '43b6a984-c25b-50eb-9c6f-f84bf88f31f5', NULL, 'Rwanda');
INSERT INTO allocation_gate_codes (allocation_id, code, updated_at) VALUES ('61dad641-2f54-5265-8c2d-0b6947cce2ff', 'UNI-023', NOW());
INSERT INTO allocations (id, conference_id, user_id, country) VALUES ('15c19904-8948-59cf-a00e-bd474d2e900a', '43b6a984-c25b-50eb-9c6f-f84bf88f31f5', NULL, 'Senegal');
INSERT INTO allocation_gate_codes (allocation_id, code, updated_at) VALUES ('15c19904-8948-59cf-a00e-bd474d2e900a', 'UNI-024', NOW());
INSERT INTO allocations (id, conference_id, user_id, country) VALUES ('493aa935-b8e0-5eec-8cd8-5fb1953ed393', '43b6a984-c25b-50eb-9c6f-f84bf88f31f5', NULL, 'Slovenia');
INSERT INTO allocation_gate_codes (allocation_id, code, updated_at) VALUES ('493aa935-b8e0-5eec-8cd8-5fb1953ed393', 'UNI-025', NOW());
INSERT INTO allocations (id, conference_id, user_id, country) VALUES ('26e64c65-f6b9-5315-85dd-ee2d4574c6a6', '43b6a984-c25b-50eb-9c6f-f84bf88f31f5', NULL, 'South-Africa');
INSERT INTO allocation_gate_codes (allocation_id, code, updated_at) VALUES ('26e64c65-f6b9-5315-85dd-ee2d4574c6a6', 'UNI-026', NOW());
INSERT INTO allocations (id, conference_id, user_id, country) VALUES ('bc2b8895-eb0a-5e7e-a4df-cc68e67c0a7f', '43b6a984-c25b-50eb-9c6f-f84bf88f31f5', NULL, 'Sweden');
INSERT INTO allocation_gate_codes (allocation_id, code, updated_at) VALUES ('bc2b8895-eb0a-5e7e-a4df-cc68e67c0a7f', 'UNI-027', NOW());
INSERT INTO allocations (id, conference_id, user_id, country) VALUES ('2a01f7da-efd8-5f84-abc7-f48000c460ea', '43b6a984-c25b-50eb-9c6f-f84bf88f31f5', NULL, 'Ukraine');
INSERT INTO allocation_gate_codes (allocation_id, code, updated_at) VALUES ('2a01f7da-efd8-5f84-abc7-f48000c460ea', 'UNI-028', NOW());
INSERT INTO allocations (id, conference_id, user_id, country) VALUES ('4079f1ff-c661-5e20-bf27-53ad07e38f4c', '43b6a984-c25b-50eb-9c6f-f84bf88f31f5', NULL, 'United Kingdom');
INSERT INTO allocation_gate_codes (allocation_id, code, updated_at) VALUES ('4079f1ff-c661-5e20-bf27-53ad07e38f4c', 'UNI-029', NOW());
INSERT INTO allocations (id, conference_id, user_id, country) VALUES ('eea1c523-5419-56ca-b356-210b9ef344be', '43b6a984-c25b-50eb-9c6f-f84bf88f31f5', NULL, 'United States');
INSERT INTO allocation_gate_codes (allocation_id, code, updated_at) VALUES ('eea1c523-5419-56ca-b356-210b9ef344be', 'UNI-030', NOW());

-- EU Parli topic 1: 25 allocations
INSERT INTO allocations (id, conference_id, user_id, country) VALUES ('176c1ab5-4eff-58a4-ac9b-eaa8001c892c', '82c8e317-7602-5cd3-9a54-cb99fd29e510', NULL, 'Agnes Jongerius');
INSERT INTO allocation_gate_codes (allocation_id, code, updated_at) VALUES ('176c1ab5-4eff-58a4-ac9b-eaa8001c892c', 'EUP-001', NOW());
INSERT INTO allocations (id, conference_id, user_id, country) VALUES ('e8aa9e62-e694-5a2c-b751-ec50fef21281', '82c8e317-7602-5cd3-9a54-cb99fd29e510', NULL, 'Assita Kanko');
INSERT INTO allocation_gate_codes (allocation_id, code, updated_at) VALUES ('e8aa9e62-e694-5a2c-b751-ec50fef21281', 'EUP-002', NOW());
INSERT INTO allocations (id, conference_id, user_id, country) VALUES ('712722b3-7c62-56ad-a88f-872c42bd7bf4', '82c8e317-7602-5cd3-9a54-cb99fd29e510', NULL, 'Christine Lagarde');
INSERT INTO allocation_gate_codes (allocation_id, code, updated_at) VALUES ('712722b3-7c62-56ad-a88f-872c42bd7bf4', 'EUP-003', NOW());
INSERT INTO allocations (id, conference_id, user_id, country) VALUES ('d40dbe6c-2085-56b2-8cf9-e2846e928659', '82c8e317-7602-5cd3-9a54-cb99fd29e510', NULL, 'Dennis Radtke');
INSERT INTO allocation_gate_codes (allocation_id, code, updated_at) VALUES ('d40dbe6c-2085-56b2-8cf9-e2846e928659', 'EUP-004', NOW());
INSERT INTO allocations (id, conference_id, user_id, country) VALUES ('cdbcc1ef-c1ad-5148-b023-8df5f589db1f', '82c8e317-7602-5cd3-9a54-cb99fd29e510', NULL, 'Dragos Pislaru');
INSERT INTO allocation_gate_codes (allocation_id, code, updated_at) VALUES ('cdbcc1ef-c1ad-5148-b023-8df5f589db1f', 'EUP-005', NOW());
INSERT INTO allocations (id, conference_id, user_id, country) VALUES ('40cf2a35-7c47-560c-aeac-2605ef24e3c5', '82c8e317-7602-5cd3-9a54-cb99fd29e510', NULL, 'Fabienne Keller');
INSERT INTO allocation_gate_codes (allocation_id, code, updated_at) VALUES ('40cf2a35-7c47-560c-aeac-2605ef24e3c5', 'EUP-006', NOW());
INSERT INTO allocations (id, conference_id, user_id, country) VALUES ('0470baab-0c99-5681-8849-5a6a7913bdfb', '82c8e317-7602-5cd3-9a54-cb99fd29e510', NULL, 'Gabriele Bischoff');
INSERT INTO allocation_gate_codes (allocation_id, code, updated_at) VALUES ('0470baab-0c99-5681-8849-5a6a7913bdfb', 'EUP-007', NOW());
INSERT INTO allocations (id, conference_id, user_id, country) VALUES ('5dfd5cba-2fc2-53aa-92ab-75a1b1a4eedb', '82c8e317-7602-5cd3-9a54-cb99fd29e510', NULL, 'Iratxe Garxia Perez');
INSERT INTO allocation_gate_codes (allocation_id, code, updated_at) VALUES ('5dfd5cba-2fc2-53aa-92ab-75a1b1a4eedb', 'EUP-008', NOW());
INSERT INTO allocations (id, conference_id, user_id, country) VALUES ('dff57d7d-1b75-55ca-9f57-01d0eafdead5', '82c8e317-7602-5cd3-9a54-cb99fd29e510', NULL, 'Jodan Bardella');
INSERT INTO allocation_gate_codes (allocation_id, code, updated_at) VALUES ('dff57d7d-1b75-55ca-9f57-01d0eafdead5', 'EUP-009', NOW());
INSERT INTO allocations (id, conference_id, user_id, country) VALUES ('1f215277-4827-5f6b-ab01-dece5d9f384a', '82c8e317-7602-5cd3-9a54-cb99fd29e510', NULL, 'Jose Gusmao');
INSERT INTO allocation_gate_codes (allocation_id, code, updated_at) VALUES ('1f215277-4827-5f6b-ab01-dece5d9f384a', 'EUP-010', NOW());
INSERT INTO allocations (id, conference_id, user_id, country) VALUES ('92498c2c-b19c-57f6-b221-af037c0d38b5', '82c8e317-7602-5cd3-9a54-cb99fd29e510', NULL, 'Juan Fernando Lopez Aguilar');
INSERT INTO allocation_gate_codes (allocation_id, code, updated_at) VALUES ('92498c2c-b19c-57f6-b221-af037c0d38b5', 'EUP-011', NOW());
INSERT INTO allocations (id, conference_id, user_id, country) VALUES ('88f7aae1-633d-5fb3-831f-388b946dd2a2', '82c8e317-7602-5cd3-9a54-cb99fd29e510', NULL, 'Kinga Gal');
INSERT INTO allocation_gate_codes (allocation_id, code, updated_at) VALUES ('88f7aae1-633d-5fb3-831f-388b946dd2a2', 'EUP-012', NOW());
INSERT INTO allocations (id, conference_id, user_id, country) VALUES ('14c5da71-3d9c-512f-8dcf-5b2029a9714c', '82c8e317-7602-5cd3-9a54-cb99fd29e510', NULL, 'Lena Dupont');
INSERT INTO allocation_gate_codes (allocation_id, code, updated_at) VALUES ('14c5da71-3d9c-512f-8dcf-5b2029a9714c', 'EUP-013', NOW());
INSERT INTO allocations (id, conference_id, user_id, country) VALUES ('6eece931-3a6e-55ca-9ee8-3ce773eb52c8', '82c8e317-7602-5cd3-9a54-cb99fd29e510', NULL, 'Liina Carr');
INSERT INTO allocation_gate_codes (allocation_id, code, updated_at) VALUES ('6eece931-3a6e-55ca-9ee8-3ce773eb52c8', 'EUP-014', NOW());
INSERT INTO allocations (id, conference_id, user_id, country) VALUES ('018647c0-6d28-5685-86d7-afd29253eabb', '82c8e317-7602-5cd3-9a54-cb99fd29e510', NULL, 'Manfred Weber');
INSERT INTO allocation_gate_codes (allocation_id, code, updated_at) VALUES ('018647c0-6d28-5685-86d7-afd29253eabb', 'EUP-015', NOW());
INSERT INTO allocations (id, conference_id, user_id, country) VALUES ('ea552838-952c-523d-8c35-7d7ba01d16de', '82c8e317-7602-5cd3-9a54-cb99fd29e510', NULL, 'Manon Aubry');
INSERT INTO allocation_gate_codes (allocation_id, code, updated_at) VALUES ('ea552838-952c-523d-8c35-7d7ba01d16de', 'EUP-016', NOW());
INSERT INTO allocations (id, conference_id, user_id, country) VALUES ('b621c8b5-bba9-52b1-9ecb-ef2a2163e51e', '82c8e317-7602-5cd3-9a54-cb99fd29e510', NULL, 'Morten Lokkegaard');
INSERT INTO allocation_gate_codes (allocation_id, code, updated_at) VALUES ('b621c8b5-bba9-52b1-9ecb-ef2a2163e51e', 'EUP-017', NOW());
INSERT INTO allocations (id, conference_id, user_id, country) VALUES ('d7f9f28e-01dd-5b56-a738-9ad950a011b2', '82c8e317-7602-5cd3-9a54-cb99fd29e510', NULL, 'Nicola Procaccini');
INSERT INTO allocation_gate_codes (allocation_id, code, updated_at) VALUES ('d7f9f28e-01dd-5b56-a738-9ad950a011b2', 'EUP-018', NOW());
INSERT INTO allocations (id, conference_id, user_id, country) VALUES ('238940e5-e368-5551-accf-e72984c9b124', '82c8e317-7602-5cd3-9a54-cb99fd29e510', NULL, 'Nicolas Schmit');
INSERT INTO allocation_gate_codes (allocation_id, code, updated_at) VALUES ('238940e5-e368-5551-accf-e72984c9b124', 'EUP-019', NOW());
INSERT INTO allocations (id, conference_id, user_id, country) VALUES ('ea8ebd8e-38b3-5299-81c1-3271b1bbad04', '82c8e317-7602-5cd3-9a54-cb99fd29e510', NULL, 'Roberta Metsola');
INSERT INTO allocation_gate_codes (allocation_id, code, updated_at) VALUES ('ea8ebd8e-38b3-5299-81c1-3271b1bbad04', 'EUP-020', NOW());
INSERT INTO allocations (id, conference_id, user_id, country) VALUES ('410815bb-7de6-54be-9884-a64ccd55ea5b', '82c8e317-7602-5cd3-9a54-cb99fd29e510', NULL, 'Saskia Bricmont');
INSERT INTO allocation_gate_codes (allocation_id, code, updated_at) VALUES ('410815bb-7de6-54be-9884-a64ccd55ea5b', 'EUP-021', NOW());
INSERT INTO allocations (id, conference_id, user_id, country) VALUES ('e69f7e9c-3123-5b50-8ec3-b17c53ae804e', '82c8e317-7602-5cd3-9a54-cb99fd29e510', NULL, 'Siegfried Muresan');
INSERT INTO allocation_gate_codes (allocation_id, code, updated_at) VALUES ('e69f7e9c-3123-5b50-8ec3-b17c53ae804e', 'EUP-022', NOW());
INSERT INTO allocations (id, conference_id, user_id, country) VALUES ('b2ddf557-020f-5b7b-ba86-3ba0bdf3a290', '82c8e317-7602-5cd3-9a54-cb99fd29e510', NULL, 'Terry Reintke');
INSERT INTO allocation_gate_codes (allocation_id, code, updated_at) VALUES ('b2ddf557-020f-5b7b-ba86-3ba0bdf3a290', 'EUP-023', NOW());
INSERT INTO allocations (id, conference_id, user_id, country) VALUES ('73fcaa50-46b2-5bcf-9c87-80a3204489b9', '82c8e317-7602-5cd3-9a54-cb99fd29e510', NULL, 'Valerie Hayer');
INSERT INTO allocation_gate_codes (allocation_id, code, updated_at) VALUES ('73fcaa50-46b2-5bcf-9c87-80a3204489b9', 'EUP-024', NOW());
INSERT INTO allocations (id, conference_id, user_id, country) VALUES ('f061c20e-0404-5300-8729-9d0d6c788b4e', '82c8e317-7602-5cd3-9a54-cb99fd29e510', NULL, 'Ylva Johansson');
INSERT INTO allocation_gate_codes (allocation_id, code, updated_at) VALUES ('f061c20e-0404-5300-8729-9d0d6c788b4e', 'EUP-025', NOW());

-- EU Parli topic 2: 25 allocations
INSERT INTO allocations (id, conference_id, user_id, country) VALUES ('d88f0569-e2e3-589d-b107-2d3dae62fe44', 'ea335867-32b5-5120-9c09-4756fd9b899d', NULL, 'Agnes Jongerius');
INSERT INTO allocation_gate_codes (allocation_id, code, updated_at) VALUES ('d88f0569-e2e3-589d-b107-2d3dae62fe44', 'EUP-001', NOW());
INSERT INTO allocations (id, conference_id, user_id, country) VALUES ('257b3850-ba14-5ce8-9cc2-769d69768bc3', 'ea335867-32b5-5120-9c09-4756fd9b899d', NULL, 'Assita Kanko');
INSERT INTO allocation_gate_codes (allocation_id, code, updated_at) VALUES ('257b3850-ba14-5ce8-9cc2-769d69768bc3', 'EUP-002', NOW());
INSERT INTO allocations (id, conference_id, user_id, country) VALUES ('df88aec8-d8f4-55ab-a554-e6166ee201a8', 'ea335867-32b5-5120-9c09-4756fd9b899d', NULL, 'Christine Lagarde');
INSERT INTO allocation_gate_codes (allocation_id, code, updated_at) VALUES ('df88aec8-d8f4-55ab-a554-e6166ee201a8', 'EUP-003', NOW());
INSERT INTO allocations (id, conference_id, user_id, country) VALUES ('c0c6393a-06f1-5984-a7b5-1903a7f8a3a5', 'ea335867-32b5-5120-9c09-4756fd9b899d', NULL, 'Dennis Radtke');
INSERT INTO allocation_gate_codes (allocation_id, code, updated_at) VALUES ('c0c6393a-06f1-5984-a7b5-1903a7f8a3a5', 'EUP-004', NOW());
INSERT INTO allocations (id, conference_id, user_id, country) VALUES ('a7dce213-09a7-5306-8381-966cfa1ac078', 'ea335867-32b5-5120-9c09-4756fd9b899d', NULL, 'Dragos Pislaru');
INSERT INTO allocation_gate_codes (allocation_id, code, updated_at) VALUES ('a7dce213-09a7-5306-8381-966cfa1ac078', 'EUP-005', NOW());
INSERT INTO allocations (id, conference_id, user_id, country) VALUES ('620c1dae-5c7c-541c-9ea4-6ecdf2c35ed3', 'ea335867-32b5-5120-9c09-4756fd9b899d', NULL, 'Fabienne Keller');
INSERT INTO allocation_gate_codes (allocation_id, code, updated_at) VALUES ('620c1dae-5c7c-541c-9ea4-6ecdf2c35ed3', 'EUP-006', NOW());
INSERT INTO allocations (id, conference_id, user_id, country) VALUES ('b2de01e8-8349-5a21-b538-b198359bf859', 'ea335867-32b5-5120-9c09-4756fd9b899d', NULL, 'Gabriele Bischoff');
INSERT INTO allocation_gate_codes (allocation_id, code, updated_at) VALUES ('b2de01e8-8349-5a21-b538-b198359bf859', 'EUP-007', NOW());
INSERT INTO allocations (id, conference_id, user_id, country) VALUES ('38ae4c08-aa19-5e4b-b5f7-14196a63a882', 'ea335867-32b5-5120-9c09-4756fd9b899d', NULL, 'Iratxe Garxia Perez');
INSERT INTO allocation_gate_codes (allocation_id, code, updated_at) VALUES ('38ae4c08-aa19-5e4b-b5f7-14196a63a882', 'EUP-008', NOW());
INSERT INTO allocations (id, conference_id, user_id, country) VALUES ('e8f1b5ee-8886-5b5c-9b6f-e54390ce3306', 'ea335867-32b5-5120-9c09-4756fd9b899d', NULL, 'Jodan Bardella');
INSERT INTO allocation_gate_codes (allocation_id, code, updated_at) VALUES ('e8f1b5ee-8886-5b5c-9b6f-e54390ce3306', 'EUP-009', NOW());
INSERT INTO allocations (id, conference_id, user_id, country) VALUES ('7d7b6867-ea94-50a8-8b6d-be39e19946fe', 'ea335867-32b5-5120-9c09-4756fd9b899d', NULL, 'Jose Gusmao');
INSERT INTO allocation_gate_codes (allocation_id, code, updated_at) VALUES ('7d7b6867-ea94-50a8-8b6d-be39e19946fe', 'EUP-010', NOW());
INSERT INTO allocations (id, conference_id, user_id, country) VALUES ('1e89d68d-88d1-5f48-a2a7-5e33e3edc44d', 'ea335867-32b5-5120-9c09-4756fd9b899d', NULL, 'Juan Fernando Lopez Aguilar');
INSERT INTO allocation_gate_codes (allocation_id, code, updated_at) VALUES ('1e89d68d-88d1-5f48-a2a7-5e33e3edc44d', 'EUP-011', NOW());
INSERT INTO allocations (id, conference_id, user_id, country) VALUES ('a6127af0-3b34-5ab6-9836-ef4409ee4b2e', 'ea335867-32b5-5120-9c09-4756fd9b899d', NULL, 'Kinga Gal');
INSERT INTO allocation_gate_codes (allocation_id, code, updated_at) VALUES ('a6127af0-3b34-5ab6-9836-ef4409ee4b2e', 'EUP-012', NOW());
INSERT INTO allocations (id, conference_id, user_id, country) VALUES ('aba20ea0-3708-5211-a3a8-6b916f94bd07', 'ea335867-32b5-5120-9c09-4756fd9b899d', NULL, 'Lena Dupont');
INSERT INTO allocation_gate_codes (allocation_id, code, updated_at) VALUES ('aba20ea0-3708-5211-a3a8-6b916f94bd07', 'EUP-013', NOW());
INSERT INTO allocations (id, conference_id, user_id, country) VALUES ('f6a682cf-e959-588e-aa84-0133280667a5', 'ea335867-32b5-5120-9c09-4756fd9b899d', NULL, 'Liina Carr');
INSERT INTO allocation_gate_codes (allocation_id, code, updated_at) VALUES ('f6a682cf-e959-588e-aa84-0133280667a5', 'EUP-014', NOW());
INSERT INTO allocations (id, conference_id, user_id, country) VALUES ('27290bc4-b536-5fe7-8202-8c2d91217383', 'ea335867-32b5-5120-9c09-4756fd9b899d', NULL, 'Manfred Weber');
INSERT INTO allocation_gate_codes (allocation_id, code, updated_at) VALUES ('27290bc4-b536-5fe7-8202-8c2d91217383', 'EUP-015', NOW());
INSERT INTO allocations (id, conference_id, user_id, country) VALUES ('408fb602-6625-5c17-bdd7-14d8b4488104', 'ea335867-32b5-5120-9c09-4756fd9b899d', NULL, 'Manon Aubry');
INSERT INTO allocation_gate_codes (allocation_id, code, updated_at) VALUES ('408fb602-6625-5c17-bdd7-14d8b4488104', 'EUP-016', NOW());
INSERT INTO allocations (id, conference_id, user_id, country) VALUES ('4ad82be5-7cfe-57ab-9b7e-2a8d6cd7b06b', 'ea335867-32b5-5120-9c09-4756fd9b899d', NULL, 'Morten Lokkegaard');
INSERT INTO allocation_gate_codes (allocation_id, code, updated_at) VALUES ('4ad82be5-7cfe-57ab-9b7e-2a8d6cd7b06b', 'EUP-017', NOW());
INSERT INTO allocations (id, conference_id, user_id, country) VALUES ('e6d64cf1-af0b-5316-b4d1-af2f6c30296d', 'ea335867-32b5-5120-9c09-4756fd9b899d', NULL, 'Nicola Procaccini');
INSERT INTO allocation_gate_codes (allocation_id, code, updated_at) VALUES ('e6d64cf1-af0b-5316-b4d1-af2f6c30296d', 'EUP-018', NOW());
INSERT INTO allocations (id, conference_id, user_id, country) VALUES ('2810c0ad-da32-5eba-b810-554e6ce4869b', 'ea335867-32b5-5120-9c09-4756fd9b899d', NULL, 'Nicolas Schmit');
INSERT INTO allocation_gate_codes (allocation_id, code, updated_at) VALUES ('2810c0ad-da32-5eba-b810-554e6ce4869b', 'EUP-019', NOW());
INSERT INTO allocations (id, conference_id, user_id, country) VALUES ('90af1935-3856-5a59-983d-3fd20d5eaae8', 'ea335867-32b5-5120-9c09-4756fd9b899d', NULL, 'Roberta Metsola');
INSERT INTO allocation_gate_codes (allocation_id, code, updated_at) VALUES ('90af1935-3856-5a59-983d-3fd20d5eaae8', 'EUP-020', NOW());
INSERT INTO allocations (id, conference_id, user_id, country) VALUES ('e9b6279f-9723-5d38-823f-b3da29618084', 'ea335867-32b5-5120-9c09-4756fd9b899d', NULL, 'Saskia Bricmont');
INSERT INTO allocation_gate_codes (allocation_id, code, updated_at) VALUES ('e9b6279f-9723-5d38-823f-b3da29618084', 'EUP-021', NOW());
INSERT INTO allocations (id, conference_id, user_id, country) VALUES ('27d32ba9-5e88-54ba-897d-0cb7c47015b4', 'ea335867-32b5-5120-9c09-4756fd9b899d', NULL, 'Siegfried Muresan');
INSERT INTO allocation_gate_codes (allocation_id, code, updated_at) VALUES ('27d32ba9-5e88-54ba-897d-0cb7c47015b4', 'EUP-022', NOW());
INSERT INTO allocations (id, conference_id, user_id, country) VALUES ('c7f97687-956c-5f72-b811-225489b55ce5', 'ea335867-32b5-5120-9c09-4756fd9b899d', NULL, 'Terry Reintke');
INSERT INTO allocation_gate_codes (allocation_id, code, updated_at) VALUES ('c7f97687-956c-5f72-b811-225489b55ce5', 'EUP-023', NOW());
INSERT INTO allocations (id, conference_id, user_id, country) VALUES ('3bc9922b-d757-54e6-8b9c-03166725a2c7', 'ea335867-32b5-5120-9c09-4756fd9b899d', NULL, 'Valerie Hayer');
INSERT INTO allocation_gate_codes (allocation_id, code, updated_at) VALUES ('3bc9922b-d757-54e6-8b9c-03166725a2c7', 'EUP-024', NOW());
INSERT INTO allocations (id, conference_id, user_id, country) VALUES ('9490c3f0-64c1-56a3-9e06-b7d03bddd1e9', 'ea335867-32b5-5120-9c09-4756fd9b899d', NULL, 'Ylva Johansson');
INSERT INTO allocation_gate_codes (allocation_id, code, updated_at) VALUES ('9490c3f0-64c1-56a3-9e06-b7d03bddd1e9', 'EUP-025', NOW());

-- UNESCO topic 1: 30 allocations
INSERT INTO allocations (id, conference_id, user_id, country) VALUES ('6791a31c-b84b-5098-a3ee-87b66d0723fa', '1d9403b0-90ba-596d-b384-12a56904e2c7', NULL, 'Argentina');
INSERT INTO allocation_gate_codes (allocation_id, code, updated_at) VALUES ('6791a31c-b84b-5098-a3ee-87b66d0723fa', 'ESC-001', NOW());
INSERT INTO allocations (id, conference_id, user_id, country) VALUES ('c0a4f6a1-d731-5d87-8295-573e4b5c64fa', '1d9403b0-90ba-596d-b384-12a56904e2c7', NULL, 'Australia');
INSERT INTO allocation_gate_codes (allocation_id, code, updated_at) VALUES ('c0a4f6a1-d731-5d87-8295-573e4b5c64fa', 'ESC-002', NOW());
INSERT INTO allocations (id, conference_id, user_id, country) VALUES ('253a1e43-05e0-583a-aa73-a85443aed5e8', '1d9403b0-90ba-596d-b384-12a56904e2c7', NULL, 'Brazil');
INSERT INTO allocation_gate_codes (allocation_id, code, updated_at) VALUES ('253a1e43-05e0-583a-aa73-a85443aed5e8', 'ESC-003', NOW());
INSERT INTO allocations (id, conference_id, user_id, country) VALUES ('69b512ef-1518-5c85-8922-4d507d115fc7', '1d9403b0-90ba-596d-b384-12a56904e2c7', NULL, 'Cambodia');
INSERT INTO allocation_gate_codes (allocation_id, code, updated_at) VALUES ('69b512ef-1518-5c85-8922-4d507d115fc7', 'ESC-004', NOW());
INSERT INTO allocations (id, conference_id, user_id, country) VALUES ('92005eb0-017b-55e4-ac5d-bd6402584684', '1d9403b0-90ba-596d-b384-12a56904e2c7', NULL, 'Canada');
INSERT INTO allocation_gate_codes (allocation_id, code, updated_at) VALUES ('92005eb0-017b-55e4-ac5d-bd6402584684', 'ESC-005', NOW());
INSERT INTO allocations (id, conference_id, user_id, country) VALUES ('5cd451ba-1482-50a5-a4ff-13c508b41e59', '1d9403b0-90ba-596d-b384-12a56904e2c7', NULL, 'Colombia');
INSERT INTO allocation_gate_codes (allocation_id, code, updated_at) VALUES ('5cd451ba-1482-50a5-a4ff-13c508b41e59', 'ESC-006', NOW());
INSERT INTO allocations (id, conference_id, user_id, country) VALUES ('36bf4aca-f3cc-5397-a530-0a946a018989', '1d9403b0-90ba-596d-b384-12a56904e2c7', NULL, 'Cuba');
INSERT INTO allocation_gate_codes (allocation_id, code, updated_at) VALUES ('36bf4aca-f3cc-5397-a530-0a946a018989', 'ESC-007', NOW());
INSERT INTO allocations (id, conference_id, user_id, country) VALUES ('b3c99723-b874-506b-99b8-e17b3632d0db', '1d9403b0-90ba-596d-b384-12a56904e2c7', NULL, 'Finland');
INSERT INTO allocation_gate_codes (allocation_id, code, updated_at) VALUES ('b3c99723-b874-506b-99b8-e17b3632d0db', 'ESC-008', NOW());
INSERT INTO allocations (id, conference_id, user_id, country) VALUES ('bb47951c-a033-56ce-875e-53a8519bcb0e', '1d9403b0-90ba-596d-b384-12a56904e2c7', NULL, 'France');
INSERT INTO allocation_gate_codes (allocation_id, code, updated_at) VALUES ('bb47951c-a033-56ce-875e-53a8519bcb0e', 'ESC-009', NOW());
INSERT INTO allocations (id, conference_id, user_id, country) VALUES ('05c60b73-59dd-59de-a3c8-1ff3c4d59060', '1d9403b0-90ba-596d-b384-12a56904e2c7', NULL, 'Germany');
INSERT INTO allocation_gate_codes (allocation_id, code, updated_at) VALUES ('05c60b73-59dd-59de-a3c8-1ff3c4d59060', 'ESC-010', NOW());
INSERT INTO allocations (id, conference_id, user_id, country) VALUES ('a609f916-1547-5101-b1ab-a7b2300af089', '1d9403b0-90ba-596d-b384-12a56904e2c7', NULL, 'India');
INSERT INTO allocation_gate_codes (allocation_id, code, updated_at) VALUES ('a609f916-1547-5101-b1ab-a7b2300af089', 'ESC-011', NOW());
INSERT INTO allocations (id, conference_id, user_id, country) VALUES ('a4cd7b10-ee28-5546-b643-7ca7d3619bdb', '1d9403b0-90ba-596d-b384-12a56904e2c7', NULL, 'Ireland');
INSERT INTO allocation_gate_codes (allocation_id, code, updated_at) VALUES ('a4cd7b10-ee28-5546-b643-7ca7d3619bdb', 'ESC-012', NOW());
INSERT INTO allocations (id, conference_id, user_id, country) VALUES ('290a3461-62be-5018-a938-f72b7eb97f12', '1d9403b0-90ba-596d-b384-12a56904e2c7', NULL, 'Israel');
INSERT INTO allocation_gate_codes (allocation_id, code, updated_at) VALUES ('290a3461-62be-5018-a938-f72b7eb97f12', 'ESC-013', NOW());
INSERT INTO allocations (id, conference_id, user_id, country) VALUES ('04523076-70ff-5889-b696-f83e775e4fe4', '1d9403b0-90ba-596d-b384-12a56904e2c7', NULL, 'Japan');
INSERT INTO allocation_gate_codes (allocation_id, code, updated_at) VALUES ('04523076-70ff-5889-b696-f83e775e4fe4', 'ESC-014', NOW());
INSERT INTO allocations (id, conference_id, user_id, country) VALUES ('48740b42-82f4-5c4c-ad6c-0d757058477f', '1d9403b0-90ba-596d-b384-12a56904e2c7', NULL, 'Jordan');
INSERT INTO allocation_gate_codes (allocation_id, code, updated_at) VALUES ('48740b42-82f4-5c4c-ad6c-0d757058477f', 'ESC-015', NOW());
INSERT INTO allocations (id, conference_id, user_id, country) VALUES ('ee8f250d-30a4-5d07-b225-367fe8eb975b', '1d9403b0-90ba-596d-b384-12a56904e2c7', NULL, 'Kenya');
INSERT INTO allocation_gate_codes (allocation_id, code, updated_at) VALUES ('ee8f250d-30a4-5d07-b225-367fe8eb975b', 'ESC-016', NOW());
INSERT INTO allocations (id, conference_id, user_id, country) VALUES ('13492830-a694-5b16-8c69-5f4d4e41fe58', '1d9403b0-90ba-596d-b384-12a56904e2c7', NULL, 'Mexico');
INSERT INTO allocation_gate_codes (allocation_id, code, updated_at) VALUES ('13492830-a694-5b16-8c69-5f4d4e41fe58', 'ESC-017', NOW());
INSERT INTO allocations (id, conference_id, user_id, country) VALUES ('df335ea5-e88c-595f-a0e0-ebdc4a67fd55', '1d9403b0-90ba-596d-b384-12a56904e2c7', NULL, 'Norway');
INSERT INTO allocation_gate_codes (allocation_id, code, updated_at) VALUES ('df335ea5-e88c-595f-a0e0-ebdc4a67fd55', 'ESC-018', NOW());
INSERT INTO allocations (id, conference_id, user_id, country) VALUES ('11357eb0-8e0d-5226-9085-cff909d9595d', '1d9403b0-90ba-596d-b384-12a56904e2c7', NULL, 'Poland');
INSERT INTO allocation_gate_codes (allocation_id, code, updated_at) VALUES ('11357eb0-8e0d-5226-9085-cff909d9595d', 'ESC-019', NOW());
INSERT INTO allocations (id, conference_id, user_id, country) VALUES ('8413f256-90d5-5f6a-9f89-a587434b0c7e', '1d9403b0-90ba-596d-b384-12a56904e2c7', NULL, 'Rwanda');
INSERT INTO allocation_gate_codes (allocation_id, code, updated_at) VALUES ('8413f256-90d5-5f6a-9f89-a587434b0c7e', 'ESC-020', NOW());
INSERT INTO allocations (id, conference_id, user_id, country) VALUES ('c1748e5f-7906-59bb-8c0d-d56002c42ca2', '1d9403b0-90ba-596d-b384-12a56904e2c7', NULL, 'Serbia');
INSERT INTO allocation_gate_codes (allocation_id, code, updated_at) VALUES ('c1748e5f-7906-59bb-8c0d-d56002c42ca2', 'ESC-021', NOW());
INSERT INTO allocations (id, conference_id, user_id, country) VALUES ('3f7645f8-3cd9-5afe-9382-0c5f232f5df7', '1d9403b0-90ba-596d-b384-12a56904e2c7', NULL, 'Sierra Leone');
INSERT INTO allocation_gate_codes (allocation_id, code, updated_at) VALUES ('3f7645f8-3cd9-5afe-9382-0c5f232f5df7', 'ESC-022', NOW());
INSERT INTO allocations (id, conference_id, user_id, country) VALUES ('c8ab4af7-89c0-5d41-ad9a-454756b90467', '1d9403b0-90ba-596d-b384-12a56904e2c7', NULL, 'Singapore');
INSERT INTO allocation_gate_codes (allocation_id, code, updated_at) VALUES ('c8ab4af7-89c0-5d41-ad9a-454756b90467', 'ESC-023', NOW());
INSERT INTO allocations (id, conference_id, user_id, country) VALUES ('d5750b07-5918-597d-842a-d8cdffd0b5d0', '1d9403b0-90ba-596d-b384-12a56904e2c7', NULL, 'South Africa');
INSERT INTO allocation_gate_codes (allocation_id, code, updated_at) VALUES ('d5750b07-5918-597d-842a-d8cdffd0b5d0', 'ESC-024', NOW());
INSERT INTO allocations (id, conference_id, user_id, country) VALUES ('cd7209e2-3598-5ec4-a0e6-b7dc3394fb3b', '1d9403b0-90ba-596d-b384-12a56904e2c7', NULL, 'South Korea');
INSERT INTO allocation_gate_codes (allocation_id, code, updated_at) VALUES ('cd7209e2-3598-5ec4-a0e6-b7dc3394fb3b', 'ESC-025', NOW());
INSERT INTO allocations (id, conference_id, user_id, country) VALUES ('3a51224c-2f7f-5d4b-8229-0ba61bd7b7cf', '1d9403b0-90ba-596d-b384-12a56904e2c7', NULL, 'Spain');
INSERT INTO allocation_gate_codes (allocation_id, code, updated_at) VALUES ('3a51224c-2f7f-5d4b-8229-0ba61bd7b7cf', 'ESC-026', NOW());
INSERT INTO allocations (id, conference_id, user_id, country) VALUES ('dbfc2a9d-f889-52d2-82dc-eec62b13ad31', '1d9403b0-90ba-596d-b384-12a56904e2c7', NULL, 'Thailand');
INSERT INTO allocation_gate_codes (allocation_id, code, updated_at) VALUES ('dbfc2a9d-f889-52d2-82dc-eec62b13ad31', 'ESC-027', NOW());
INSERT INTO allocations (id, conference_id, user_id, country) VALUES ('a012e335-9703-5a12-a2e0-7fc1d7fa5ef4', '1d9403b0-90ba-596d-b384-12a56904e2c7', NULL, 'Turkey');
INSERT INTO allocation_gate_codes (allocation_id, code, updated_at) VALUES ('a012e335-9703-5a12-a2e0-7fc1d7fa5ef4', 'ESC-028', NOW());
INSERT INTO allocations (id, conference_id, user_id, country) VALUES ('e9f78690-bcf9-512f-803e-3b079fabf1d6', '1d9403b0-90ba-596d-b384-12a56904e2c7', NULL, 'United Arab Emirates');
INSERT INTO allocation_gate_codes (allocation_id, code, updated_at) VALUES ('e9f78690-bcf9-512f-803e-3b079fabf1d6', 'ESC-029', NOW());
INSERT INTO allocations (id, conference_id, user_id, country) VALUES ('69ef14b2-b1bd-54cf-9e90-f8d127d05c9a', '1d9403b0-90ba-596d-b384-12a56904e2c7', NULL, 'United States');
INSERT INTO allocation_gate_codes (allocation_id, code, updated_at) VALUES ('69ef14b2-b1bd-54cf-9e90-f8d127d05c9a', 'ESC-030', NOW());

-- UNESCO topic 2: 30 allocations
INSERT INTO allocations (id, conference_id, user_id, country) VALUES ('0a5a97db-3268-551d-b7ac-fcf2f6cd6818', 'c528128f-e345-53de-87af-08b959d88aeb', NULL, 'Argentina');
INSERT INTO allocation_gate_codes (allocation_id, code, updated_at) VALUES ('0a5a97db-3268-551d-b7ac-fcf2f6cd6818', 'ESC-001', NOW());
INSERT INTO allocations (id, conference_id, user_id, country) VALUES ('2bfcf8ab-0934-59b3-b8da-9866c53037bc', 'c528128f-e345-53de-87af-08b959d88aeb', NULL, 'Australia');
INSERT INTO allocation_gate_codes (allocation_id, code, updated_at) VALUES ('2bfcf8ab-0934-59b3-b8da-9866c53037bc', 'ESC-002', NOW());
INSERT INTO allocations (id, conference_id, user_id, country) VALUES ('8d6a2960-a8ba-515c-9cef-911311b8a1a6', 'c528128f-e345-53de-87af-08b959d88aeb', NULL, 'Brazil');
INSERT INTO allocation_gate_codes (allocation_id, code, updated_at) VALUES ('8d6a2960-a8ba-515c-9cef-911311b8a1a6', 'ESC-003', NOW());
INSERT INTO allocations (id, conference_id, user_id, country) VALUES ('05cc9d63-12de-5d94-b3d9-6633a0873abe', 'c528128f-e345-53de-87af-08b959d88aeb', NULL, 'Cambodia');
INSERT INTO allocation_gate_codes (allocation_id, code, updated_at) VALUES ('05cc9d63-12de-5d94-b3d9-6633a0873abe', 'ESC-004', NOW());
INSERT INTO allocations (id, conference_id, user_id, country) VALUES ('b07c4707-89da-51ed-a044-595d59b7602d', 'c528128f-e345-53de-87af-08b959d88aeb', NULL, 'Canada');
INSERT INTO allocation_gate_codes (allocation_id, code, updated_at) VALUES ('b07c4707-89da-51ed-a044-595d59b7602d', 'ESC-005', NOW());
INSERT INTO allocations (id, conference_id, user_id, country) VALUES ('b83d4e87-6438-5fd2-bccc-4743c795adcc', 'c528128f-e345-53de-87af-08b959d88aeb', NULL, 'Colombia');
INSERT INTO allocation_gate_codes (allocation_id, code, updated_at) VALUES ('b83d4e87-6438-5fd2-bccc-4743c795adcc', 'ESC-006', NOW());
INSERT INTO allocations (id, conference_id, user_id, country) VALUES ('f8db9d11-3fca-5f91-8ab8-bdb28ba2d2b8', 'c528128f-e345-53de-87af-08b959d88aeb', NULL, 'Cuba');
INSERT INTO allocation_gate_codes (allocation_id, code, updated_at) VALUES ('f8db9d11-3fca-5f91-8ab8-bdb28ba2d2b8', 'ESC-007', NOW());
INSERT INTO allocations (id, conference_id, user_id, country) VALUES ('92e4739d-79e6-51af-9627-c5d3d7ab88c1', 'c528128f-e345-53de-87af-08b959d88aeb', NULL, 'Finland');
INSERT INTO allocation_gate_codes (allocation_id, code, updated_at) VALUES ('92e4739d-79e6-51af-9627-c5d3d7ab88c1', 'ESC-008', NOW());
INSERT INTO allocations (id, conference_id, user_id, country) VALUES ('ebb306a4-00fe-5ac6-bcf2-4b2e8cd9ef61', 'c528128f-e345-53de-87af-08b959d88aeb', NULL, 'France');
INSERT INTO allocation_gate_codes (allocation_id, code, updated_at) VALUES ('ebb306a4-00fe-5ac6-bcf2-4b2e8cd9ef61', 'ESC-009', NOW());
INSERT INTO allocations (id, conference_id, user_id, country) VALUES ('91c77c75-5c97-5653-aa0d-2a90c914a89b', 'c528128f-e345-53de-87af-08b959d88aeb', NULL, 'Germany');
INSERT INTO allocation_gate_codes (allocation_id, code, updated_at) VALUES ('91c77c75-5c97-5653-aa0d-2a90c914a89b', 'ESC-010', NOW());
INSERT INTO allocations (id, conference_id, user_id, country) VALUES ('7ff57326-da3f-5b3d-8bae-8108980ce84a', 'c528128f-e345-53de-87af-08b959d88aeb', NULL, 'India');
INSERT INTO allocation_gate_codes (allocation_id, code, updated_at) VALUES ('7ff57326-da3f-5b3d-8bae-8108980ce84a', 'ESC-011', NOW());
INSERT INTO allocations (id, conference_id, user_id, country) VALUES ('67072e31-9881-5062-921f-954a7055f32a', 'c528128f-e345-53de-87af-08b959d88aeb', NULL, 'Ireland');
INSERT INTO allocation_gate_codes (allocation_id, code, updated_at) VALUES ('67072e31-9881-5062-921f-954a7055f32a', 'ESC-012', NOW());
INSERT INTO allocations (id, conference_id, user_id, country) VALUES ('595b4e1c-e521-52e1-8606-7a2fa94123ba', 'c528128f-e345-53de-87af-08b959d88aeb', NULL, 'Israel');
INSERT INTO allocation_gate_codes (allocation_id, code, updated_at) VALUES ('595b4e1c-e521-52e1-8606-7a2fa94123ba', 'ESC-013', NOW());
INSERT INTO allocations (id, conference_id, user_id, country) VALUES ('58a1ee70-fe52-58ec-b070-47c6c3dc18c9', 'c528128f-e345-53de-87af-08b959d88aeb', NULL, 'Japan');
INSERT INTO allocation_gate_codes (allocation_id, code, updated_at) VALUES ('58a1ee70-fe52-58ec-b070-47c6c3dc18c9', 'ESC-014', NOW());
INSERT INTO allocations (id, conference_id, user_id, country) VALUES ('85d99191-af83-55e7-bd13-987f3c3ab029', 'c528128f-e345-53de-87af-08b959d88aeb', NULL, 'Jordan');
INSERT INTO allocation_gate_codes (allocation_id, code, updated_at) VALUES ('85d99191-af83-55e7-bd13-987f3c3ab029', 'ESC-015', NOW());
INSERT INTO allocations (id, conference_id, user_id, country) VALUES ('c96a52f3-487c-54eb-a34f-1d17769f83c7', 'c528128f-e345-53de-87af-08b959d88aeb', NULL, 'Kenya');
INSERT INTO allocation_gate_codes (allocation_id, code, updated_at) VALUES ('c96a52f3-487c-54eb-a34f-1d17769f83c7', 'ESC-016', NOW());
INSERT INTO allocations (id, conference_id, user_id, country) VALUES ('011a8c6d-8d0a-5523-9c83-5cf030583327', 'c528128f-e345-53de-87af-08b959d88aeb', NULL, 'Mexico');
INSERT INTO allocation_gate_codes (allocation_id, code, updated_at) VALUES ('011a8c6d-8d0a-5523-9c83-5cf030583327', 'ESC-017', NOW());
INSERT INTO allocations (id, conference_id, user_id, country) VALUES ('aa18f5a3-1b84-542b-a5fb-deee929bec9f', 'c528128f-e345-53de-87af-08b959d88aeb', NULL, 'Norway');
INSERT INTO allocation_gate_codes (allocation_id, code, updated_at) VALUES ('aa18f5a3-1b84-542b-a5fb-deee929bec9f', 'ESC-018', NOW());
INSERT INTO allocations (id, conference_id, user_id, country) VALUES ('9ae73811-d16f-58cf-806e-bfd56e7a08d1', 'c528128f-e345-53de-87af-08b959d88aeb', NULL, 'Poland');
INSERT INTO allocation_gate_codes (allocation_id, code, updated_at) VALUES ('9ae73811-d16f-58cf-806e-bfd56e7a08d1', 'ESC-019', NOW());
INSERT INTO allocations (id, conference_id, user_id, country) VALUES ('736c80e2-1db7-5e6f-9281-bba276f81e6c', 'c528128f-e345-53de-87af-08b959d88aeb', NULL, 'Rwanda');
INSERT INTO allocation_gate_codes (allocation_id, code, updated_at) VALUES ('736c80e2-1db7-5e6f-9281-bba276f81e6c', 'ESC-020', NOW());
INSERT INTO allocations (id, conference_id, user_id, country) VALUES ('55f3fa1c-892e-560f-aad6-81c22f0f1bf4', 'c528128f-e345-53de-87af-08b959d88aeb', NULL, 'Serbia');
INSERT INTO allocation_gate_codes (allocation_id, code, updated_at) VALUES ('55f3fa1c-892e-560f-aad6-81c22f0f1bf4', 'ESC-021', NOW());
INSERT INTO allocations (id, conference_id, user_id, country) VALUES ('bff4dc56-0bff-5e32-bc4d-8e3dfb86e691', 'c528128f-e345-53de-87af-08b959d88aeb', NULL, 'Sierra Leone');
INSERT INTO allocation_gate_codes (allocation_id, code, updated_at) VALUES ('bff4dc56-0bff-5e32-bc4d-8e3dfb86e691', 'ESC-022', NOW());
INSERT INTO allocations (id, conference_id, user_id, country) VALUES ('e149dc93-2d1a-5dc4-9163-9cc8dfe3df89', 'c528128f-e345-53de-87af-08b959d88aeb', NULL, 'Singapore');
INSERT INTO allocation_gate_codes (allocation_id, code, updated_at) VALUES ('e149dc93-2d1a-5dc4-9163-9cc8dfe3df89', 'ESC-023', NOW());
INSERT INTO allocations (id, conference_id, user_id, country) VALUES ('1d6ae291-098f-5e65-b2c0-78c78d138583', 'c528128f-e345-53de-87af-08b959d88aeb', NULL, 'South Africa');
INSERT INTO allocation_gate_codes (allocation_id, code, updated_at) VALUES ('1d6ae291-098f-5e65-b2c0-78c78d138583', 'ESC-024', NOW());
INSERT INTO allocations (id, conference_id, user_id, country) VALUES ('f4b285dc-9325-5e05-89e6-79ee0293763e', 'c528128f-e345-53de-87af-08b959d88aeb', NULL, 'South Korea');
INSERT INTO allocation_gate_codes (allocation_id, code, updated_at) VALUES ('f4b285dc-9325-5e05-89e6-79ee0293763e', 'ESC-025', NOW());
INSERT INTO allocations (id, conference_id, user_id, country) VALUES ('66703829-300d-539c-a7e7-367a8d3545c2', 'c528128f-e345-53de-87af-08b959d88aeb', NULL, 'Spain');
INSERT INTO allocation_gate_codes (allocation_id, code, updated_at) VALUES ('66703829-300d-539c-a7e7-367a8d3545c2', 'ESC-026', NOW());
INSERT INTO allocations (id, conference_id, user_id, country) VALUES ('af37e2f5-f9a4-52e6-8d6b-a5f6a7930b53', 'c528128f-e345-53de-87af-08b959d88aeb', NULL, 'Thailand');
INSERT INTO allocation_gate_codes (allocation_id, code, updated_at) VALUES ('af37e2f5-f9a4-52e6-8d6b-a5f6a7930b53', 'ESC-027', NOW());
INSERT INTO allocations (id, conference_id, user_id, country) VALUES ('28ead463-62ea-55b7-b0c4-c7ecc2bd5952', 'c528128f-e345-53de-87af-08b959d88aeb', NULL, 'Turkey');
INSERT INTO allocation_gate_codes (allocation_id, code, updated_at) VALUES ('28ead463-62ea-55b7-b0c4-c7ecc2bd5952', 'ESC-028', NOW());
INSERT INTO allocations (id, conference_id, user_id, country) VALUES ('c0f525ae-b08e-5bab-b82b-4b94c5af9d38', 'c528128f-e345-53de-87af-08b959d88aeb', NULL, 'United Arab Emirates');
INSERT INTO allocation_gate_codes (allocation_id, code, updated_at) VALUES ('c0f525ae-b08e-5bab-b82b-4b94c5af9d38', 'ESC-029', NOW());
INSERT INTO allocations (id, conference_id, user_id, country) VALUES ('fd78b0b5-2277-5573-91d8-9efbd66e8a81', 'c528128f-e345-53de-87af-08b959d88aeb', NULL, 'United States');
INSERT INTO allocation_gate_codes (allocation_id, code, updated_at) VALUES ('fd78b0b5-2277-5573-91d8-9efbd66e8a81', 'ESC-030', NOW());

-- UNHRC topic 1: 30 allocations
INSERT INTO allocations (id, conference_id, user_id, country) VALUES ('c629fd9f-6750-5ec3-88d1-3cc247f481ed', '997909f3-6e59-5c48-9490-e2a5e698d060', NULL, 'Brazil');
INSERT INTO allocation_gate_codes (allocation_id, code, updated_at) VALUES ('c629fd9f-6750-5ec3-88d1-3cc247f481ed', 'HRC-001', NOW());
INSERT INTO allocations (id, conference_id, user_id, country) VALUES ('f3dbf87e-210b-5bcc-a706-539f5bbb6cf8', '997909f3-6e59-5c48-9490-e2a5e698d060', NULL, 'Canada');
INSERT INTO allocation_gate_codes (allocation_id, code, updated_at) VALUES ('f3dbf87e-210b-5bcc-a706-539f5bbb6cf8', 'HRC-002', NOW());
INSERT INTO allocations (id, conference_id, user_id, country) VALUES ('90deb3fe-79d5-5934-a14e-88dd35e9c445', '997909f3-6e59-5c48-9490-e2a5e698d060', NULL, 'China');
INSERT INTO allocation_gate_codes (allocation_id, code, updated_at) VALUES ('90deb3fe-79d5-5934-a14e-88dd35e9c445', 'HRC-003', NOW());
INSERT INTO allocations (id, conference_id, user_id, country) VALUES ('e1a1ba82-7096-5b88-b7ad-0b665f455a02', '997909f3-6e59-5c48-9490-e2a5e698d060', NULL, 'Egypt');
INSERT INTO allocation_gate_codes (allocation_id, code, updated_at) VALUES ('e1a1ba82-7096-5b88-b7ad-0b665f455a02', 'HRC-004', NOW());
INSERT INTO allocations (id, conference_id, user_id, country) VALUES ('29c58503-26ba-5931-a07b-c36aee81212d', '997909f3-6e59-5c48-9490-e2a5e698d060', NULL, 'El Salvador');
INSERT INTO allocation_gate_codes (allocation_id, code, updated_at) VALUES ('29c58503-26ba-5931-a07b-c36aee81212d', 'HRC-005', NOW());
INSERT INTO allocations (id, conference_id, user_id, country) VALUES ('34ad1194-f049-5aa5-996a-345a174034b3', '997909f3-6e59-5c48-9490-e2a5e698d060', NULL, 'France');
INSERT INTO allocation_gate_codes (allocation_id, code, updated_at) VALUES ('34ad1194-f049-5aa5-996a-345a174034b3', 'HRC-006', NOW());
INSERT INTO allocations (id, conference_id, user_id, country) VALUES ('2577316b-b10f-5823-b8fc-a4c1067363f8', '997909f3-6e59-5c48-9490-e2a5e698d060', NULL, 'Germany');
INSERT INTO allocation_gate_codes (allocation_id, code, updated_at) VALUES ('2577316b-b10f-5823-b8fc-a4c1067363f8', 'HRC-007', NOW());
INSERT INTO allocations (id, conference_id, user_id, country) VALUES ('f3188c12-145e-550d-a69f-b4c20b4e4ebd', '997909f3-6e59-5c48-9490-e2a5e698d060', NULL, 'India');
INSERT INTO allocation_gate_codes (allocation_id, code, updated_at) VALUES ('f3188c12-145e-550d-a69f-b4c20b4e4ebd', 'HRC-008', NOW());
INSERT INTO allocations (id, conference_id, user_id, country) VALUES ('aadbb005-ddcf-5021-a5d9-24edc16d1f5a', '997909f3-6e59-5c48-9490-e2a5e698d060', NULL, 'Indonesia');
INSERT INTO allocation_gate_codes (allocation_id, code, updated_at) VALUES ('aadbb005-ddcf-5021-a5d9-24edc16d1f5a', 'HRC-009', NOW());
INSERT INTO allocations (id, conference_id, user_id, country) VALUES ('4d6f0db3-e361-5b2b-9c99-352c6e1ef3ad', '997909f3-6e59-5c48-9490-e2a5e698d060', NULL, 'Iran');
INSERT INTO allocation_gate_codes (allocation_id, code, updated_at) VALUES ('4d6f0db3-e361-5b2b-9c99-352c6e1ef3ad', 'HRC-010', NOW());
INSERT INTO allocations (id, conference_id, user_id, country) VALUES ('f2a60e1c-aeea-560d-9771-d3c1b24f1a54', '997909f3-6e59-5c48-9490-e2a5e698d060', NULL, 'Japan');
INSERT INTO allocation_gate_codes (allocation_id, code, updated_at) VALUES ('f2a60e1c-aeea-560d-9771-d3c1b24f1a54', 'HRC-011', NOW());
INSERT INTO allocations (id, conference_id, user_id, country) VALUES ('7a598272-3911-53fe-ac6c-f77e5204d9da', '997909f3-6e59-5c48-9490-e2a5e698d060', NULL, 'Italy');
INSERT INTO allocation_gate_codes (allocation_id, code, updated_at) VALUES ('7a598272-3911-53fe-ac6c-f77e5204d9da', 'HRC-012', NOW());
INSERT INTO allocations (id, conference_id, user_id, country) VALUES ('39cd8808-f8ab-546a-8d6a-f97bbc9c645f', '997909f3-6e59-5c48-9490-e2a5e698d060', NULL, 'Australia');
INSERT INTO allocation_gate_codes (allocation_id, code, updated_at) VALUES ('39cd8808-f8ab-546a-8d6a-f97bbc9c645f', 'HRC-013', NOW());
INSERT INTO allocations (id, conference_id, user_id, country) VALUES ('81f0edec-b401-55da-90c9-98485b21b7ca', '997909f3-6e59-5c48-9490-e2a5e698d060', NULL, 'Mexico');
INSERT INTO allocation_gate_codes (allocation_id, code, updated_at) VALUES ('81f0edec-b401-55da-90c9-98485b21b7ca', 'HRC-014', NOW());
INSERT INTO allocations (id, conference_id, user_id, country) VALUES ('22fc0901-9d7f-5603-8577-1825bdccd73c', '997909f3-6e59-5c48-9490-e2a5e698d060', NULL, 'Nigeria');
INSERT INTO allocation_gate_codes (allocation_id, code, updated_at) VALUES ('22fc0901-9d7f-5603-8577-1825bdccd73c', 'HRC-015', NOW());
INSERT INTO allocations (id, conference_id, user_id, country) VALUES ('512c42cc-b4e0-5468-ac34-e14eccc4a090', '997909f3-6e59-5c48-9490-e2a5e698d060', NULL, 'United Kingdom');
INSERT INTO allocation_gate_codes (allocation_id, code, updated_at) VALUES ('512c42cc-b4e0-5468-ac34-e14eccc4a090', 'HRC-016', NOW());
INSERT INTO allocations (id, conference_id, user_id, country) VALUES ('bd3257c2-d880-59de-b5da-1a848482e9d6', '997909f3-6e59-5c48-9490-e2a5e698d060', NULL, 'Norway');
INSERT INTO allocation_gate_codes (allocation_id, code, updated_at) VALUES ('bd3257c2-d880-59de-b5da-1a848482e9d6', 'HRC-017', NOW());
INSERT INTO allocations (id, conference_id, user_id, country) VALUES ('d308265f-1fdb-5719-86d5-face8fd21160', '997909f3-6e59-5c48-9490-e2a5e698d060', NULL, 'Pakistan');
INSERT INTO allocation_gate_codes (allocation_id, code, updated_at) VALUES ('d308265f-1fdb-5719-86d5-face8fd21160', 'HRC-018', NOW());
INSERT INTO allocations (id, conference_id, user_id, country) VALUES ('88d0324a-f449-58bc-b134-2a5ecc589ad6', '997909f3-6e59-5c48-9490-e2a5e698d060', NULL, 'Argentina');
INSERT INTO allocation_gate_codes (allocation_id, code, updated_at) VALUES ('88d0324a-f449-58bc-b134-2a5ecc589ad6', 'HRC-019', NOW());
INSERT INTO allocations (id, conference_id, user_id, country) VALUES ('e2ff671a-385b-5108-a676-c8c4cbbda3d1', '997909f3-6e59-5c48-9490-e2a5e698d060', NULL, 'Chile');
INSERT INTO allocation_gate_codes (allocation_id, code, updated_at) VALUES ('e2ff671a-385b-5108-a676-c8c4cbbda3d1', 'HRC-020', NOW());
INSERT INTO allocations (id, conference_id, user_id, country) VALUES ('39d4fd1e-b270-5169-900f-d314d3011bbb', '997909f3-6e59-5c48-9490-e2a5e698d060', NULL, 'South Korea');
INSERT INTO allocation_gate_codes (allocation_id, code, updated_at) VALUES ('39d4fd1e-b270-5169-900f-d314d3011bbb', 'HRC-021', NOW());
INSERT INTO allocations (id, conference_id, user_id, country) VALUES ('1ebef60a-b1df-5ca5-9ce5-1e5bc155d663', '997909f3-6e59-5c48-9490-e2a5e698d060', NULL, 'Switzerland');
INSERT INTO allocation_gate_codes (allocation_id, code, updated_at) VALUES ('1ebef60a-b1df-5ca5-9ce5-1e5bc155d663', 'HRC-022', NOW());
INSERT INTO allocations (id, conference_id, user_id, country) VALUES ('21092146-1987-547a-a131-48a2a4a262e2', '997909f3-6e59-5c48-9490-e2a5e698d060', NULL, 'Philippines');
INSERT INTO allocation_gate_codes (allocation_id, code, updated_at) VALUES ('21092146-1987-547a-a131-48a2a4a262e2', 'HRC-023', NOW());
INSERT INTO allocations (id, conference_id, user_id, country) VALUES ('5d22e214-8818-5f4c-905b-ddce1eda3c77', '997909f3-6e59-5c48-9490-e2a5e698d060', NULL, 'Saudi Arabia');
INSERT INTO allocation_gate_codes (allocation_id, code, updated_at) VALUES ('5d22e214-8818-5f4c-905b-ddce1eda3c77', 'HRC-024', NOW());
INSERT INTO allocations (id, conference_id, user_id, country) VALUES ('1b10c8b3-9079-5341-a046-dc5270b72ca3', '997909f3-6e59-5c48-9490-e2a5e698d060', NULL, 'Singapore');
INSERT INTO allocation_gate_codes (allocation_id, code, updated_at) VALUES ('1b10c8b3-9079-5341-a046-dc5270b72ca3', 'HRC-025', NOW());
INSERT INTO allocations (id, conference_id, user_id, country) VALUES ('3746135b-715d-5538-ac30-40c24409df4d', '997909f3-6e59-5c48-9490-e2a5e698d060', NULL, 'South Africa');
INSERT INTO allocation_gate_codes (allocation_id, code, updated_at) VALUES ('3746135b-715d-5538-ac30-40c24409df4d', 'HRC-026', NOW());
INSERT INTO allocations (id, conference_id, user_id, country) VALUES ('a13649c8-dbe6-50bf-9ce0-903ca0295936', '997909f3-6e59-5c48-9490-e2a5e698d060', NULL, 'Thailand');
INSERT INTO allocation_gate_codes (allocation_id, code, updated_at) VALUES ('a13649c8-dbe6-50bf-9ce0-903ca0295936', 'HRC-027', NOW());
INSERT INTO allocations (id, conference_id, user_id, country) VALUES ('0e79699f-4fc9-5de3-a24f-5dd0648a01b8', '997909f3-6e59-5c48-9490-e2a5e698d060', NULL, 'Turkey');
INSERT INTO allocation_gate_codes (allocation_id, code, updated_at) VALUES ('0e79699f-4fc9-5de3-a24f-5dd0648a01b8', 'HRC-028', NOW());
INSERT INTO allocations (id, conference_id, user_id, country) VALUES ('c38ec75a-3aec-58a6-bc1b-2c27fcdd2cba', '997909f3-6e59-5c48-9490-e2a5e698d060', NULL, 'United States');
INSERT INTO allocation_gate_codes (allocation_id, code, updated_at) VALUES ('c38ec75a-3aec-58a6-bc1b-2c27fcdd2cba', 'HRC-029', NOW());
INSERT INTO allocations (id, conference_id, user_id, country) VALUES ('e04052ad-4b29-5598-8720-8517a19fb440', '997909f3-6e59-5c48-9490-e2a5e698d060', NULL, 'Vietnam');
INSERT INTO allocation_gate_codes (allocation_id, code, updated_at) VALUES ('e04052ad-4b29-5598-8720-8517a19fb440', 'HRC-030', NOW());

-- UNHRC topic 2: 30 allocations
INSERT INTO allocations (id, conference_id, user_id, country) VALUES ('6aa6c048-4b2d-55e3-a060-deba761aa141', 'e69e3c59-db81-5536-8490-f7f939526461', NULL, 'Brazil');
INSERT INTO allocation_gate_codes (allocation_id, code, updated_at) VALUES ('6aa6c048-4b2d-55e3-a060-deba761aa141', 'HRC-001', NOW());
INSERT INTO allocations (id, conference_id, user_id, country) VALUES ('0aba5c12-5545-5414-9ffd-b5d47ed6a5ad', 'e69e3c59-db81-5536-8490-f7f939526461', NULL, 'Canada');
INSERT INTO allocation_gate_codes (allocation_id, code, updated_at) VALUES ('0aba5c12-5545-5414-9ffd-b5d47ed6a5ad', 'HRC-002', NOW());
INSERT INTO allocations (id, conference_id, user_id, country) VALUES ('d5e3e7af-0eec-516d-baed-fa22bdd41abc', 'e69e3c59-db81-5536-8490-f7f939526461', NULL, 'China');
INSERT INTO allocation_gate_codes (allocation_id, code, updated_at) VALUES ('d5e3e7af-0eec-516d-baed-fa22bdd41abc', 'HRC-003', NOW());
INSERT INTO allocations (id, conference_id, user_id, country) VALUES ('e330edd4-485c-5049-84e5-c74c36efa5d7', 'e69e3c59-db81-5536-8490-f7f939526461', NULL, 'Egypt');
INSERT INTO allocation_gate_codes (allocation_id, code, updated_at) VALUES ('e330edd4-485c-5049-84e5-c74c36efa5d7', 'HRC-004', NOW());
INSERT INTO allocations (id, conference_id, user_id, country) VALUES ('cdad664e-7ff7-5105-bcb2-eedf37c2c2e5', 'e69e3c59-db81-5536-8490-f7f939526461', NULL, 'El Salvador');
INSERT INTO allocation_gate_codes (allocation_id, code, updated_at) VALUES ('cdad664e-7ff7-5105-bcb2-eedf37c2c2e5', 'HRC-005', NOW());
INSERT INTO allocations (id, conference_id, user_id, country) VALUES ('f291a9c7-c568-5efa-8d18-985b4ee7e936', 'e69e3c59-db81-5536-8490-f7f939526461', NULL, 'France');
INSERT INTO allocation_gate_codes (allocation_id, code, updated_at) VALUES ('f291a9c7-c568-5efa-8d18-985b4ee7e936', 'HRC-006', NOW());
INSERT INTO allocations (id, conference_id, user_id, country) VALUES ('a971715e-e490-5877-9bdd-599c921daa8b', 'e69e3c59-db81-5536-8490-f7f939526461', NULL, 'Germany');
INSERT INTO allocation_gate_codes (allocation_id, code, updated_at) VALUES ('a971715e-e490-5877-9bdd-599c921daa8b', 'HRC-007', NOW());
INSERT INTO allocations (id, conference_id, user_id, country) VALUES ('1604074e-6c90-5741-b06e-25caf89dce86', 'e69e3c59-db81-5536-8490-f7f939526461', NULL, 'India');
INSERT INTO allocation_gate_codes (allocation_id, code, updated_at) VALUES ('1604074e-6c90-5741-b06e-25caf89dce86', 'HRC-008', NOW());
INSERT INTO allocations (id, conference_id, user_id, country) VALUES ('79be2634-ef0f-5ed7-9bf7-b4c6e851b97f', 'e69e3c59-db81-5536-8490-f7f939526461', NULL, 'Indonesia');
INSERT INTO allocation_gate_codes (allocation_id, code, updated_at) VALUES ('79be2634-ef0f-5ed7-9bf7-b4c6e851b97f', 'HRC-009', NOW());
INSERT INTO allocations (id, conference_id, user_id, country) VALUES ('4bffbeb8-313d-5f9e-b634-4a3de2eb0e6d', 'e69e3c59-db81-5536-8490-f7f939526461', NULL, 'Iran');
INSERT INTO allocation_gate_codes (allocation_id, code, updated_at) VALUES ('4bffbeb8-313d-5f9e-b634-4a3de2eb0e6d', 'HRC-010', NOW());
INSERT INTO allocations (id, conference_id, user_id, country) VALUES ('6b607724-ce75-5d11-a2ff-80ccc4a59c6f', 'e69e3c59-db81-5536-8490-f7f939526461', NULL, 'Japan');
INSERT INTO allocation_gate_codes (allocation_id, code, updated_at) VALUES ('6b607724-ce75-5d11-a2ff-80ccc4a59c6f', 'HRC-011', NOW());
INSERT INTO allocations (id, conference_id, user_id, country) VALUES ('1f40b7c2-f9c9-5dae-a713-382143f05456', 'e69e3c59-db81-5536-8490-f7f939526461', NULL, 'Italy');
INSERT INTO allocation_gate_codes (allocation_id, code, updated_at) VALUES ('1f40b7c2-f9c9-5dae-a713-382143f05456', 'HRC-012', NOW());
INSERT INTO allocations (id, conference_id, user_id, country) VALUES ('a6a4f68c-6a39-56e0-9e74-50dd2fef4e5c', 'e69e3c59-db81-5536-8490-f7f939526461', NULL, 'Australia');
INSERT INTO allocation_gate_codes (allocation_id, code, updated_at) VALUES ('a6a4f68c-6a39-56e0-9e74-50dd2fef4e5c', 'HRC-013', NOW());
INSERT INTO allocations (id, conference_id, user_id, country) VALUES ('e1c250b2-cd74-5f6c-8932-81c2e10a168f', 'e69e3c59-db81-5536-8490-f7f939526461', NULL, 'Mexico');
INSERT INTO allocation_gate_codes (allocation_id, code, updated_at) VALUES ('e1c250b2-cd74-5f6c-8932-81c2e10a168f', 'HRC-014', NOW());
INSERT INTO allocations (id, conference_id, user_id, country) VALUES ('691ea32a-7178-5a5b-a7e6-c4aec3ef16e8', 'e69e3c59-db81-5536-8490-f7f939526461', NULL, 'Nigeria');
INSERT INTO allocation_gate_codes (allocation_id, code, updated_at) VALUES ('691ea32a-7178-5a5b-a7e6-c4aec3ef16e8', 'HRC-015', NOW());
INSERT INTO allocations (id, conference_id, user_id, country) VALUES ('3555cf72-186c-5d70-9876-671686de23d7', 'e69e3c59-db81-5536-8490-f7f939526461', NULL, 'United Kingdom');
INSERT INTO allocation_gate_codes (allocation_id, code, updated_at) VALUES ('3555cf72-186c-5d70-9876-671686de23d7', 'HRC-016', NOW());
INSERT INTO allocations (id, conference_id, user_id, country) VALUES ('cd6d7ca2-e22e-5023-894f-532d2c741081', 'e69e3c59-db81-5536-8490-f7f939526461', NULL, 'Norway');
INSERT INTO allocation_gate_codes (allocation_id, code, updated_at) VALUES ('cd6d7ca2-e22e-5023-894f-532d2c741081', 'HRC-017', NOW());
INSERT INTO allocations (id, conference_id, user_id, country) VALUES ('33579432-f9ec-507f-b9bd-c8344dd5d971', 'e69e3c59-db81-5536-8490-f7f939526461', NULL, 'Pakistan');
INSERT INTO allocation_gate_codes (allocation_id, code, updated_at) VALUES ('33579432-f9ec-507f-b9bd-c8344dd5d971', 'HRC-018', NOW());
INSERT INTO allocations (id, conference_id, user_id, country) VALUES ('5050c123-ece4-5292-aa0d-6474497d703b', 'e69e3c59-db81-5536-8490-f7f939526461', NULL, 'Argentina');
INSERT INTO allocation_gate_codes (allocation_id, code, updated_at) VALUES ('5050c123-ece4-5292-aa0d-6474497d703b', 'HRC-019', NOW());
INSERT INTO allocations (id, conference_id, user_id, country) VALUES ('204e7dd5-f9f7-53a2-9018-d0ca8a59bde1', 'e69e3c59-db81-5536-8490-f7f939526461', NULL, 'Chile');
INSERT INTO allocation_gate_codes (allocation_id, code, updated_at) VALUES ('204e7dd5-f9f7-53a2-9018-d0ca8a59bde1', 'HRC-020', NOW());
INSERT INTO allocations (id, conference_id, user_id, country) VALUES ('8eab3c2f-bfb2-5906-8ebd-553f9f598627', 'e69e3c59-db81-5536-8490-f7f939526461', NULL, 'South Korea');
INSERT INTO allocation_gate_codes (allocation_id, code, updated_at) VALUES ('8eab3c2f-bfb2-5906-8ebd-553f9f598627', 'HRC-021', NOW());
INSERT INTO allocations (id, conference_id, user_id, country) VALUES ('eb7d7cb1-5866-5495-894b-2db7c34adb01', 'e69e3c59-db81-5536-8490-f7f939526461', NULL, 'Switzerland');
INSERT INTO allocation_gate_codes (allocation_id, code, updated_at) VALUES ('eb7d7cb1-5866-5495-894b-2db7c34adb01', 'HRC-022', NOW());
INSERT INTO allocations (id, conference_id, user_id, country) VALUES ('86cf30b1-1445-5697-9847-73b386879b41', 'e69e3c59-db81-5536-8490-f7f939526461', NULL, 'Philippines');
INSERT INTO allocation_gate_codes (allocation_id, code, updated_at) VALUES ('86cf30b1-1445-5697-9847-73b386879b41', 'HRC-023', NOW());
INSERT INTO allocations (id, conference_id, user_id, country) VALUES ('a4de5539-99ff-5b6d-ad6f-2bcf70f26042', 'e69e3c59-db81-5536-8490-f7f939526461', NULL, 'Saudi Arabia');
INSERT INTO allocation_gate_codes (allocation_id, code, updated_at) VALUES ('a4de5539-99ff-5b6d-ad6f-2bcf70f26042', 'HRC-024', NOW());
INSERT INTO allocations (id, conference_id, user_id, country) VALUES ('202ea827-21c0-540a-9747-ae35fd195748', 'e69e3c59-db81-5536-8490-f7f939526461', NULL, 'Singapore');
INSERT INTO allocation_gate_codes (allocation_id, code, updated_at) VALUES ('202ea827-21c0-540a-9747-ae35fd195748', 'HRC-025', NOW());
INSERT INTO allocations (id, conference_id, user_id, country) VALUES ('e4852ec8-402a-5c48-b682-17bcbedc1193', 'e69e3c59-db81-5536-8490-f7f939526461', NULL, 'South Africa');
INSERT INTO allocation_gate_codes (allocation_id, code, updated_at) VALUES ('e4852ec8-402a-5c48-b682-17bcbedc1193', 'HRC-026', NOW());
INSERT INTO allocations (id, conference_id, user_id, country) VALUES ('555a50a1-3b64-5d00-9b7b-cbc525acc545', 'e69e3c59-db81-5536-8490-f7f939526461', NULL, 'Thailand');
INSERT INTO allocation_gate_codes (allocation_id, code, updated_at) VALUES ('555a50a1-3b64-5d00-9b7b-cbc525acc545', 'HRC-027', NOW());
INSERT INTO allocations (id, conference_id, user_id, country) VALUES ('a2773f8e-f0bd-5e27-9136-0bd1963853fe', 'e69e3c59-db81-5536-8490-f7f939526461', NULL, 'Turkey');
INSERT INTO allocation_gate_codes (allocation_id, code, updated_at) VALUES ('a2773f8e-f0bd-5e27-9136-0bd1963853fe', 'HRC-028', NOW());
INSERT INTO allocations (id, conference_id, user_id, country) VALUES ('12e6a3f3-b4ce-540b-b769-6dcb5b0f2c80', 'e69e3c59-db81-5536-8490-f7f939526461', NULL, 'United States');
INSERT INTO allocation_gate_codes (allocation_id, code, updated_at) VALUES ('12e6a3f3-b4ce-540b-b769-6dcb5b0f2c80', 'HRC-029', NOW());
INSERT INTO allocations (id, conference_id, user_id, country) VALUES ('5681f5e0-f44b-59c1-97a3-1793fa052a6d', 'e69e3c59-db81-5536-8490-f7f939526461', NULL, 'Vietnam');
INSERT INTO allocation_gate_codes (allocation_id, code, updated_at) VALUES ('5681f5e0-f44b-59c1-97a3-1793fa052a6d', 'HRC-030', NOW());

-- UNODC topic 1: 30 allocations
INSERT INTO allocations (id, conference_id, user_id, country) VALUES ('513044fb-2324-5ba4-988d-7adb549bd7ff', '0dda7eac-a7d1-5dd0-81dc-3e3446338e1c', NULL, 'Afghanistan');
INSERT INTO allocation_gate_codes (allocation_id, code, updated_at) VALUES ('513044fb-2324-5ba4-988d-7adb549bd7ff', 'UNO-001', NOW());
INSERT INTO allocations (id, conference_id, user_id, country) VALUES ('71a6384a-5360-5486-9e3a-a7559f4965fa', '0dda7eac-a7d1-5dd0-81dc-3e3446338e1c', NULL, 'Argentina');
INSERT INTO allocation_gate_codes (allocation_id, code, updated_at) VALUES ('71a6384a-5360-5486-9e3a-a7559f4965fa', 'UNO-002', NOW());
INSERT INTO allocations (id, conference_id, user_id, country) VALUES ('5bc4789e-2c75-59e1-84a8-b27cde681f52', '0dda7eac-a7d1-5dd0-81dc-3e3446338e1c', NULL, 'Australia');
INSERT INTO allocation_gate_codes (allocation_id, code, updated_at) VALUES ('5bc4789e-2c75-59e1-84a8-b27cde681f52', 'UNO-003', NOW());
INSERT INTO allocations (id, conference_id, user_id, country) VALUES ('fbce5038-2c34-5067-9f9b-3dfb4db0c401', '0dda7eac-a7d1-5dd0-81dc-3e3446338e1c', NULL, 'Brazil');
INSERT INTO allocation_gate_codes (allocation_id, code, updated_at) VALUES ('fbce5038-2c34-5067-9f9b-3dfb4db0c401', 'UNO-004', NOW());
INSERT INTO allocations (id, conference_id, user_id, country) VALUES ('3968882b-2767-53a5-90d4-842e228bb1f8', '0dda7eac-a7d1-5dd0-81dc-3e3446338e1c', NULL, 'Canada');
INSERT INTO allocation_gate_codes (allocation_id, code, updated_at) VALUES ('3968882b-2767-53a5-90d4-842e228bb1f8', 'UNO-005', NOW());
INSERT INTO allocations (id, conference_id, user_id, country) VALUES ('d533144c-b400-56c8-8034-d48bf214774e', '0dda7eac-a7d1-5dd0-81dc-3e3446338e1c', NULL, 'China');
INSERT INTO allocation_gate_codes (allocation_id, code, updated_at) VALUES ('d533144c-b400-56c8-8034-d48bf214774e', 'UNO-006', NOW());
INSERT INTO allocations (id, conference_id, user_id, country) VALUES ('d203e23d-aa29-5f90-9a7b-c26fafb430a4', '0dda7eac-a7d1-5dd0-81dc-3e3446338e1c', NULL, 'Colombia');
INSERT INTO allocation_gate_codes (allocation_id, code, updated_at) VALUES ('d203e23d-aa29-5f90-9a7b-c26fafb430a4', 'UNO-007', NOW());
INSERT INTO allocations (id, conference_id, user_id, country) VALUES ('0ec5f527-f6c1-5517-b58f-218957b096ae', '0dda7eac-a7d1-5dd0-81dc-3e3446338e1c', NULL, 'Estonia');
INSERT INTO allocation_gate_codes (allocation_id, code, updated_at) VALUES ('0ec5f527-f6c1-5517-b58f-218957b096ae', 'UNO-008', NOW());
INSERT INTO allocations (id, conference_id, user_id, country) VALUES ('acb6474d-2013-5dad-97c3-bcf52580df7c', '0dda7eac-a7d1-5dd0-81dc-3e3446338e1c', NULL, 'France');
INSERT INTO allocation_gate_codes (allocation_id, code, updated_at) VALUES ('acb6474d-2013-5dad-97c3-bcf52580df7c', 'UNO-009', NOW());
INSERT INTO allocations (id, conference_id, user_id, country) VALUES ('b599a4d0-a401-5e73-b483-b9ddb6733936', '0dda7eac-a7d1-5dd0-81dc-3e3446338e1c', NULL, 'Germany');
INSERT INTO allocation_gate_codes (allocation_id, code, updated_at) VALUES ('b599a4d0-a401-5e73-b483-b9ddb6733936', 'UNO-010', NOW());
INSERT INTO allocations (id, conference_id, user_id, country) VALUES ('a3186c62-022d-5edc-b929-9957cb4e56f6', '0dda7eac-a7d1-5dd0-81dc-3e3446338e1c', NULL, 'India');
INSERT INTO allocation_gate_codes (allocation_id, code, updated_at) VALUES ('a3186c62-022d-5edc-b929-9957cb4e56f6', 'UNO-011', NOW());
INSERT INTO allocations (id, conference_id, user_id, country) VALUES ('b5974b64-6c4b-51b4-b5df-24fa93cd66cd', '0dda7eac-a7d1-5dd0-81dc-3e3446338e1c', NULL, 'Indonesia');
INSERT INTO allocation_gate_codes (allocation_id, code, updated_at) VALUES ('b5974b64-6c4b-51b4-b5df-24fa93cd66cd', 'UNO-012', NOW());
INSERT INTO allocations (id, conference_id, user_id, country) VALUES ('1cc69a97-e1ef-5f6a-a1ea-ebee8433584b', '0dda7eac-a7d1-5dd0-81dc-3e3446338e1c', NULL, 'Italy');
INSERT INTO allocation_gate_codes (allocation_id, code, updated_at) VALUES ('1cc69a97-e1ef-5f6a-a1ea-ebee8433584b', 'UNO-013', NOW());
INSERT INTO allocations (id, conference_id, user_id, country) VALUES ('b3fc4818-c428-5f25-8712-105c050fc2d8', '0dda7eac-a7d1-5dd0-81dc-3e3446338e1c', NULL, 'Japan');
INSERT INTO allocation_gate_codes (allocation_id, code, updated_at) VALUES ('b3fc4818-c428-5f25-8712-105c050fc2d8', 'UNO-014', NOW());
INSERT INTO allocations (id, conference_id, user_id, country) VALUES ('061d0e08-d622-5421-9771-503d4d7aa256', '0dda7eac-a7d1-5dd0-81dc-3e3446338e1c', NULL, 'Kenya');
INSERT INTO allocation_gate_codes (allocation_id, code, updated_at) VALUES ('061d0e08-d622-5421-9771-503d4d7aa256', 'UNO-015', NOW());
INSERT INTO allocations (id, conference_id, user_id, country) VALUES ('c58f782d-09bb-5995-a83a-04dec9d4e221', '0dda7eac-a7d1-5dd0-81dc-3e3446338e1c', NULL, 'Mexico');
INSERT INTO allocation_gate_codes (allocation_id, code, updated_at) VALUES ('c58f782d-09bb-5995-a83a-04dec9d4e221', 'UNO-016', NOW());
INSERT INTO allocations (id, conference_id, user_id, country) VALUES ('9084bd63-48dd-54f3-87c4-5f8c2dff303e', '0dda7eac-a7d1-5dd0-81dc-3e3446338e1c', NULL, 'Netherlands');
INSERT INTO allocation_gate_codes (allocation_id, code, updated_at) VALUES ('9084bd63-48dd-54f3-87c4-5f8c2dff303e', 'UNO-017', NOW());
INSERT INTO allocations (id, conference_id, user_id, country) VALUES ('936af09c-ff47-5c55-8481-6d6b6a9654b9', '0dda7eac-a7d1-5dd0-81dc-3e3446338e1c', NULL, 'Nigeria');
INSERT INTO allocation_gate_codes (allocation_id, code, updated_at) VALUES ('936af09c-ff47-5c55-8481-6d6b6a9654b9', 'UNO-018', NOW());
INSERT INTO allocations (id, conference_id, user_id, country) VALUES ('57434c2c-e8f9-5c7e-83d6-f922c8cab36b', '0dda7eac-a7d1-5dd0-81dc-3e3446338e1c', NULL, 'Philippines');
INSERT INTO allocation_gate_codes (allocation_id, code, updated_at) VALUES ('57434c2c-e8f9-5c7e-83d6-f922c8cab36b', 'UNO-019', NOW());
INSERT INTO allocations (id, conference_id, user_id, country) VALUES ('8f142138-b2bd-5643-af88-04e4800b88a6', '0dda7eac-a7d1-5dd0-81dc-3e3446338e1c', NULL, 'Portugal');
INSERT INTO allocation_gate_codes (allocation_id, code, updated_at) VALUES ('8f142138-b2bd-5643-af88-04e4800b88a6', 'UNO-020', NOW());
INSERT INTO allocations (id, conference_id, user_id, country) VALUES ('b6ef9a30-9c65-5d52-a411-6e34140bcdf5', '0dda7eac-a7d1-5dd0-81dc-3e3446338e1c', NULL, 'Russia');
INSERT INTO allocation_gate_codes (allocation_id, code, updated_at) VALUES ('b6ef9a30-9c65-5d52-a411-6e34140bcdf5', 'UNO-021', NOW());
INSERT INTO allocations (id, conference_id, user_id, country) VALUES ('280b387b-ae46-5695-8190-df7ce135faa5', '0dda7eac-a7d1-5dd0-81dc-3e3446338e1c', NULL, 'Singapore');
INSERT INTO allocation_gate_codes (allocation_id, code, updated_at) VALUES ('280b387b-ae46-5695-8190-df7ce135faa5', 'UNO-022', NOW());
INSERT INTO allocations (id, conference_id, user_id, country) VALUES ('72ff5353-7d66-5af6-b7ad-320724a64494', '0dda7eac-a7d1-5dd0-81dc-3e3446338e1c', NULL, 'South Africa');
INSERT INTO allocation_gate_codes (allocation_id, code, updated_at) VALUES ('72ff5353-7d66-5af6-b7ad-320724a64494', 'UNO-023', NOW());
INSERT INTO allocations (id, conference_id, user_id, country) VALUES ('2afc98df-3945-51fc-9337-44c2df97cfd4', '0dda7eac-a7d1-5dd0-81dc-3e3446338e1c', NULL, 'Switzerland');
INSERT INTO allocation_gate_codes (allocation_id, code, updated_at) VALUES ('2afc98df-3945-51fc-9337-44c2df97cfd4', 'UNO-024', NOW());
INSERT INTO allocations (id, conference_id, user_id, country) VALUES ('d73d8b27-3f9d-5651-9e9b-a13260700283', '0dda7eac-a7d1-5dd0-81dc-3e3446338e1c', NULL, 'Thailand');
INSERT INTO allocation_gate_codes (allocation_id, code, updated_at) VALUES ('d73d8b27-3f9d-5651-9e9b-a13260700283', 'UNO-025', NOW());
INSERT INTO allocations (id, conference_id, user_id, country) VALUES ('4c4aab5e-563e-5cc1-a622-0f2a56a58b3b', '0dda7eac-a7d1-5dd0-81dc-3e3446338e1c', NULL, 'Turkey');
INSERT INTO allocation_gate_codes (allocation_id, code, updated_at) VALUES ('4c4aab5e-563e-5cc1-a622-0f2a56a58b3b', 'UNO-026', NOW());
INSERT INTO allocations (id, conference_id, user_id, country) VALUES ('3022a8c5-ffbb-5784-8520-9d985d389db6', '0dda7eac-a7d1-5dd0-81dc-3e3446338e1c', NULL, 'United Kingdom');
INSERT INTO allocation_gate_codes (allocation_id, code, updated_at) VALUES ('3022a8c5-ffbb-5784-8520-9d985d389db6', 'UNO-027', NOW());
INSERT INTO allocations (id, conference_id, user_id, country) VALUES ('ae4bc055-eb2f-5782-a281-5d9f6f55cba3', '0dda7eac-a7d1-5dd0-81dc-3e3446338e1c', NULL, 'United States');
INSERT INTO allocation_gate_codes (allocation_id, code, updated_at) VALUES ('ae4bc055-eb2f-5782-a281-5d9f6f55cba3', 'UNO-028', NOW());
INSERT INTO allocations (id, conference_id, user_id, country) VALUES ('19b4b712-5498-5e6d-8efc-8cee84205a09', '0dda7eac-a7d1-5dd0-81dc-3e3446338e1c', NULL, 'Uruguay');
INSERT INTO allocation_gate_codes (allocation_id, code, updated_at) VALUES ('19b4b712-5498-5e6d-8efc-8cee84205a09', 'UNO-029', NOW());
INSERT INTO allocations (id, conference_id, user_id, country) VALUES ('687d5049-00ec-5d86-a9a8-fd3fafde2fde', '0dda7eac-a7d1-5dd0-81dc-3e3446338e1c', NULL, 'Vietnam');
INSERT INTO allocation_gate_codes (allocation_id, code, updated_at) VALUES ('687d5049-00ec-5d86-a9a8-fd3fafde2fde', 'UNO-030', NOW());

-- UNODC topic 2: 30 allocations
INSERT INTO allocations (id, conference_id, user_id, country) VALUES ('73245065-5982-5c75-9ca8-f137b9c1c6c4', '9a0f8f27-c813-54c2-8f3f-ec970a7ae18f', NULL, 'Afghanistan');
INSERT INTO allocation_gate_codes (allocation_id, code, updated_at) VALUES ('73245065-5982-5c75-9ca8-f137b9c1c6c4', 'UNO-001', NOW());
INSERT INTO allocations (id, conference_id, user_id, country) VALUES ('41e648d6-b40f-5dac-a296-2724285f4879', '9a0f8f27-c813-54c2-8f3f-ec970a7ae18f', NULL, 'Argentina');
INSERT INTO allocation_gate_codes (allocation_id, code, updated_at) VALUES ('41e648d6-b40f-5dac-a296-2724285f4879', 'UNO-002', NOW());
INSERT INTO allocations (id, conference_id, user_id, country) VALUES ('8ae92d9e-9538-592d-b8f2-5437b2c25333', '9a0f8f27-c813-54c2-8f3f-ec970a7ae18f', NULL, 'Australia');
INSERT INTO allocation_gate_codes (allocation_id, code, updated_at) VALUES ('8ae92d9e-9538-592d-b8f2-5437b2c25333', 'UNO-003', NOW());
INSERT INTO allocations (id, conference_id, user_id, country) VALUES ('301a3d55-ad3c-5078-a485-a57ec71be6e6', '9a0f8f27-c813-54c2-8f3f-ec970a7ae18f', NULL, 'Brazil');
INSERT INTO allocation_gate_codes (allocation_id, code, updated_at) VALUES ('301a3d55-ad3c-5078-a485-a57ec71be6e6', 'UNO-004', NOW());
INSERT INTO allocations (id, conference_id, user_id, country) VALUES ('a525c83c-b2d3-554d-ae88-08e439dae97f', '9a0f8f27-c813-54c2-8f3f-ec970a7ae18f', NULL, 'Canada');
INSERT INTO allocation_gate_codes (allocation_id, code, updated_at) VALUES ('a525c83c-b2d3-554d-ae88-08e439dae97f', 'UNO-005', NOW());
INSERT INTO allocations (id, conference_id, user_id, country) VALUES ('705d07e3-005b-5f6c-8b71-d01cdbc877c4', '9a0f8f27-c813-54c2-8f3f-ec970a7ae18f', NULL, 'China');
INSERT INTO allocation_gate_codes (allocation_id, code, updated_at) VALUES ('705d07e3-005b-5f6c-8b71-d01cdbc877c4', 'UNO-006', NOW());
INSERT INTO allocations (id, conference_id, user_id, country) VALUES ('c085c93f-035a-51b0-b22a-132f93357f93', '9a0f8f27-c813-54c2-8f3f-ec970a7ae18f', NULL, 'Colombia');
INSERT INTO allocation_gate_codes (allocation_id, code, updated_at) VALUES ('c085c93f-035a-51b0-b22a-132f93357f93', 'UNO-007', NOW());
INSERT INTO allocations (id, conference_id, user_id, country) VALUES ('b2dbaf11-8748-5c85-832f-53b3890369cb', '9a0f8f27-c813-54c2-8f3f-ec970a7ae18f', NULL, 'Estonia');
INSERT INTO allocation_gate_codes (allocation_id, code, updated_at) VALUES ('b2dbaf11-8748-5c85-832f-53b3890369cb', 'UNO-008', NOW());
INSERT INTO allocations (id, conference_id, user_id, country) VALUES ('aa29a0a1-8675-5ae0-bbb1-2f38596a9c18', '9a0f8f27-c813-54c2-8f3f-ec970a7ae18f', NULL, 'France');
INSERT INTO allocation_gate_codes (allocation_id, code, updated_at) VALUES ('aa29a0a1-8675-5ae0-bbb1-2f38596a9c18', 'UNO-009', NOW());
INSERT INTO allocations (id, conference_id, user_id, country) VALUES ('50fbe241-69e4-5d45-80f6-010077854080', '9a0f8f27-c813-54c2-8f3f-ec970a7ae18f', NULL, 'Germany');
INSERT INTO allocation_gate_codes (allocation_id, code, updated_at) VALUES ('50fbe241-69e4-5d45-80f6-010077854080', 'UNO-010', NOW());
INSERT INTO allocations (id, conference_id, user_id, country) VALUES ('b5f0bc34-372f-5794-9d54-ec4485e64433', '9a0f8f27-c813-54c2-8f3f-ec970a7ae18f', NULL, 'India');
INSERT INTO allocation_gate_codes (allocation_id, code, updated_at) VALUES ('b5f0bc34-372f-5794-9d54-ec4485e64433', 'UNO-011', NOW());
INSERT INTO allocations (id, conference_id, user_id, country) VALUES ('b71af6e5-17d1-5018-9743-23f92e72b997', '9a0f8f27-c813-54c2-8f3f-ec970a7ae18f', NULL, 'Indonesia');
INSERT INTO allocation_gate_codes (allocation_id, code, updated_at) VALUES ('b71af6e5-17d1-5018-9743-23f92e72b997', 'UNO-012', NOW());
INSERT INTO allocations (id, conference_id, user_id, country) VALUES ('e2f211a9-d2e4-59ab-a04d-a87a9ce8c359', '9a0f8f27-c813-54c2-8f3f-ec970a7ae18f', NULL, 'Italy');
INSERT INTO allocation_gate_codes (allocation_id, code, updated_at) VALUES ('e2f211a9-d2e4-59ab-a04d-a87a9ce8c359', 'UNO-013', NOW());
INSERT INTO allocations (id, conference_id, user_id, country) VALUES ('4f544b76-0fbb-5ee7-91f0-2c843de1c653', '9a0f8f27-c813-54c2-8f3f-ec970a7ae18f', NULL, 'Japan');
INSERT INTO allocation_gate_codes (allocation_id, code, updated_at) VALUES ('4f544b76-0fbb-5ee7-91f0-2c843de1c653', 'UNO-014', NOW());
INSERT INTO allocations (id, conference_id, user_id, country) VALUES ('857c440f-fb59-5596-980f-afea6a1b437a', '9a0f8f27-c813-54c2-8f3f-ec970a7ae18f', NULL, 'Kenya');
INSERT INTO allocation_gate_codes (allocation_id, code, updated_at) VALUES ('857c440f-fb59-5596-980f-afea6a1b437a', 'UNO-015', NOW());
INSERT INTO allocations (id, conference_id, user_id, country) VALUES ('c6fe4c3c-37a0-5902-80fd-a1c2b4209296', '9a0f8f27-c813-54c2-8f3f-ec970a7ae18f', NULL, 'Mexico');
INSERT INTO allocation_gate_codes (allocation_id, code, updated_at) VALUES ('c6fe4c3c-37a0-5902-80fd-a1c2b4209296', 'UNO-016', NOW());
INSERT INTO allocations (id, conference_id, user_id, country) VALUES ('bab07ab0-b3f6-5c81-a1da-7bd70fee714f', '9a0f8f27-c813-54c2-8f3f-ec970a7ae18f', NULL, 'Netherlands');
INSERT INTO allocation_gate_codes (allocation_id, code, updated_at) VALUES ('bab07ab0-b3f6-5c81-a1da-7bd70fee714f', 'UNO-017', NOW());
INSERT INTO allocations (id, conference_id, user_id, country) VALUES ('ab45fa79-1fa0-5dc1-8694-19ade4ac2a8e', '9a0f8f27-c813-54c2-8f3f-ec970a7ae18f', NULL, 'Nigeria');
INSERT INTO allocation_gate_codes (allocation_id, code, updated_at) VALUES ('ab45fa79-1fa0-5dc1-8694-19ade4ac2a8e', 'UNO-018', NOW());
INSERT INTO allocations (id, conference_id, user_id, country) VALUES ('d1419c6b-d4ba-5fdb-a33f-aa655b993d6b', '9a0f8f27-c813-54c2-8f3f-ec970a7ae18f', NULL, 'Philippines');
INSERT INTO allocation_gate_codes (allocation_id, code, updated_at) VALUES ('d1419c6b-d4ba-5fdb-a33f-aa655b993d6b', 'UNO-019', NOW());
INSERT INTO allocations (id, conference_id, user_id, country) VALUES ('1d058994-d748-5470-8b2b-8cc80851e511', '9a0f8f27-c813-54c2-8f3f-ec970a7ae18f', NULL, 'Portugal');
INSERT INTO allocation_gate_codes (allocation_id, code, updated_at) VALUES ('1d058994-d748-5470-8b2b-8cc80851e511', 'UNO-020', NOW());
INSERT INTO allocations (id, conference_id, user_id, country) VALUES ('eefc5c17-c9ba-5e00-b35b-506d5655c181', '9a0f8f27-c813-54c2-8f3f-ec970a7ae18f', NULL, 'Russia');
INSERT INTO allocation_gate_codes (allocation_id, code, updated_at) VALUES ('eefc5c17-c9ba-5e00-b35b-506d5655c181', 'UNO-021', NOW());
INSERT INTO allocations (id, conference_id, user_id, country) VALUES ('7e2093c0-513c-525b-9527-93a68dfbacc9', '9a0f8f27-c813-54c2-8f3f-ec970a7ae18f', NULL, 'Singapore');
INSERT INTO allocation_gate_codes (allocation_id, code, updated_at) VALUES ('7e2093c0-513c-525b-9527-93a68dfbacc9', 'UNO-022', NOW());
INSERT INTO allocations (id, conference_id, user_id, country) VALUES ('c1dea6a1-6131-5f95-9f47-7ef5c3b6ed70', '9a0f8f27-c813-54c2-8f3f-ec970a7ae18f', NULL, 'South Africa');
INSERT INTO allocation_gate_codes (allocation_id, code, updated_at) VALUES ('c1dea6a1-6131-5f95-9f47-7ef5c3b6ed70', 'UNO-023', NOW());
INSERT INTO allocations (id, conference_id, user_id, country) VALUES ('31e90a81-0636-54c8-95ca-cc091818f9ff', '9a0f8f27-c813-54c2-8f3f-ec970a7ae18f', NULL, 'Switzerland');
INSERT INTO allocation_gate_codes (allocation_id, code, updated_at) VALUES ('31e90a81-0636-54c8-95ca-cc091818f9ff', 'UNO-024', NOW());
INSERT INTO allocations (id, conference_id, user_id, country) VALUES ('4283c8c6-9339-5d3d-9929-794d4b88ccdb', '9a0f8f27-c813-54c2-8f3f-ec970a7ae18f', NULL, 'Thailand');
INSERT INTO allocation_gate_codes (allocation_id, code, updated_at) VALUES ('4283c8c6-9339-5d3d-9929-794d4b88ccdb', 'UNO-025', NOW());
INSERT INTO allocations (id, conference_id, user_id, country) VALUES ('07f56259-e73a-55e6-ba8d-cb419499ac9d', '9a0f8f27-c813-54c2-8f3f-ec970a7ae18f', NULL, 'Turkey');
INSERT INTO allocation_gate_codes (allocation_id, code, updated_at) VALUES ('07f56259-e73a-55e6-ba8d-cb419499ac9d', 'UNO-026', NOW());
INSERT INTO allocations (id, conference_id, user_id, country) VALUES ('09bfe816-8015-53bd-b4f0-b9241fe3322a', '9a0f8f27-c813-54c2-8f3f-ec970a7ae18f', NULL, 'United Kingdom');
INSERT INTO allocation_gate_codes (allocation_id, code, updated_at) VALUES ('09bfe816-8015-53bd-b4f0-b9241fe3322a', 'UNO-027', NOW());
INSERT INTO allocations (id, conference_id, user_id, country) VALUES ('150789ef-fac5-510e-8c15-37b751976a4e', '9a0f8f27-c813-54c2-8f3f-ec970a7ae18f', NULL, 'United States');
INSERT INTO allocation_gate_codes (allocation_id, code, updated_at) VALUES ('150789ef-fac5-510e-8c15-37b751976a4e', 'UNO-028', NOW());
INSERT INTO allocations (id, conference_id, user_id, country) VALUES ('4c31f396-7146-525a-aa0b-4c12688c3e91', '9a0f8f27-c813-54c2-8f3f-ec970a7ae18f', NULL, 'Uruguay');
INSERT INTO allocation_gate_codes (allocation_id, code, updated_at) VALUES ('4c31f396-7146-525a-aa0b-4c12688c3e91', 'UNO-029', NOW());
INSERT INTO allocations (id, conference_id, user_id, country) VALUES ('63476ce8-4a04-5f4e-a798-229f527966ba', '9a0f8f27-c813-54c2-8f3f-ec970a7ae18f', NULL, 'Vietnam');
INSERT INTO allocation_gate_codes (allocation_id, code, updated_at) VALUES ('63476ce8-4a04-5f4e-a798-229f527966ba', 'UNO-030', NOW());

-- UNSC topic 1: 15 allocations
INSERT INTO allocations (id, conference_id, user_id, country) VALUES ('52410ace-8dd2-5ed8-851f-33ba4535594e', 'e2b02bf8-bd34-5fce-a231-318de3f818b2', NULL, 'Bahrain');
INSERT INTO allocation_gate_codes (allocation_id, code, updated_at) VALUES ('52410ace-8dd2-5ed8-851f-33ba4535594e', 'UNS-001', NOW());
INSERT INTO allocations (id, conference_id, user_id, country) VALUES ('2c9805d0-a538-55c9-8595-c7faa31a661e', 'e2b02bf8-bd34-5fce-a231-318de3f818b2', NULL, 'China');
INSERT INTO allocation_gate_codes (allocation_id, code, updated_at) VALUES ('2c9805d0-a538-55c9-8595-c7faa31a661e', 'UNS-002', NOW());
INSERT INTO allocations (id, conference_id, user_id, country) VALUES ('6718c0ca-6824-54bf-a8e0-7a1a6cc8b76f', 'e2b02bf8-bd34-5fce-a231-318de3f818b2', NULL, 'Colombia');
INSERT INTO allocation_gate_codes (allocation_id, code, updated_at) VALUES ('6718c0ca-6824-54bf-a8e0-7a1a6cc8b76f', 'UNS-003', NOW());
INSERT INTO allocations (id, conference_id, user_id, country) VALUES ('4747c583-df4a-5c7a-827d-b154bc18bfc0', 'e2b02bf8-bd34-5fce-a231-318de3f818b2', NULL, 'Democratic Republic of the Congo');
INSERT INTO allocation_gate_codes (allocation_id, code, updated_at) VALUES ('4747c583-df4a-5c7a-827d-b154bc18bfc0', 'UNS-004', NOW());
INSERT INTO allocations (id, conference_id, user_id, country) VALUES ('0b69ab96-10f8-5c53-a8e2-a1c4d0991460', 'e2b02bf8-bd34-5fce-a231-318de3f818b2', NULL, 'Denmark');
INSERT INTO allocation_gate_codes (allocation_id, code, updated_at) VALUES ('0b69ab96-10f8-5c53-a8e2-a1c4d0991460', 'UNS-005', NOW());
INSERT INTO allocations (id, conference_id, user_id, country) VALUES ('987891c0-c1b8-5e94-a6cc-389b9a82a108', 'e2b02bf8-bd34-5fce-a231-318de3f818b2', NULL, 'France');
INSERT INTO allocation_gate_codes (allocation_id, code, updated_at) VALUES ('987891c0-c1b8-5e94-a6cc-389b9a82a108', 'UNS-006', NOW());
INSERT INTO allocations (id, conference_id, user_id, country) VALUES ('38c94dd6-00bb-5f99-a7b2-03f67dec13ad', 'e2b02bf8-bd34-5fce-a231-318de3f818b2', NULL, 'Greece');
INSERT INTO allocation_gate_codes (allocation_id, code, updated_at) VALUES ('38c94dd6-00bb-5f99-a7b2-03f67dec13ad', 'UNS-007', NOW());
INSERT INTO allocations (id, conference_id, user_id, country) VALUES ('4d2e9bf2-97cd-5bb9-8469-29c7ef3b0b97', 'e2b02bf8-bd34-5fce-a231-318de3f818b2', NULL, 'Latvia');
INSERT INTO allocation_gate_codes (allocation_id, code, updated_at) VALUES ('4d2e9bf2-97cd-5bb9-8469-29c7ef3b0b97', 'UNS-008', NOW());
INSERT INTO allocations (id, conference_id, user_id, country) VALUES ('9037c7ff-180f-5195-af48-28a7453201a3', 'e2b02bf8-bd34-5fce-a231-318de3f818b2', NULL, 'Liberia');
INSERT INTO allocation_gate_codes (allocation_id, code, updated_at) VALUES ('9037c7ff-180f-5195-af48-28a7453201a3', 'UNS-009', NOW());
INSERT INTO allocations (id, conference_id, user_id, country) VALUES ('3e63097e-ce23-5f3e-8240-bc1c650aee01', 'e2b02bf8-bd34-5fce-a231-318de3f818b2', NULL, 'Pakistan');
INSERT INTO allocation_gate_codes (allocation_id, code, updated_at) VALUES ('3e63097e-ce23-5f3e-8240-bc1c650aee01', 'UNS-010', NOW());
INSERT INTO allocations (id, conference_id, user_id, country) VALUES ('84dc9514-6145-53a9-b3ff-e59a039ce9d9', 'e2b02bf8-bd34-5fce-a231-318de3f818b2', NULL, 'Panama');
INSERT INTO allocation_gate_codes (allocation_id, code, updated_at) VALUES ('84dc9514-6145-53a9-b3ff-e59a039ce9d9', 'UNS-011', NOW());
INSERT INTO allocations (id, conference_id, user_id, country) VALUES ('c1e79b0d-178e-56c9-9a6e-ca75ab46b373', 'e2b02bf8-bd34-5fce-a231-318de3f818b2', NULL, 'Russia');
INSERT INTO allocation_gate_codes (allocation_id, code, updated_at) VALUES ('c1e79b0d-178e-56c9-9a6e-ca75ab46b373', 'UNS-012', NOW());
INSERT INTO allocations (id, conference_id, user_id, country) VALUES ('2572b633-a64c-57b3-bd05-84c858485c68', 'e2b02bf8-bd34-5fce-a231-318de3f818b2', NULL, 'Somalia');
INSERT INTO allocation_gate_codes (allocation_id, code, updated_at) VALUES ('2572b633-a64c-57b3-bd05-84c858485c68', 'UNS-013', NOW());
INSERT INTO allocations (id, conference_id, user_id, country) VALUES ('9b67d9b6-8ee9-581d-a184-e768d4460402', 'e2b02bf8-bd34-5fce-a231-318de3f818b2', NULL, 'United Kingdom');
INSERT INTO allocation_gate_codes (allocation_id, code, updated_at) VALUES ('9b67d9b6-8ee9-581d-a184-e768d4460402', 'UNS-014', NOW());
INSERT INTO allocations (id, conference_id, user_id, country) VALUES ('7068fd84-bf1e-5799-8536-e3f95fae46d4', 'e2b02bf8-bd34-5fce-a231-318de3f818b2', NULL, 'United States');
INSERT INTO allocation_gate_codes (allocation_id, code, updated_at) VALUES ('7068fd84-bf1e-5799-8536-e3f95fae46d4', 'UNS-015', NOW());

-- UN Women topic 1: 30 allocations
INSERT INTO allocations (id, conference_id, user_id, country) VALUES ('c9924bac-249c-5d78-912e-6cc62fa7fac8', 'd15774ac-8751-53f3-85f8-19750979f897', NULL, 'Argentina');
INSERT INTO allocation_gate_codes (allocation_id, code, updated_at) VALUES ('c9924bac-249c-5d78-912e-6cc62fa7fac8', 'UNW-001', NOW());
INSERT INTO allocations (id, conference_id, user_id, country) VALUES ('b42a4593-6951-5d92-9f29-f87b6df90d23', 'd15774ac-8751-53f3-85f8-19750979f897', NULL, 'Australia');
INSERT INTO allocation_gate_codes (allocation_id, code, updated_at) VALUES ('b42a4593-6951-5d92-9f29-f87b6df90d23', 'UNW-002', NOW());
INSERT INTO allocations (id, conference_id, user_id, country) VALUES ('534ed897-9146-555a-874d-5fa8c1239e21', 'd15774ac-8751-53f3-85f8-19750979f897', NULL, 'Brazil');
INSERT INTO allocation_gate_codes (allocation_id, code, updated_at) VALUES ('534ed897-9146-555a-874d-5fa8c1239e21', 'UNW-003', NOW());
INSERT INTO allocations (id, conference_id, user_id, country) VALUES ('ece84a99-a06b-54ff-b5ad-b8b2b747ed7f', 'd15774ac-8751-53f3-85f8-19750979f897', NULL, 'Canada');
INSERT INTO allocation_gate_codes (allocation_id, code, updated_at) VALUES ('ece84a99-a06b-54ff-b5ad-b8b2b747ed7f', 'UNW-004', NOW());
INSERT INTO allocations (id, conference_id, user_id, country) VALUES ('b8523a1b-d7ec-5e4e-9b0a-7f9f101d3dc9', 'd15774ac-8751-53f3-85f8-19750979f897', NULL, 'Chile');
INSERT INTO allocation_gate_codes (allocation_id, code, updated_at) VALUES ('b8523a1b-d7ec-5e4e-9b0a-7f9f101d3dc9', 'UNW-005', NOW());
INSERT INTO allocations (id, conference_id, user_id, country) VALUES ('1583061f-6d35-58e4-bdde-04756b34bd88', 'd15774ac-8751-53f3-85f8-19750979f897', NULL, 'China');
INSERT INTO allocation_gate_codes (allocation_id, code, updated_at) VALUES ('1583061f-6d35-58e4-bdde-04756b34bd88', 'UNW-006', NOW());
INSERT INTO allocations (id, conference_id, user_id, country) VALUES ('edb40de4-787f-5f7c-ab7e-2e8b235fe5be', 'd15774ac-8751-53f3-85f8-19750979f897', NULL, 'Egypt');
INSERT INTO allocation_gate_codes (allocation_id, code, updated_at) VALUES ('edb40de4-787f-5f7c-ab7e-2e8b235fe5be', 'UNW-007', NOW());
INSERT INTO allocations (id, conference_id, user_id, country) VALUES ('58e30869-a3d9-5caf-b52b-a08f8c939e20', 'd15774ac-8751-53f3-85f8-19750979f897', NULL, 'France');
INSERT INTO allocation_gate_codes (allocation_id, code, updated_at) VALUES ('58e30869-a3d9-5caf-b52b-a08f8c939e20', 'UNW-008', NOW());
INSERT INTO allocations (id, conference_id, user_id, country) VALUES ('c9d1e3c5-4cce-5f87-be67-b700b49ac6dc', 'd15774ac-8751-53f3-85f8-19750979f897', NULL, 'Germany');
INSERT INTO allocation_gate_codes (allocation_id, code, updated_at) VALUES ('c9d1e3c5-4cce-5f87-be67-b700b49ac6dc', 'UNW-009', NOW());
INSERT INTO allocations (id, conference_id, user_id, country) VALUES ('6104e1e6-3747-50b1-b3f8-1d52fb3c84cd', 'd15774ac-8751-53f3-85f8-19750979f897', NULL, 'Hungary');
INSERT INTO allocation_gate_codes (allocation_id, code, updated_at) VALUES ('6104e1e6-3747-50b1-b3f8-1d52fb3c84cd', 'UNW-010', NOW());
INSERT INTO allocations (id, conference_id, user_id, country) VALUES ('5d564fca-ad6b-5713-8ee3-a9578554c632', 'd15774ac-8751-53f3-85f8-19750979f897', NULL, 'Iceland');
INSERT INTO allocation_gate_codes (allocation_id, code, updated_at) VALUES ('5d564fca-ad6b-5713-8ee3-a9578554c632', 'UNW-011', NOW());
INSERT INTO allocations (id, conference_id, user_id, country) VALUES ('c3b4ac52-1b5f-586a-9d52-c075a314fa94', 'd15774ac-8751-53f3-85f8-19750979f897', NULL, 'India');
INSERT INTO allocation_gate_codes (allocation_id, code, updated_at) VALUES ('c3b4ac52-1b5f-586a-9d52-c075a314fa94', 'UNW-012', NOW());
INSERT INTO allocations (id, conference_id, user_id, country) VALUES ('9d2cdef8-d352-5e14-bb44-e4186c94e466', 'd15774ac-8751-53f3-85f8-19750979f897', NULL, 'Iran');
INSERT INTO allocation_gate_codes (allocation_id, code, updated_at) VALUES ('9d2cdef8-d352-5e14-bb44-e4186c94e466', 'UNW-013', NOW());
INSERT INTO allocations (id, conference_id, user_id, country) VALUES ('a2406795-469c-5c61-a611-34f3bb29b8ea', 'd15774ac-8751-53f3-85f8-19750979f897', NULL, 'Japan');
INSERT INTO allocation_gate_codes (allocation_id, code, updated_at) VALUES ('a2406795-469c-5c61-a611-34f3bb29b8ea', 'UNW-014', NOW());
INSERT INTO allocations (id, conference_id, user_id, country) VALUES ('e3751a9c-96ec-554d-87a2-26bcd98e900f', 'd15774ac-8751-53f3-85f8-19750979f897', NULL, 'Kenya');
INSERT INTO allocation_gate_codes (allocation_id, code, updated_at) VALUES ('e3751a9c-96ec-554d-87a2-26bcd98e900f', 'UNW-015', NOW());
INSERT INTO allocations (id, conference_id, user_id, country) VALUES ('f9c9e4fe-f615-583b-85e5-8f7a3185b2c4', 'd15774ac-8751-53f3-85f8-19750979f897', NULL, 'Malta');
INSERT INTO allocation_gate_codes (allocation_id, code, updated_at) VALUES ('f9c9e4fe-f615-583b-85e5-8f7a3185b2c4', 'UNW-016', NOW());
INSERT INTO allocations (id, conference_id, user_id, country) VALUES ('1a75635b-26d9-594a-8d60-5ad10f01594f', 'd15774ac-8751-53f3-85f8-19750979f897', NULL, 'Mexico');
INSERT INTO allocation_gate_codes (allocation_id, code, updated_at) VALUES ('1a75635b-26d9-594a-8d60-5ad10f01594f', 'UNW-017', NOW());
INSERT INTO allocations (id, conference_id, user_id, country) VALUES ('c7e9601a-d075-502a-b881-ce9a77a0fa98', 'd15774ac-8751-53f3-85f8-19750979f897', NULL, 'Nigeria');
INSERT INTO allocation_gate_codes (allocation_id, code, updated_at) VALUES ('c7e9601a-d075-502a-b881-ce9a77a0fa98', 'UNW-018', NOW());
INSERT INTO allocations (id, conference_id, user_id, country) VALUES ('dba0186e-5f23-50b5-8333-8bacb8906835', 'd15774ac-8751-53f3-85f8-19750979f897', NULL, 'Norway');
INSERT INTO allocation_gate_codes (allocation_id, code, updated_at) VALUES ('dba0186e-5f23-50b5-8333-8bacb8906835', 'UNW-019', NOW());
INSERT INTO allocations (id, conference_id, user_id, country) VALUES ('8689f328-0124-5231-8a09-668f44cff160', 'd15774ac-8751-53f3-85f8-19750979f897', NULL, 'Philippines');
INSERT INTO allocation_gate_codes (allocation_id, code, updated_at) VALUES ('8689f328-0124-5231-8a09-668f44cff160', 'UNW-020', NOW());
INSERT INTO allocations (id, conference_id, user_id, country) VALUES ('38d5ab66-197b-5723-bb54-9851ee2cd27e', 'd15774ac-8751-53f3-85f8-19750979f897', NULL, 'Poland');
INSERT INTO allocation_gate_codes (allocation_id, code, updated_at) VALUES ('38d5ab66-197b-5723-bb54-9851ee2cd27e', 'UNW-021', NOW());
INSERT INTO allocations (id, conference_id, user_id, country) VALUES ('ee9cc5fd-6104-5cd9-9449-8159f56a94da', 'd15774ac-8751-53f3-85f8-19750979f897', NULL, 'Saudi Arabia');
INSERT INTO allocation_gate_codes (allocation_id, code, updated_at) VALUES ('ee9cc5fd-6104-5cd9-9449-8159f56a94da', 'UNW-022', NOW());
INSERT INTO allocations (id, conference_id, user_id, country) VALUES ('92faff04-bcd6-5ebd-ad83-fb9c0f8adf6b', 'd15774ac-8751-53f3-85f8-19750979f897', NULL, 'Singapore');
INSERT INTO allocation_gate_codes (allocation_id, code, updated_at) VALUES ('92faff04-bcd6-5ebd-ad83-fb9c0f8adf6b', 'UNW-023', NOW());
INSERT INTO allocations (id, conference_id, user_id, country) VALUES ('e8ef287d-eaa0-59e6-b0bc-3cee062fa235', 'd15774ac-8751-53f3-85f8-19750979f897', NULL, 'South Africa');
INSERT INTO allocation_gate_codes (allocation_id, code, updated_at) VALUES ('e8ef287d-eaa0-59e6-b0bc-3cee062fa235', 'UNW-024', NOW());
INSERT INTO allocations (id, conference_id, user_id, country) VALUES ('4298490f-1eff-576a-a20e-fb71525d7376', 'd15774ac-8751-53f3-85f8-19750979f897', NULL, 'South Korea');
INSERT INTO allocation_gate_codes (allocation_id, code, updated_at) VALUES ('4298490f-1eff-576a-a20e-fb71525d7376', 'UNW-025', NOW());
INSERT INTO allocations (id, conference_id, user_id, country) VALUES ('f90455d4-5c65-5328-b171-dd6f2890c847', 'd15774ac-8751-53f3-85f8-19750979f897', NULL, 'Sweden');
INSERT INTO allocation_gate_codes (allocation_id, code, updated_at) VALUES ('f90455d4-5c65-5328-b171-dd6f2890c847', 'UNW-026', NOW());
INSERT INTO allocations (id, conference_id, user_id, country) VALUES ('cb977a9a-dd1f-5581-959e-ebf81ded7375', 'd15774ac-8751-53f3-85f8-19750979f897', NULL, 'Thailand');
INSERT INTO allocation_gate_codes (allocation_id, code, updated_at) VALUES ('cb977a9a-dd1f-5581-959e-ebf81ded7375', 'UNW-027', NOW());
INSERT INTO allocations (id, conference_id, user_id, country) VALUES ('7116a41d-d211-51d9-863d-c92157d22eb4', 'd15774ac-8751-53f3-85f8-19750979f897', NULL, 'United Kingdom');
INSERT INTO allocation_gate_codes (allocation_id, code, updated_at) VALUES ('7116a41d-d211-51d9-863d-c92157d22eb4', 'UNW-028', NOW());
INSERT INTO allocations (id, conference_id, user_id, country) VALUES ('f63b8306-1e44-5879-8f11-8dc8bd9c9111', 'd15774ac-8751-53f3-85f8-19750979f897', NULL, 'United States');
INSERT INTO allocation_gate_codes (allocation_id, code, updated_at) VALUES ('f63b8306-1e44-5879-8f11-8dc8bd9c9111', 'UNW-029', NOW());
INSERT INTO allocations (id, conference_id, user_id, country) VALUES ('4e956918-a225-5364-8278-7872e15cace6', 'd15774ac-8751-53f3-85f8-19750979f897', NULL, 'Vietnam');
INSERT INTO allocation_gate_codes (allocation_id, code, updated_at) VALUES ('4e956918-a225-5364-8278-7872e15cace6', 'UNW-030', NOW());

-- UN Women topic 2: 30 allocations
INSERT INTO allocations (id, conference_id, user_id, country) VALUES ('84f73414-771f-5ed2-bab5-1feee28d0566', '66798af7-78b5-5e91-8b42-2a0038ef3a2a', NULL, 'Argentina');
INSERT INTO allocation_gate_codes (allocation_id, code, updated_at) VALUES ('84f73414-771f-5ed2-bab5-1feee28d0566', 'UNW-001', NOW());
INSERT INTO allocations (id, conference_id, user_id, country) VALUES ('4405e602-6378-5210-84da-07e6346c4707', '66798af7-78b5-5e91-8b42-2a0038ef3a2a', NULL, 'Australia');
INSERT INTO allocation_gate_codes (allocation_id, code, updated_at) VALUES ('4405e602-6378-5210-84da-07e6346c4707', 'UNW-002', NOW());
INSERT INTO allocations (id, conference_id, user_id, country) VALUES ('bae71ded-747a-5334-8368-0861a5f7afbe', '66798af7-78b5-5e91-8b42-2a0038ef3a2a', NULL, 'Brazil');
INSERT INTO allocation_gate_codes (allocation_id, code, updated_at) VALUES ('bae71ded-747a-5334-8368-0861a5f7afbe', 'UNW-003', NOW());
INSERT INTO allocations (id, conference_id, user_id, country) VALUES ('f76326f3-48a0-5e4d-9b83-1ddfc10577ce', '66798af7-78b5-5e91-8b42-2a0038ef3a2a', NULL, 'Canada');
INSERT INTO allocation_gate_codes (allocation_id, code, updated_at) VALUES ('f76326f3-48a0-5e4d-9b83-1ddfc10577ce', 'UNW-004', NOW());
INSERT INTO allocations (id, conference_id, user_id, country) VALUES ('d5e8e334-948f-5dd8-b824-a690d18dee57', '66798af7-78b5-5e91-8b42-2a0038ef3a2a', NULL, 'Chile');
INSERT INTO allocation_gate_codes (allocation_id, code, updated_at) VALUES ('d5e8e334-948f-5dd8-b824-a690d18dee57', 'UNW-005', NOW());
INSERT INTO allocations (id, conference_id, user_id, country) VALUES ('839fdaac-1e77-5702-8778-ac46ec279b7d', '66798af7-78b5-5e91-8b42-2a0038ef3a2a', NULL, 'China');
INSERT INTO allocation_gate_codes (allocation_id, code, updated_at) VALUES ('839fdaac-1e77-5702-8778-ac46ec279b7d', 'UNW-006', NOW());
INSERT INTO allocations (id, conference_id, user_id, country) VALUES ('472d2098-64c2-5dd2-ac9b-ace124c946cd', '66798af7-78b5-5e91-8b42-2a0038ef3a2a', NULL, 'Egypt');
INSERT INTO allocation_gate_codes (allocation_id, code, updated_at) VALUES ('472d2098-64c2-5dd2-ac9b-ace124c946cd', 'UNW-007', NOW());
INSERT INTO allocations (id, conference_id, user_id, country) VALUES ('3a6f0f2a-3ff6-558f-a281-6b4dc76cc1d3', '66798af7-78b5-5e91-8b42-2a0038ef3a2a', NULL, 'France');
INSERT INTO allocation_gate_codes (allocation_id, code, updated_at) VALUES ('3a6f0f2a-3ff6-558f-a281-6b4dc76cc1d3', 'UNW-008', NOW());
INSERT INTO allocations (id, conference_id, user_id, country) VALUES ('411d5b0f-0789-5a78-993e-aa356a168275', '66798af7-78b5-5e91-8b42-2a0038ef3a2a', NULL, 'Germany');
INSERT INTO allocation_gate_codes (allocation_id, code, updated_at) VALUES ('411d5b0f-0789-5a78-993e-aa356a168275', 'UNW-009', NOW());
INSERT INTO allocations (id, conference_id, user_id, country) VALUES ('c1bc5327-d29a-5269-ab14-69165c5c69f8', '66798af7-78b5-5e91-8b42-2a0038ef3a2a', NULL, 'Hungary');
INSERT INTO allocation_gate_codes (allocation_id, code, updated_at) VALUES ('c1bc5327-d29a-5269-ab14-69165c5c69f8', 'UNW-010', NOW());
INSERT INTO allocations (id, conference_id, user_id, country) VALUES ('e6a9072d-0135-5f67-b4cd-04b6fb68a96c', '66798af7-78b5-5e91-8b42-2a0038ef3a2a', NULL, 'Iceland');
INSERT INTO allocation_gate_codes (allocation_id, code, updated_at) VALUES ('e6a9072d-0135-5f67-b4cd-04b6fb68a96c', 'UNW-011', NOW());
INSERT INTO allocations (id, conference_id, user_id, country) VALUES ('a1441efb-fbef-5222-9653-c1cc460d3e00', '66798af7-78b5-5e91-8b42-2a0038ef3a2a', NULL, 'India');
INSERT INTO allocation_gate_codes (allocation_id, code, updated_at) VALUES ('a1441efb-fbef-5222-9653-c1cc460d3e00', 'UNW-012', NOW());
INSERT INTO allocations (id, conference_id, user_id, country) VALUES ('ff670440-a429-5108-a468-ca8ec665ad0f', '66798af7-78b5-5e91-8b42-2a0038ef3a2a', NULL, 'Iran');
INSERT INTO allocation_gate_codes (allocation_id, code, updated_at) VALUES ('ff670440-a429-5108-a468-ca8ec665ad0f', 'UNW-013', NOW());
INSERT INTO allocations (id, conference_id, user_id, country) VALUES ('bcd19e42-3cd2-5ba7-9667-7c427a1a0fb0', '66798af7-78b5-5e91-8b42-2a0038ef3a2a', NULL, 'Japan');
INSERT INTO allocation_gate_codes (allocation_id, code, updated_at) VALUES ('bcd19e42-3cd2-5ba7-9667-7c427a1a0fb0', 'UNW-014', NOW());
INSERT INTO allocations (id, conference_id, user_id, country) VALUES ('da0b28db-6d8f-5445-a143-4c9b61c22c22', '66798af7-78b5-5e91-8b42-2a0038ef3a2a', NULL, 'Kenya');
INSERT INTO allocation_gate_codes (allocation_id, code, updated_at) VALUES ('da0b28db-6d8f-5445-a143-4c9b61c22c22', 'UNW-015', NOW());
INSERT INTO allocations (id, conference_id, user_id, country) VALUES ('1d3c6a37-2e15-5003-a7c4-a0ebb0098a50', '66798af7-78b5-5e91-8b42-2a0038ef3a2a', NULL, 'Malta');
INSERT INTO allocation_gate_codes (allocation_id, code, updated_at) VALUES ('1d3c6a37-2e15-5003-a7c4-a0ebb0098a50', 'UNW-016', NOW());
INSERT INTO allocations (id, conference_id, user_id, country) VALUES ('f50da9be-409d-509c-85b0-54c419878df2', '66798af7-78b5-5e91-8b42-2a0038ef3a2a', NULL, 'Mexico');
INSERT INTO allocation_gate_codes (allocation_id, code, updated_at) VALUES ('f50da9be-409d-509c-85b0-54c419878df2', 'UNW-017', NOW());
INSERT INTO allocations (id, conference_id, user_id, country) VALUES ('842db882-b814-56fd-9781-196e65415e74', '66798af7-78b5-5e91-8b42-2a0038ef3a2a', NULL, 'Nigeria');
INSERT INTO allocation_gate_codes (allocation_id, code, updated_at) VALUES ('842db882-b814-56fd-9781-196e65415e74', 'UNW-018', NOW());
INSERT INTO allocations (id, conference_id, user_id, country) VALUES ('c43d8f7d-43c7-59b5-b6eb-38ecf53d7aff', '66798af7-78b5-5e91-8b42-2a0038ef3a2a', NULL, 'Norway');
INSERT INTO allocation_gate_codes (allocation_id, code, updated_at) VALUES ('c43d8f7d-43c7-59b5-b6eb-38ecf53d7aff', 'UNW-019', NOW());
INSERT INTO allocations (id, conference_id, user_id, country) VALUES ('f0e4165f-641b-5a5c-a8d3-9a49a4113d09', '66798af7-78b5-5e91-8b42-2a0038ef3a2a', NULL, 'Philippines');
INSERT INTO allocation_gate_codes (allocation_id, code, updated_at) VALUES ('f0e4165f-641b-5a5c-a8d3-9a49a4113d09', 'UNW-020', NOW());
INSERT INTO allocations (id, conference_id, user_id, country) VALUES ('149011bf-53de-51c3-b0b9-e3be86fb6832', '66798af7-78b5-5e91-8b42-2a0038ef3a2a', NULL, 'Poland');
INSERT INTO allocation_gate_codes (allocation_id, code, updated_at) VALUES ('149011bf-53de-51c3-b0b9-e3be86fb6832', 'UNW-021', NOW());
INSERT INTO allocations (id, conference_id, user_id, country) VALUES ('69d5ac79-8b20-5080-88c5-5a23b16374ab', '66798af7-78b5-5e91-8b42-2a0038ef3a2a', NULL, 'Saudi Arabia');
INSERT INTO allocation_gate_codes (allocation_id, code, updated_at) VALUES ('69d5ac79-8b20-5080-88c5-5a23b16374ab', 'UNW-022', NOW());
INSERT INTO allocations (id, conference_id, user_id, country) VALUES ('ebc92ae1-e10f-58c6-bd61-12e4378c162b', '66798af7-78b5-5e91-8b42-2a0038ef3a2a', NULL, 'Singapore');
INSERT INTO allocation_gate_codes (allocation_id, code, updated_at) VALUES ('ebc92ae1-e10f-58c6-bd61-12e4378c162b', 'UNW-023', NOW());
INSERT INTO allocations (id, conference_id, user_id, country) VALUES ('cde28079-b740-5514-88cb-71a835f68984', '66798af7-78b5-5e91-8b42-2a0038ef3a2a', NULL, 'South Africa');
INSERT INTO allocation_gate_codes (allocation_id, code, updated_at) VALUES ('cde28079-b740-5514-88cb-71a835f68984', 'UNW-024', NOW());
INSERT INTO allocations (id, conference_id, user_id, country) VALUES ('4b50a093-8110-5eb1-be66-ceedb816b78a', '66798af7-78b5-5e91-8b42-2a0038ef3a2a', NULL, 'South Korea');
INSERT INTO allocation_gate_codes (allocation_id, code, updated_at) VALUES ('4b50a093-8110-5eb1-be66-ceedb816b78a', 'UNW-025', NOW());
INSERT INTO allocations (id, conference_id, user_id, country) VALUES ('050b6ab3-13aa-5b1b-932d-f6b7cec6c90a', '66798af7-78b5-5e91-8b42-2a0038ef3a2a', NULL, 'Sweden');
INSERT INTO allocation_gate_codes (allocation_id, code, updated_at) VALUES ('050b6ab3-13aa-5b1b-932d-f6b7cec6c90a', 'UNW-026', NOW());
INSERT INTO allocations (id, conference_id, user_id, country) VALUES ('51b3ccf2-6d8c-5cf9-ae14-82488445da66', '66798af7-78b5-5e91-8b42-2a0038ef3a2a', NULL, 'Thailand');
INSERT INTO allocation_gate_codes (allocation_id, code, updated_at) VALUES ('51b3ccf2-6d8c-5cf9-ae14-82488445da66', 'UNW-027', NOW());
INSERT INTO allocations (id, conference_id, user_id, country) VALUES ('01abc471-2c05-515f-b5d8-3e8eedd87720', '66798af7-78b5-5e91-8b42-2a0038ef3a2a', NULL, 'United Kingdom');
INSERT INTO allocation_gate_codes (allocation_id, code, updated_at) VALUES ('01abc471-2c05-515f-b5d8-3e8eedd87720', 'UNW-028', NOW());
INSERT INTO allocations (id, conference_id, user_id, country) VALUES ('7a121638-dcb3-5736-b36f-0ebe4cd5468e', '66798af7-78b5-5e91-8b42-2a0038ef3a2a', NULL, 'United States');
INSERT INTO allocation_gate_codes (allocation_id, code, updated_at) VALUES ('7a121638-dcb3-5736-b36f-0ebe4cd5468e', 'UNW-029', NOW());
INSERT INTO allocations (id, conference_id, user_id, country) VALUES ('903a434b-864a-58b6-8b21-3158b25414b3', '66798af7-78b5-5e91-8b42-2a0038ef3a2a', NULL, 'Vietnam');
INSERT INTO allocation_gate_codes (allocation_id, code, updated_at) VALUES ('903a434b-864a-58b6-8b21-3158b25414b3', 'UNW-030', NOW());

-- DISEC topic 1: 25 allocations
INSERT INTO allocations (id, conference_id, user_id, country) VALUES ('ca08a5a2-f2bb-51b5-bcb4-d908e207b163', 'f890e3d3-e965-57e9-a4bb-40058ee40f96', NULL, 'Brazil');
INSERT INTO allocation_gate_codes (allocation_id, code, updated_at) VALUES ('ca08a5a2-f2bb-51b5-bcb4-d908e207b163', 'DIS-001', NOW());
INSERT INTO allocations (id, conference_id, user_id, country) VALUES ('3db2e200-f28f-5cc8-9bde-71621ec4f6f0', 'f890e3d3-e965-57e9-a4bb-40058ee40f96', NULL, 'Canada');
INSERT INTO allocation_gate_codes (allocation_id, code, updated_at) VALUES ('3db2e200-f28f-5cc8-9bde-71621ec4f6f0', 'DIS-002', NOW());
INSERT INTO allocations (id, conference_id, user_id, country) VALUES ('9dbd8cdf-1023-5afa-80c8-546e33239cf9', 'f890e3d3-e965-57e9-a4bb-40058ee40f96', NULL, 'China');
INSERT INTO allocation_gate_codes (allocation_id, code, updated_at) VALUES ('9dbd8cdf-1023-5afa-80c8-546e33239cf9', 'DIS-003', NOW());
INSERT INTO allocations (id, conference_id, user_id, country) VALUES ('f5d7df2d-e2fa-5824-90e3-7010963cccab', 'f890e3d3-e965-57e9-a4bb-40058ee40f96', NULL, 'Colombia');
INSERT INTO allocation_gate_codes (allocation_id, code, updated_at) VALUES ('f5d7df2d-e2fa-5824-90e3-7010963cccab', 'DIS-004', NOW());
INSERT INTO allocations (id, conference_id, user_id, country) VALUES ('cba5aade-5b14-5b6f-918a-030d14e79597', 'f890e3d3-e965-57e9-a4bb-40058ee40f96', NULL, 'France');
INSERT INTO allocation_gate_codes (allocation_id, code, updated_at) VALUES ('cba5aade-5b14-5b6f-918a-030d14e79597', 'DIS-005', NOW());
INSERT INTO allocations (id, conference_id, user_id, country) VALUES ('b6433175-62be-5b96-be70-f7d426e7f67e', 'f890e3d3-e965-57e9-a4bb-40058ee40f96', NULL, 'Germany');
INSERT INTO allocation_gate_codes (allocation_id, code, updated_at) VALUES ('b6433175-62be-5b96-be70-f7d426e7f67e', 'DIS-006', NOW());
INSERT INTO allocations (id, conference_id, user_id, country) VALUES ('0c4922ce-8427-5cfa-b64b-d80496adb406', 'f890e3d3-e965-57e9-a4bb-40058ee40f96', NULL, 'India');
INSERT INTO allocation_gate_codes (allocation_id, code, updated_at) VALUES ('0c4922ce-8427-5cfa-b64b-d80496adb406', 'DIS-007', NOW());
INSERT INTO allocations (id, conference_id, user_id, country) VALUES ('47a3e2b1-2a2b-5b30-97f3-2a970f6b8c4c', 'f890e3d3-e965-57e9-a4bb-40058ee40f96', NULL, 'Iran');
INSERT INTO allocation_gate_codes (allocation_id, code, updated_at) VALUES ('47a3e2b1-2a2b-5b30-97f3-2a970f6b8c4c', 'DIS-008', NOW());
INSERT INTO allocations (id, conference_id, user_id, country) VALUES ('3d7b5c28-42c7-5288-b91a-8279005f5bc1', 'f890e3d3-e965-57e9-a4bb-40058ee40f96', NULL, 'Israel');
INSERT INTO allocation_gate_codes (allocation_id, code, updated_at) VALUES ('3d7b5c28-42c7-5288-b91a-8279005f5bc1', 'DIS-009', NOW());
INSERT INTO allocations (id, conference_id, user_id, country) VALUES ('06527dc7-5da3-59a8-802b-f53895996e89', 'f890e3d3-e965-57e9-a4bb-40058ee40f96', NULL, 'Japan');
INSERT INTO allocation_gate_codes (allocation_id, code, updated_at) VALUES ('06527dc7-5da3-59a8-802b-f53895996e89', 'DIS-010', NOW());
INSERT INTO allocations (id, conference_id, user_id, country) VALUES ('47a007bb-ddb9-52b5-8280-0100580bab1c', 'f890e3d3-e965-57e9-a4bb-40058ee40f96', NULL, 'Mexico');
INSERT INTO allocation_gate_codes (allocation_id, code, updated_at) VALUES ('47a007bb-ddb9-52b5-8280-0100580bab1c', 'DIS-011', NOW());
INSERT INTO allocations (id, conference_id, user_id, country) VALUES ('81f61485-1a0d-510b-a40b-0784939c46e4', 'f890e3d3-e965-57e9-a4bb-40058ee40f96', NULL, 'Myanmar');
INSERT INTO allocation_gate_codes (allocation_id, code, updated_at) VALUES ('81f61485-1a0d-510b-a40b-0784939c46e4', 'DIS-012', NOW());
INSERT INTO allocations (id, conference_id, user_id, country) VALUES ('aa69fbdf-a816-5db4-ad88-34efd9583e44', 'f890e3d3-e965-57e9-a4bb-40058ee40f96', NULL, 'Nigeria');
INSERT INTO allocation_gate_codes (allocation_id, code, updated_at) VALUES ('aa69fbdf-a816-5db4-ad88-34efd9583e44', 'DIS-013', NOW());
INSERT INTO allocations (id, conference_id, user_id, country) VALUES ('e307af65-1274-59e3-b969-068170f2a0ef', 'f890e3d3-e965-57e9-a4bb-40058ee40f96', NULL, 'Pakistan');
INSERT INTO allocation_gate_codes (allocation_id, code, updated_at) VALUES ('e307af65-1274-59e3-b969-068170f2a0ef', 'DIS-014', NOW());
INSERT INTO allocations (id, conference_id, user_id, country) VALUES ('ff8ba594-b134-5833-8d7b-1fa7ee7a71ed', 'f890e3d3-e965-57e9-a4bb-40058ee40f96', NULL, 'Philippines');
INSERT INTO allocation_gate_codes (allocation_id, code, updated_at) VALUES ('ff8ba594-b134-5833-8d7b-1fa7ee7a71ed', 'DIS-015', NOW());
INSERT INTO allocations (id, conference_id, user_id, country) VALUES ('6366bf53-02b7-5d98-84ab-120cf6559a50', 'f890e3d3-e965-57e9-a4bb-40058ee40f96', NULL, 'Russia');
INSERT INTO allocation_gate_codes (allocation_id, code, updated_at) VALUES ('6366bf53-02b7-5d98-84ab-120cf6559a50', 'DIS-016', NOW());
INSERT INTO allocations (id, conference_id, user_id, country) VALUES ('a329d268-4a65-5250-aec2-99f8fd7395f5', 'f890e3d3-e965-57e9-a4bb-40058ee40f96', NULL, 'Saudi Arabia');
INSERT INTO allocation_gate_codes (allocation_id, code, updated_at) VALUES ('a329d268-4a65-5250-aec2-99f8fd7395f5', 'DIS-017', NOW());
INSERT INTO allocations (id, conference_id, user_id, country) VALUES ('cdff6685-cd3f-580f-8476-44441809d725', 'f890e3d3-e965-57e9-a4bb-40058ee40f96', NULL, 'Singapore');
INSERT INTO allocation_gate_codes (allocation_id, code, updated_at) VALUES ('cdff6685-cd3f-580f-8476-44441809d725', 'DIS-018', NOW());
INSERT INTO allocations (id, conference_id, user_id, country) VALUES ('57dddcd2-78b7-5475-9338-5d761081ed8b', 'f890e3d3-e965-57e9-a4bb-40058ee40f96', NULL, 'South Africa');
INSERT INTO allocation_gate_codes (allocation_id, code, updated_at) VALUES ('57dddcd2-78b7-5475-9338-5d761081ed8b', 'DIS-019', NOW());
INSERT INTO allocations (id, conference_id, user_id, country) VALUES ('460da2db-7bbe-5f91-ba7f-08b5e2686983', 'f890e3d3-e965-57e9-a4bb-40058ee40f96', NULL, 'Switzerland');
INSERT INTO allocation_gate_codes (allocation_id, code, updated_at) VALUES ('460da2db-7bbe-5f91-ba7f-08b5e2686983', 'DIS-020', NOW());
INSERT INTO allocations (id, conference_id, user_id, country) VALUES ('113f2991-f04e-5894-b26b-9e6c65ea9cf0', 'f890e3d3-e965-57e9-a4bb-40058ee40f96', NULL, 'Thailand');
INSERT INTO allocation_gate_codes (allocation_id, code, updated_at) VALUES ('113f2991-f04e-5894-b26b-9e6c65ea9cf0', 'DIS-021', NOW());
INSERT INTO allocations (id, conference_id, user_id, country) VALUES ('d0505619-d2eb-533a-85f3-a47e46af9ce5', 'f890e3d3-e965-57e9-a4bb-40058ee40f96', NULL, 'Turkey');
INSERT INTO allocation_gate_codes (allocation_id, code, updated_at) VALUES ('d0505619-d2eb-533a-85f3-a47e46af9ce5', 'DIS-022', NOW());
INSERT INTO allocations (id, conference_id, user_id, country) VALUES ('9c769cda-a9fe-5512-b6fd-2c9951a75088', 'f890e3d3-e965-57e9-a4bb-40058ee40f96', NULL, 'United Kingdom');
INSERT INTO allocation_gate_codes (allocation_id, code, updated_at) VALUES ('9c769cda-a9fe-5512-b6fd-2c9951a75088', 'DIS-023', NOW());
INSERT INTO allocations (id, conference_id, user_id, country) VALUES ('0e67514d-e5f8-5077-9a95-9b84e01c010e', 'f890e3d3-e965-57e9-a4bb-40058ee40f96', NULL, 'United States');
INSERT INTO allocation_gate_codes (allocation_id, code, updated_at) VALUES ('0e67514d-e5f8-5077-9a95-9b84e01c010e', 'DIS-024', NOW());
INSERT INTO allocations (id, conference_id, user_id, country) VALUES ('3e5c9b01-1664-5fa1-8c6a-92c5f77ced66', 'f890e3d3-e965-57e9-a4bb-40058ee40f96', NULL, 'Vietnam');
INSERT INTO allocation_gate_codes (allocation_id, code, updated_at) VALUES ('3e5c9b01-1664-5fa1-8c6a-92c5f77ced66', 'DIS-025', NOW());

-- DISEC topic 2: 25 allocations
INSERT INTO allocations (id, conference_id, user_id, country) VALUES ('cbaa56f5-276f-5b0b-a304-cfd7da2df40a', '51a2a065-93b3-5af9-9554-c61730727c64', NULL, 'Brazil');
INSERT INTO allocation_gate_codes (allocation_id, code, updated_at) VALUES ('cbaa56f5-276f-5b0b-a304-cfd7da2df40a', 'DIS-001', NOW());
INSERT INTO allocations (id, conference_id, user_id, country) VALUES ('0a171dd7-12fb-5335-b852-06d78513c9f8', '51a2a065-93b3-5af9-9554-c61730727c64', NULL, 'Canada');
INSERT INTO allocation_gate_codes (allocation_id, code, updated_at) VALUES ('0a171dd7-12fb-5335-b852-06d78513c9f8', 'DIS-002', NOW());
INSERT INTO allocations (id, conference_id, user_id, country) VALUES ('71c19bee-7f71-51a3-a2c1-2e4db40ca1ea', '51a2a065-93b3-5af9-9554-c61730727c64', NULL, 'China');
INSERT INTO allocation_gate_codes (allocation_id, code, updated_at) VALUES ('71c19bee-7f71-51a3-a2c1-2e4db40ca1ea', 'DIS-003', NOW());
INSERT INTO allocations (id, conference_id, user_id, country) VALUES ('f13fa7a2-6115-5123-af83-fd92a4f74d80', '51a2a065-93b3-5af9-9554-c61730727c64', NULL, 'Colombia');
INSERT INTO allocation_gate_codes (allocation_id, code, updated_at) VALUES ('f13fa7a2-6115-5123-af83-fd92a4f74d80', 'DIS-004', NOW());
INSERT INTO allocations (id, conference_id, user_id, country) VALUES ('d3e83c3b-4fe7-53fa-aada-5ae4410a44c7', '51a2a065-93b3-5af9-9554-c61730727c64', NULL, 'France');
INSERT INTO allocation_gate_codes (allocation_id, code, updated_at) VALUES ('d3e83c3b-4fe7-53fa-aada-5ae4410a44c7', 'DIS-005', NOW());
INSERT INTO allocations (id, conference_id, user_id, country) VALUES ('6604ceee-e72b-5a34-a257-dc1cef75f97b', '51a2a065-93b3-5af9-9554-c61730727c64', NULL, 'Germany');
INSERT INTO allocation_gate_codes (allocation_id, code, updated_at) VALUES ('6604ceee-e72b-5a34-a257-dc1cef75f97b', 'DIS-006', NOW());
INSERT INTO allocations (id, conference_id, user_id, country) VALUES ('cbcffb3b-0000-574e-967d-afd8d6634689', '51a2a065-93b3-5af9-9554-c61730727c64', NULL, 'India');
INSERT INTO allocation_gate_codes (allocation_id, code, updated_at) VALUES ('cbcffb3b-0000-574e-967d-afd8d6634689', 'DIS-007', NOW());
INSERT INTO allocations (id, conference_id, user_id, country) VALUES ('4c50ed63-c1bb-567a-bfe4-8c91f53cdaf0', '51a2a065-93b3-5af9-9554-c61730727c64', NULL, 'Iran');
INSERT INTO allocation_gate_codes (allocation_id, code, updated_at) VALUES ('4c50ed63-c1bb-567a-bfe4-8c91f53cdaf0', 'DIS-008', NOW());
INSERT INTO allocations (id, conference_id, user_id, country) VALUES ('64589116-a760-53fc-9a57-3951021732b7', '51a2a065-93b3-5af9-9554-c61730727c64', NULL, 'Israel');
INSERT INTO allocation_gate_codes (allocation_id, code, updated_at) VALUES ('64589116-a760-53fc-9a57-3951021732b7', 'DIS-009', NOW());
INSERT INTO allocations (id, conference_id, user_id, country) VALUES ('546e3700-1715-52ac-82a5-c7b378e56c3e', '51a2a065-93b3-5af9-9554-c61730727c64', NULL, 'Japan');
INSERT INTO allocation_gate_codes (allocation_id, code, updated_at) VALUES ('546e3700-1715-52ac-82a5-c7b378e56c3e', 'DIS-010', NOW());
INSERT INTO allocations (id, conference_id, user_id, country) VALUES ('6989fd4f-0866-5514-82cb-ba20836395fb', '51a2a065-93b3-5af9-9554-c61730727c64', NULL, 'Mexico');
INSERT INTO allocation_gate_codes (allocation_id, code, updated_at) VALUES ('6989fd4f-0866-5514-82cb-ba20836395fb', 'DIS-011', NOW());
INSERT INTO allocations (id, conference_id, user_id, country) VALUES ('761f26ce-f885-5204-b282-9df8cd4e12c9', '51a2a065-93b3-5af9-9554-c61730727c64', NULL, 'Myanmar');
INSERT INTO allocation_gate_codes (allocation_id, code, updated_at) VALUES ('761f26ce-f885-5204-b282-9df8cd4e12c9', 'DIS-012', NOW());
INSERT INTO allocations (id, conference_id, user_id, country) VALUES ('0b765c52-817c-53e8-9475-f6004647d70c', '51a2a065-93b3-5af9-9554-c61730727c64', NULL, 'Nigeria');
INSERT INTO allocation_gate_codes (allocation_id, code, updated_at) VALUES ('0b765c52-817c-53e8-9475-f6004647d70c', 'DIS-013', NOW());
INSERT INTO allocations (id, conference_id, user_id, country) VALUES ('4f367efe-6ec7-5868-b4e0-9e37229537d9', '51a2a065-93b3-5af9-9554-c61730727c64', NULL, 'Pakistan');
INSERT INTO allocation_gate_codes (allocation_id, code, updated_at) VALUES ('4f367efe-6ec7-5868-b4e0-9e37229537d9', 'DIS-014', NOW());
INSERT INTO allocations (id, conference_id, user_id, country) VALUES ('4f4bcdc6-a8b9-5b66-b4e5-c514aa432b50', '51a2a065-93b3-5af9-9554-c61730727c64', NULL, 'Philippines');
INSERT INTO allocation_gate_codes (allocation_id, code, updated_at) VALUES ('4f4bcdc6-a8b9-5b66-b4e5-c514aa432b50', 'DIS-015', NOW());
INSERT INTO allocations (id, conference_id, user_id, country) VALUES ('11e3ccdf-82e2-5e35-a018-b32feec57c5a', '51a2a065-93b3-5af9-9554-c61730727c64', NULL, 'Russia');
INSERT INTO allocation_gate_codes (allocation_id, code, updated_at) VALUES ('11e3ccdf-82e2-5e35-a018-b32feec57c5a', 'DIS-016', NOW());
INSERT INTO allocations (id, conference_id, user_id, country) VALUES ('5291f591-819f-5dec-af3d-560b06825cf8', '51a2a065-93b3-5af9-9554-c61730727c64', NULL, 'Saudi Arabia');
INSERT INTO allocation_gate_codes (allocation_id, code, updated_at) VALUES ('5291f591-819f-5dec-af3d-560b06825cf8', 'DIS-017', NOW());
INSERT INTO allocations (id, conference_id, user_id, country) VALUES ('1be6b7df-64e6-55ec-a896-ac24f9286fb8', '51a2a065-93b3-5af9-9554-c61730727c64', NULL, 'Singapore');
INSERT INTO allocation_gate_codes (allocation_id, code, updated_at) VALUES ('1be6b7df-64e6-55ec-a896-ac24f9286fb8', 'DIS-018', NOW());
INSERT INTO allocations (id, conference_id, user_id, country) VALUES ('fda36673-a4f2-564f-97b3-d8190b2e4fd6', '51a2a065-93b3-5af9-9554-c61730727c64', NULL, 'South Africa');
INSERT INTO allocation_gate_codes (allocation_id, code, updated_at) VALUES ('fda36673-a4f2-564f-97b3-d8190b2e4fd6', 'DIS-019', NOW());
INSERT INTO allocations (id, conference_id, user_id, country) VALUES ('e7a968cf-b2cb-5458-8dc8-4e754588c405', '51a2a065-93b3-5af9-9554-c61730727c64', NULL, 'Switzerland');
INSERT INTO allocation_gate_codes (allocation_id, code, updated_at) VALUES ('e7a968cf-b2cb-5458-8dc8-4e754588c405', 'DIS-020', NOW());
INSERT INTO allocations (id, conference_id, user_id, country) VALUES ('2d296302-7052-561d-80d3-d69d1d46c2b6', '51a2a065-93b3-5af9-9554-c61730727c64', NULL, 'Thailand');
INSERT INTO allocation_gate_codes (allocation_id, code, updated_at) VALUES ('2d296302-7052-561d-80d3-d69d1d46c2b6', 'DIS-021', NOW());
INSERT INTO allocations (id, conference_id, user_id, country) VALUES ('fec95b86-24a6-52d2-a7a4-9954a7d39aa3', '51a2a065-93b3-5af9-9554-c61730727c64', NULL, 'Turkey');
INSERT INTO allocation_gate_codes (allocation_id, code, updated_at) VALUES ('fec95b86-24a6-52d2-a7a4-9954a7d39aa3', 'DIS-022', NOW());
INSERT INTO allocations (id, conference_id, user_id, country) VALUES ('adbd5d97-0a62-5e02-a44e-37f9e8065272', '51a2a065-93b3-5af9-9554-c61730727c64', NULL, 'United Kingdom');
INSERT INTO allocation_gate_codes (allocation_id, code, updated_at) VALUES ('adbd5d97-0a62-5e02-a44e-37f9e8065272', 'DIS-023', NOW());
INSERT INTO allocations (id, conference_id, user_id, country) VALUES ('25b72fcf-4ab2-51a6-b70b-dfd425bfe806', '51a2a065-93b3-5af9-9554-c61730727c64', NULL, 'United States');
INSERT INTO allocation_gate_codes (allocation_id, code, updated_at) VALUES ('25b72fcf-4ab2-51a6-b70b-dfd425bfe806', 'DIS-024', NOW());
INSERT INTO allocations (id, conference_id, user_id, country) VALUES ('5f73b532-c287-5c31-91d9-b5b04007c24b', '51a2a065-93b3-5af9-9554-c61730727c64', NULL, 'Vietnam');
INSERT INTO allocation_gate_codes (allocation_id, code, updated_at) VALUES ('5f73b532-c287-5c31-91d9-b5b04007c24b', 'DIS-025', NOW());

-- FWC - Stranger Things topic 1: 15 allocations
INSERT INTO allocations (id, conference_id, user_id, country) VALUES ('d93b3f2f-a852-52f4-9bda-43d36f09dd2e', '5ed866f9-bd94-5207-8ea1-10e0936d4595', NULL, 'Agent Connie Frazier');
INSERT INTO allocation_gate_codes (allocation_id, code, updated_at) VALUES ('d93b3f2f-a852-52f4-9bda-43d36f09dd2e', 'FWC-001', NOW());
INSERT INTO allocations (id, conference_id, user_id, country) VALUES ('2a4a3395-f4b6-5d1e-abd6-3d44c9413b04', '5ed866f9-bd94-5207-8ea1-10e0936d4595', NULL, 'Colonel KGB');
INSERT INTO allocation_gate_codes (allocation_id, code, updated_at) VALUES ('2a4a3395-f4b6-5d1e-abd6-3d44c9413b04', 'FWC-002', NOW());
INSERT INTO allocations (id, conference_id, user_id, country) VALUES ('a7eb562e-a481-50e3-b415-15d733be94d2', '5ed866f9-bd94-5207-8ea1-10e0936d4595', NULL, 'Dr. Arlo Beck');
INSERT INTO allocation_gate_codes (allocation_id, code, updated_at) VALUES ('a7eb562e-a481-50e3-b415-15d733be94d2', 'FWC-003', NOW());
INSERT INTO allocations (id, conference_id, user_id, country) VALUES ('fd71072d-e8d0-5c0b-a199-8de924029bf7', '5ed866f9-bd94-5207-8ea1-10e0936d4595', NULL, 'Dr. Martin Brenner');
INSERT INTO allocation_gate_codes (allocation_id, code, updated_at) VALUES ('fd71072d-e8d0-5c0b-a199-8de924029bf7', 'FWC-004', NOW());
INSERT INTO allocations (id, conference_id, user_id, country) VALUES ('cb96b381-6dae-5122-831e-a69ef78ae45e', '5ed866f9-bd94-5207-8ea1-10e0936d4595', NULL, 'Dr. Sam Owens');
INSERT INTO allocation_gate_codes (allocation_id, code, updated_at) VALUES ('cb96b381-6dae-5122-831e-a69ef78ae45e', 'FWC-005', NOW());
INSERT INTO allocations (id, conference_id, user_id, country) VALUES ('0fc5fecd-f4d2-5b6d-b312-eacfb016b4ab', '5ed866f9-bd94-5207-8ea1-10e0936d4595', NULL, 'Eleven (011/Jane Ives)');
INSERT INTO allocation_gate_codes (allocation_id, code, updated_at) VALUES ('0fc5fecd-f4d2-5b6d-b312-eacfb016b4ab', 'FWC-006', NOW());
INSERT INTO allocations (id, conference_id, user_id, country) VALUES ('b1dd82fb-ad87-5ba0-a062-9924b1fad94d', '5ed866f9-bd94-5207-8ea1-10e0936d4595', NULL, 'Hawkins School Counsellor');
INSERT INTO allocation_gate_codes (allocation_id, code, updated_at) VALUES ('b1dd82fb-ad87-5ba0-a062-9924b1fad94d', 'FWC-007', NOW());
INSERT INTO allocations (id, conference_id, user_id, country) VALUES ('47ecbff5-d92f-5204-b5f9-ae7a2aff4cb6', '5ed866f9-bd94-5207-8ea1-10e0936d4595', NULL, 'Henry Creel (001/Vecna)');
INSERT INTO allocation_gate_codes (allocation_id, code, updated_at) VALUES ('47ecbff5-d92f-5204-b5f9-ae7a2aff4cb6', 'FWC-008', NOW());
INSERT INTO allocations (id, conference_id, user_id, country) VALUES ('32e829aa-68f0-59ff-8e20-bc4ee7bdce33', '5ed866f9-bd94-5207-8ea1-10e0936d4595', NULL, 'Jim Hopper');
INSERT INTO allocation_gate_codes (allocation_id, code, updated_at) VALUES ('32e829aa-68f0-59ff-8e20-bc4ee7bdce33', 'FWC-009', NOW());
INSERT INTO allocations (id, conference_id, user_id, country) VALUES ('01fe8582-4fd4-50ac-af3d-4bfc7618ba54', '5ed866f9-bd94-5207-8ea1-10e0936d4595', NULL, 'Joyce Byers');
INSERT INTO allocation_gate_codes (allocation_id, code, updated_at) VALUES ('01fe8582-4fd4-50ac-af3d-4bfc7618ba54', 'FWC-010', NOW());
INSERT INTO allocations (id, conference_id, user_id, country) VALUES ('9fef7987-8a31-510f-86db-beb9087b1c10', '5ed866f9-bd94-5207-8ea1-10e0936d4595', NULL, 'Kali Prasad (008)');
INSERT INTO allocation_gate_codes (allocation_id, code, updated_at) VALUES ('9fef7987-8a31-510f-86db-beb9087b1c10', 'FWC-011', NOW());
INSERT INTO allocations (id, conference_id, user_id, country) VALUES ('79e0780d-2e76-54d7-8acb-1023aefe14e9', '5ed866f9-bd94-5207-8ea1-10e0936d4595', NULL, 'Lt. Colonel Jack Sullivan');
INSERT INTO allocation_gate_codes (allocation_id, code, updated_at) VALUES ('79e0780d-2e76-54d7-8acb-1023aefe14e9', 'FWC-012', NOW());
INSERT INTO allocations (id, conference_id, user_id, country) VALUES ('cbb4d837-2cd7-55bd-9d6b-dd3fdaa337de', '5ed866f9-bd94-5207-8ea1-10e0936d4595', NULL, 'Subject 002');
INSERT INTO allocation_gate_codes (allocation_id, code, updated_at) VALUES ('cbb4d837-2cd7-55bd-9d6b-dd3fdaa337de', 'FWC-013', NOW());
INSERT INTO allocations (id, conference_id, user_id, country) VALUES ('858169eb-ce81-5d12-83e0-180fde798c77', '5ed866f9-bd94-5207-8ea1-10e0936d4595', NULL, 'Terry Ives');
INSERT INTO allocation_gate_codes (allocation_id, code, updated_at) VALUES ('858169eb-ce81-5d12-83e0-180fde798c77', 'FWC-014', NOW());
INSERT INTO allocations (id, conference_id, user_id, country) VALUES ('c6e31ab1-0a63-5ec7-a8c5-c9785f0eb063', '5ed866f9-bd94-5207-8ea1-10e0936d4595', NULL, 'Truant Officer');
INSERT INTO allocation_gate_codes (allocation_id, code, updated_at) VALUES ('c6e31ab1-0a63-5ec7-a8c5-c9785f0eb063', 'FWC-015', NOW());

-- FWC - Stranger Things topic 2: 15 allocations
INSERT INTO allocations (id, conference_id, user_id, country) VALUES ('6125c458-f086-5544-8f9e-8ce18e7b98c1', '91c83106-5e5f-53cf-9356-4e9ab025306a', NULL, 'Agent Connie Frazier');
INSERT INTO allocation_gate_codes (allocation_id, code, updated_at) VALUES ('6125c458-f086-5544-8f9e-8ce18e7b98c1', 'FWC-001', NOW());
INSERT INTO allocations (id, conference_id, user_id, country) VALUES ('31dfbb81-5f2a-5c50-9157-33543b369b3f', '91c83106-5e5f-53cf-9356-4e9ab025306a', NULL, 'Colonel KGB');
INSERT INTO allocation_gate_codes (allocation_id, code, updated_at) VALUES ('31dfbb81-5f2a-5c50-9157-33543b369b3f', 'FWC-002', NOW());
INSERT INTO allocations (id, conference_id, user_id, country) VALUES ('d45b823e-154f-597b-b862-8444591f5c82', '91c83106-5e5f-53cf-9356-4e9ab025306a', NULL, 'Dr. Arlo Beck');
INSERT INTO allocation_gate_codes (allocation_id, code, updated_at) VALUES ('d45b823e-154f-597b-b862-8444591f5c82', 'FWC-003', NOW());
INSERT INTO allocations (id, conference_id, user_id, country) VALUES ('65024bbc-0f62-5a60-87eb-691cd11b61ac', '91c83106-5e5f-53cf-9356-4e9ab025306a', NULL, 'Dr. Martin Brenner');
INSERT INTO allocation_gate_codes (allocation_id, code, updated_at) VALUES ('65024bbc-0f62-5a60-87eb-691cd11b61ac', 'FWC-004', NOW());
INSERT INTO allocations (id, conference_id, user_id, country) VALUES ('e3df6962-56b5-5839-a85c-82398dc491e8', '91c83106-5e5f-53cf-9356-4e9ab025306a', NULL, 'Dr. Sam Owens');
INSERT INTO allocation_gate_codes (allocation_id, code, updated_at) VALUES ('e3df6962-56b5-5839-a85c-82398dc491e8', 'FWC-005', NOW());
INSERT INTO allocations (id, conference_id, user_id, country) VALUES ('a1436992-cc68-5850-89fd-70d7106cb06b', '91c83106-5e5f-53cf-9356-4e9ab025306a', NULL, 'Eleven (011/Jane Ives)');
INSERT INTO allocation_gate_codes (allocation_id, code, updated_at) VALUES ('a1436992-cc68-5850-89fd-70d7106cb06b', 'FWC-006', NOW());
INSERT INTO allocations (id, conference_id, user_id, country) VALUES ('6fe37b4e-be33-5633-83cc-d5cf60964086', '91c83106-5e5f-53cf-9356-4e9ab025306a', NULL, 'Hawkins School Counsellor');
INSERT INTO allocation_gate_codes (allocation_id, code, updated_at) VALUES ('6fe37b4e-be33-5633-83cc-d5cf60964086', 'FWC-007', NOW());
INSERT INTO allocations (id, conference_id, user_id, country) VALUES ('23815e10-2e27-526e-8c5d-f55a2d69e975', '91c83106-5e5f-53cf-9356-4e9ab025306a', NULL, 'Henry Creel (001/Vecna)');
INSERT INTO allocation_gate_codes (allocation_id, code, updated_at) VALUES ('23815e10-2e27-526e-8c5d-f55a2d69e975', 'FWC-008', NOW());
INSERT INTO allocations (id, conference_id, user_id, country) VALUES ('26af3649-c9be-5636-84ea-68e9bc386ede', '91c83106-5e5f-53cf-9356-4e9ab025306a', NULL, 'Jim Hopper');
INSERT INTO allocation_gate_codes (allocation_id, code, updated_at) VALUES ('26af3649-c9be-5636-84ea-68e9bc386ede', 'FWC-009', NOW());
INSERT INTO allocations (id, conference_id, user_id, country) VALUES ('c86974c9-7634-5a83-8be4-9e76e20b1402', '91c83106-5e5f-53cf-9356-4e9ab025306a', NULL, 'Joyce Byers');
INSERT INTO allocation_gate_codes (allocation_id, code, updated_at) VALUES ('c86974c9-7634-5a83-8be4-9e76e20b1402', 'FWC-010', NOW());
INSERT INTO allocations (id, conference_id, user_id, country) VALUES ('2a572628-c582-516f-b768-ec1faef2b0f5', '91c83106-5e5f-53cf-9356-4e9ab025306a', NULL, 'Kali Prasad (008)');
INSERT INTO allocation_gate_codes (allocation_id, code, updated_at) VALUES ('2a572628-c582-516f-b768-ec1faef2b0f5', 'FWC-011', NOW());
INSERT INTO allocations (id, conference_id, user_id, country) VALUES ('c94a35f1-3fc4-5546-af67-e3f2af7562be', '91c83106-5e5f-53cf-9356-4e9ab025306a', NULL, 'Lt. Colonel Jack Sullivan');
INSERT INTO allocation_gate_codes (allocation_id, code, updated_at) VALUES ('c94a35f1-3fc4-5546-af67-e3f2af7562be', 'FWC-012', NOW());
INSERT INTO allocations (id, conference_id, user_id, country) VALUES ('f8069cd4-97f0-5551-b6b6-3d8baa34021d', '91c83106-5e5f-53cf-9356-4e9ab025306a', NULL, 'Subject 002');
INSERT INTO allocation_gate_codes (allocation_id, code, updated_at) VALUES ('f8069cd4-97f0-5551-b6b6-3d8baa34021d', 'FWC-013', NOW());
INSERT INTO allocations (id, conference_id, user_id, country) VALUES ('7f02f07a-f2f8-5858-b2d4-a8ff33f535e3', '91c83106-5e5f-53cf-9356-4e9ab025306a', NULL, 'Terry Ives');
INSERT INTO allocation_gate_codes (allocation_id, code, updated_at) VALUES ('7f02f07a-f2f8-5858-b2d4-a8ff33f535e3', 'FWC-014', NOW());
INSERT INTO allocations (id, conference_id, user_id, country) VALUES ('4bc35840-5a42-5f51-8fbe-8c5f14d069e5', '91c83106-5e5f-53cf-9356-4e9ab025306a', NULL, 'Truant Officer');
INSERT INTO allocation_gate_codes (allocation_id, code, updated_at) VALUES ('4bc35840-5a42-5f51-8fbe-8c5f14d069e5', 'FWC-015', NOW());

-- HSC topic 1: 20 allocations
INSERT INTO allocations (id, conference_id, user_id, country) VALUES ('7ad8c823-e31a-5bb0-9c2c-dbc738a5b13c', '3151a6d9-d887-5cf7-a363-b320bbc84633', NULL, 'Canada (British North America Territory / Canada)');
INSERT INTO allocation_gate_codes (allocation_id, code, updated_at) VALUES ('7ad8c823-e31a-5bb0-9c2c-dbc738a5b13c', 'HSC-001', NOW());
INSERT INTO allocations (id, conference_id, user_id, country) VALUES ('3d4b8456-a016-5fe9-8e5d-342e1d171711', '3151a6d9-d887-5cf7-a363-b320bbc84633', NULL, 'China (The Yuan Dynasty / PRC)');
INSERT INTO allocation_gate_codes (allocation_id, code, updated_at) VALUES ('3d4b8456-a016-5fe9-8e5d-342e1d171711', 'HSC-002', NOW());
INSERT INTO allocations (id, conference_id, user_id, country) VALUES ('a3ee6e5f-d86f-52c4-87e3-4bc693421a62', '3151a6d9-d887-5cf7-a363-b320bbc84633', NULL, 'Egypt (Mamluk Sultanate / Egypt)');
INSERT INTO allocation_gate_codes (allocation_id, code, updated_at) VALUES ('a3ee6e5f-d86f-52c4-87e3-4bc693421a62', 'HSC-003', NOW());
INSERT INTO allocations (id, conference_id, user_id, country) VALUES ('1d6f473c-88f3-57e3-9605-26f5224397e8', '3151a6d9-d887-5cf7-a363-b320bbc84633', NULL, 'Ethiopia (Solomonic Dynasty / Ethiopia)');
INSERT INTO allocation_gate_codes (allocation_id, code, updated_at) VALUES ('1d6f473c-88f3-57e3-9605-26f5224397e8', 'HSC-004', NOW());
INSERT INTO allocations (id, conference_id, user_id, country) VALUES ('f79010d6-530b-5295-8dcd-40184f787016', '3151a6d9-d887-5cf7-a363-b320bbc84633', NULL, 'France (Kingdom of France / France)');
INSERT INTO allocation_gate_codes (allocation_id, code, updated_at) VALUES ('f79010d6-530b-5295-8dcd-40184f787016', 'HSC-005', NOW());
INSERT INTO allocations (id, conference_id, user_id, country) VALUES ('b8f40e9b-b74c-5204-8bba-703f83d9682b', '3151a6d9-d887-5cf7-a363-b320bbc84633', NULL, 'Germany (Hanseatic League / Germany)');
INSERT INTO allocation_gate_codes (allocation_id, code, updated_at) VALUES ('b8f40e9b-b74c-5204-8bba-703f83d9682b', 'HSC-006', NOW());
INSERT INTO allocations (id, conference_id, user_id, country) VALUES ('659e9e11-6b76-51b0-853a-8ea7a5a177a0', '3151a6d9-d887-5cf7-a363-b320bbc84633', NULL, 'Greece (Byzantine Empire / Greece)');
INSERT INTO allocation_gate_codes (allocation_id, code, updated_at) VALUES ('659e9e11-6b76-51b0-853a-8ea7a5a177a0', 'HSC-007', NOW());
INSERT INTO allocations (id, conference_id, user_id, country) VALUES ('0b75c79b-0352-555a-945d-aef6619f9f07', '3151a6d9-d887-5cf7-a363-b320bbc84633', NULL, 'India (Delhi Sultanate / India)');
INSERT INTO allocation_gate_codes (allocation_id, code, updated_at) VALUES ('0b75c79b-0352-555a-945d-aef6619f9f07', 'HSC-008', NOW());
INSERT INTO allocations (id, conference_id, user_id, country) VALUES ('b9e26a6e-adc1-5928-adce-cdfb29f26775', '3151a6d9-d887-5cf7-a363-b320bbc84633', NULL, 'Italy (The Republic of Venice / Italy)');
INSERT INTO allocation_gate_codes (allocation_id, code, updated_at) VALUES ('b9e26a6e-adc1-5928-adce-cdfb29f26775', 'HSC-009', NOW());
INSERT INTO allocations (id, conference_id, user_id, country) VALUES ('fc9a79f4-7e2a-5044-b2e5-879b58b419e8', '3151a6d9-d887-5cf7-a363-b320bbc84633', NULL, 'Japan (Muromachi Shogunate / Japan)');
INSERT INTO allocation_gate_codes (allocation_id, code, updated_at) VALUES ('fc9a79f4-7e2a-5044-b2e5-879b58b419e8', 'HSC-010', NOW());
INSERT INTO allocations (id, conference_id, user_id, country) VALUES ('fd72012d-5fb7-5447-915f-9d52e8c9db0f', '3151a6d9-d887-5cf7-a363-b320bbc84633', NULL, 'Morocco (Marinid Sultanate / Morocco)');
INSERT INTO allocation_gate_codes (allocation_id, code, updated_at) VALUES ('fd72012d-5fb7-5447-915f-9d52e8c9db0f', 'HSC-011', NOW());
INSERT INTO allocations (id, conference_id, user_id, country) VALUES ('450a4219-20b1-5015-8584-fe515217df03', '3151a6d9-d887-5cf7-a363-b320bbc84633', NULL, 'Russia (The Golden Horde / Russia)');
INSERT INTO allocation_gate_codes (allocation_id, code, updated_at) VALUES ('450a4219-20b1-5015-8584-fe515217df03', 'HSC-012', NOW());
INSERT INTO allocations (id, conference_id, user_id, country) VALUES ('b6529991-683d-5952-9ff5-5088c7343d92', '3151a6d9-d887-5cf7-a363-b320bbc84633', NULL, 'Saudi Arabia (The Hejaz / Saudi Arabia)');
INSERT INTO allocation_gate_codes (allocation_id, code, updated_at) VALUES ('b6529991-683d-5952-9ff5-5088c7343d92', 'HSC-013', NOW());
INSERT INTO allocations (id, conference_id, user_id, country) VALUES ('ebf558a2-c505-5e8e-81c8-b990274bf753', '3151a6d9-d887-5cf7-a363-b320bbc84633', NULL, 'Singapore (Temasek / Singapore)');
INSERT INTO allocation_gate_codes (allocation_id, code, updated_at) VALUES ('ebf558a2-c505-5e8e-81c8-b990274bf753', 'HSC-014', NOW());
INSERT INTO allocations (id, conference_id, user_id, country) VALUES ('f36b3a81-06fc-590f-bdb2-27d1e8bf758f', '3151a6d9-d887-5cf7-a363-b320bbc84633', NULL, 'Spain (Kingdom of Castile / Spain)');
INSERT INTO allocation_gate_codes (allocation_id, code, updated_at) VALUES ('f36b3a81-06fc-590f-bdb2-27d1e8bf758f', 'HSC-015', NOW());
INSERT INTO allocations (id, conference_id, user_id, country) VALUES ('68c78e08-0e82-541b-af8c-576e6d3ff151', '3151a6d9-d887-5cf7-a363-b320bbc84633', NULL, 'Thailand (Ayutthaya Kingdom / Thailand)');
INSERT INTO allocation_gate_codes (allocation_id, code, updated_at) VALUES ('68c78e08-0e82-541b-af8c-576e6d3ff151', 'HSC-016', NOW());
INSERT INTO allocations (id, conference_id, user_id, country) VALUES ('b546160e-61d5-59cf-b8b6-6b0c33d2cbcc', '3151a6d9-d887-5cf7-a363-b320bbc84633', NULL, 'Turkey (Ottoman Beyliks / Turkey)');
INSERT INTO allocation_gate_codes (allocation_id, code, updated_at) VALUES ('b546160e-61d5-59cf-b8b6-6b0c33d2cbcc', 'HSC-017', NOW());
INSERT INTO allocations (id, conference_id, user_id, country) VALUES ('bb59ab90-df9b-50aa-bc12-365710f33013', '3151a6d9-d887-5cf7-a363-b320bbc84633', NULL, 'United Kingdom (Kingdom of England / UK)');
INSERT INTO allocation_gate_codes (allocation_id, code, updated_at) VALUES ('bb59ab90-df9b-50aa-bc12-365710f33013', 'HSC-018', NOW());
INSERT INTO allocations (id, conference_id, user_id, country) VALUES ('20389dc3-03a8-5566-bc8f-878ff8f17981', '3151a6d9-d887-5cf7-a363-b320bbc84633', NULL, 'United States (The Iroquois Confederacy / USA)');
INSERT INTO allocation_gate_codes (allocation_id, code, updated_at) VALUES ('20389dc3-03a8-5566-bc8f-878ff8f17981', 'HSC-019', NOW());
INSERT INTO allocations (id, conference_id, user_id, country) VALUES ('ba15224e-6bd7-5028-a23c-f630e80170f4', '3151a6d9-d887-5cf7-a363-b320bbc84633', NULL, 'Vietnam (Kingdom of Đại Việt / Vietnam)');
INSERT INTO allocation_gate_codes (allocation_id, code, updated_at) VALUES ('ba15224e-6bd7-5028-a23c-f630e80170f4', 'HSC-020', NOW());

-- HSC topic 2: 20 allocations
INSERT INTO allocations (id, conference_id, user_id, country) VALUES ('ef4f9fa2-7d65-545f-99e1-e917b654bb9f', 'ce8715f3-e03b-53c5-bc87-042ee592b03e', NULL, 'Canada (British North America Territory / Canada)');
INSERT INTO allocation_gate_codes (allocation_id, code, updated_at) VALUES ('ef4f9fa2-7d65-545f-99e1-e917b654bb9f', 'HSC-001', NOW());
INSERT INTO allocations (id, conference_id, user_id, country) VALUES ('d1d3b22e-37b7-54d7-ba48-5cac47e3260d', 'ce8715f3-e03b-53c5-bc87-042ee592b03e', NULL, 'China (The Yuan Dynasty / PRC)');
INSERT INTO allocation_gate_codes (allocation_id, code, updated_at) VALUES ('d1d3b22e-37b7-54d7-ba48-5cac47e3260d', 'HSC-002', NOW());
INSERT INTO allocations (id, conference_id, user_id, country) VALUES ('b1111505-5160-5ef5-8a96-3d42bd99f503', 'ce8715f3-e03b-53c5-bc87-042ee592b03e', NULL, 'Egypt (Mamluk Sultanate / Egypt)');
INSERT INTO allocation_gate_codes (allocation_id, code, updated_at) VALUES ('b1111505-5160-5ef5-8a96-3d42bd99f503', 'HSC-003', NOW());
INSERT INTO allocations (id, conference_id, user_id, country) VALUES ('57cdac91-a7a7-5baa-8b62-4e002f556e4f', 'ce8715f3-e03b-53c5-bc87-042ee592b03e', NULL, 'Ethiopia (Solomonic Dynasty / Ethiopia)');
INSERT INTO allocation_gate_codes (allocation_id, code, updated_at) VALUES ('57cdac91-a7a7-5baa-8b62-4e002f556e4f', 'HSC-004', NOW());
INSERT INTO allocations (id, conference_id, user_id, country) VALUES ('eb755f52-c887-56e2-aa85-e8d2b507a3fe', 'ce8715f3-e03b-53c5-bc87-042ee592b03e', NULL, 'France (Kingdom of France / France)');
INSERT INTO allocation_gate_codes (allocation_id, code, updated_at) VALUES ('eb755f52-c887-56e2-aa85-e8d2b507a3fe', 'HSC-005', NOW());
INSERT INTO allocations (id, conference_id, user_id, country) VALUES ('e884f88b-637c-5b9a-aae3-d5714fd24717', 'ce8715f3-e03b-53c5-bc87-042ee592b03e', NULL, 'Germany (Hanseatic League / Germany)');
INSERT INTO allocation_gate_codes (allocation_id, code, updated_at) VALUES ('e884f88b-637c-5b9a-aae3-d5714fd24717', 'HSC-006', NOW());
INSERT INTO allocations (id, conference_id, user_id, country) VALUES ('67a50380-0b27-5cfe-8a20-302dc78b9ec4', 'ce8715f3-e03b-53c5-bc87-042ee592b03e', NULL, 'Greece (Byzantine Empire / Greece)');
INSERT INTO allocation_gate_codes (allocation_id, code, updated_at) VALUES ('67a50380-0b27-5cfe-8a20-302dc78b9ec4', 'HSC-007', NOW());
INSERT INTO allocations (id, conference_id, user_id, country) VALUES ('c9e5a7b0-ff4b-55be-a160-04c591c61938', 'ce8715f3-e03b-53c5-bc87-042ee592b03e', NULL, 'India (Delhi Sultanate / India)');
INSERT INTO allocation_gate_codes (allocation_id, code, updated_at) VALUES ('c9e5a7b0-ff4b-55be-a160-04c591c61938', 'HSC-008', NOW());
INSERT INTO allocations (id, conference_id, user_id, country) VALUES ('9e212067-1976-5533-a54e-062a91d615ca', 'ce8715f3-e03b-53c5-bc87-042ee592b03e', NULL, 'Italy (The Republic of Venice / Italy)');
INSERT INTO allocation_gate_codes (allocation_id, code, updated_at) VALUES ('9e212067-1976-5533-a54e-062a91d615ca', 'HSC-009', NOW());
INSERT INTO allocations (id, conference_id, user_id, country) VALUES ('cd41dae1-cdcd-5da5-b8c1-1803257b8cec', 'ce8715f3-e03b-53c5-bc87-042ee592b03e', NULL, 'Japan (Muromachi Shogunate / Japan)');
INSERT INTO allocation_gate_codes (allocation_id, code, updated_at) VALUES ('cd41dae1-cdcd-5da5-b8c1-1803257b8cec', 'HSC-010', NOW());
INSERT INTO allocations (id, conference_id, user_id, country) VALUES ('ab79dc7f-6ed7-5680-94dc-f93fce669b10', 'ce8715f3-e03b-53c5-bc87-042ee592b03e', NULL, 'Morocco (Marinid Sultanate / Morocco)');
INSERT INTO allocation_gate_codes (allocation_id, code, updated_at) VALUES ('ab79dc7f-6ed7-5680-94dc-f93fce669b10', 'HSC-011', NOW());
INSERT INTO allocations (id, conference_id, user_id, country) VALUES ('4b8b729b-1e1c-505d-bc4e-3e350dfad2c8', 'ce8715f3-e03b-53c5-bc87-042ee592b03e', NULL, 'Russia (The Golden Horde / Russia)');
INSERT INTO allocation_gate_codes (allocation_id, code, updated_at) VALUES ('4b8b729b-1e1c-505d-bc4e-3e350dfad2c8', 'HSC-012', NOW());
INSERT INTO allocations (id, conference_id, user_id, country) VALUES ('413a5d42-9717-5b6e-a95a-1d9a3fae209b', 'ce8715f3-e03b-53c5-bc87-042ee592b03e', NULL, 'Saudi Arabia (The Hejaz / Saudi Arabia)');
INSERT INTO allocation_gate_codes (allocation_id, code, updated_at) VALUES ('413a5d42-9717-5b6e-a95a-1d9a3fae209b', 'HSC-013', NOW());
INSERT INTO allocations (id, conference_id, user_id, country) VALUES ('053fdac3-a636-5a47-a8cf-32bfbb2e3c30', 'ce8715f3-e03b-53c5-bc87-042ee592b03e', NULL, 'Singapore (Temasek / Singapore)');
INSERT INTO allocation_gate_codes (allocation_id, code, updated_at) VALUES ('053fdac3-a636-5a47-a8cf-32bfbb2e3c30', 'HSC-014', NOW());
INSERT INTO allocations (id, conference_id, user_id, country) VALUES ('2d1cd7e2-eea5-51da-afe4-4ab270600674', 'ce8715f3-e03b-53c5-bc87-042ee592b03e', NULL, 'Spain (Kingdom of Castile / Spain)');
INSERT INTO allocation_gate_codes (allocation_id, code, updated_at) VALUES ('2d1cd7e2-eea5-51da-afe4-4ab270600674', 'HSC-015', NOW());
INSERT INTO allocations (id, conference_id, user_id, country) VALUES ('3ec635a1-929c-59ed-a98c-3a0cf752521c', 'ce8715f3-e03b-53c5-bc87-042ee592b03e', NULL, 'Thailand (Ayutthaya Kingdom / Thailand)');
INSERT INTO allocation_gate_codes (allocation_id, code, updated_at) VALUES ('3ec635a1-929c-59ed-a98c-3a0cf752521c', 'HSC-016', NOW());
INSERT INTO allocations (id, conference_id, user_id, country) VALUES ('8be8d768-b5d9-5a46-981f-5106b4815ee8', 'ce8715f3-e03b-53c5-bc87-042ee592b03e', NULL, 'Turkey (Ottoman Beyliks / Turkey)');
INSERT INTO allocation_gate_codes (allocation_id, code, updated_at) VALUES ('8be8d768-b5d9-5a46-981f-5106b4815ee8', 'HSC-017', NOW());
INSERT INTO allocations (id, conference_id, user_id, country) VALUES ('f46284b6-064a-5eb3-9404-29f7c2063724', 'ce8715f3-e03b-53c5-bc87-042ee592b03e', NULL, 'United Kingdom (Kingdom of England / UK)');
INSERT INTO allocation_gate_codes (allocation_id, code, updated_at) VALUES ('f46284b6-064a-5eb3-9404-29f7c2063724', 'HSC-018', NOW());
INSERT INTO allocations (id, conference_id, user_id, country) VALUES ('1bb896e2-d12e-5ead-9397-331fcabf0914', 'ce8715f3-e03b-53c5-bc87-042ee592b03e', NULL, 'United States (The Iroquois Confederacy / USA)');
INSERT INTO allocation_gate_codes (allocation_id, code, updated_at) VALUES ('1bb896e2-d12e-5ead-9397-331fcabf0914', 'HSC-019', NOW());
INSERT INTO allocations (id, conference_id, user_id, country) VALUES ('746f0ee3-4050-5a8f-b43b-b89e2cbb5140', 'ce8715f3-e03b-53c5-bc87-042ee592b03e', NULL, 'Vietnam (Kingdom of Đại Việt / Vietnam)');
INSERT INTO allocation_gate_codes (allocation_id, code, updated_at) VALUES ('746f0ee3-4050-5a8f-b43b-b89e2cbb5140', 'HSC-020', NOW());

-- Interpol topic 1: 25 allocations
INSERT INTO allocations (id, conference_id, user_id, country) VALUES ('d40a334e-3570-5351-a3a5-33913052c54c', 'a2401203-2286-5021-bd4e-72667c1eb8d2', NULL, 'Australia');
INSERT INTO allocation_gate_codes (allocation_id, code, updated_at) VALUES ('d40a334e-3570-5351-a3a5-33913052c54c', 'INT-001', NOW());
INSERT INTO allocations (id, conference_id, user_id, country) VALUES ('4ec2c31b-3aaf-5e69-8938-402cef2b46ba', 'a2401203-2286-5021-bd4e-72667c1eb8d2', NULL, 'Brazil');
INSERT INTO allocation_gate_codes (allocation_id, code, updated_at) VALUES ('4ec2c31b-3aaf-5e69-8938-402cef2b46ba', 'INT-002', NOW());
INSERT INTO allocations (id, conference_id, user_id, country) VALUES ('3ee8aa2d-060c-5857-b72b-cc1ada0fcc27', 'a2401203-2286-5021-bd4e-72667c1eb8d2', NULL, 'Canada');
INSERT INTO allocation_gate_codes (allocation_id, code, updated_at) VALUES ('3ee8aa2d-060c-5857-b72b-cc1ada0fcc27', 'INT-003', NOW());
INSERT INTO allocations (id, conference_id, user_id, country) VALUES ('8c9065b2-b88a-5a54-bba7-d052f6577219', 'a2401203-2286-5021-bd4e-72667c1eb8d2', NULL, 'China');
INSERT INTO allocation_gate_codes (allocation_id, code, updated_at) VALUES ('8c9065b2-b88a-5a54-bba7-d052f6577219', 'INT-004', NOW());
INSERT INTO allocations (id, conference_id, user_id, country) VALUES ('dc790189-ea44-5be1-83dc-81b8b9ab709b', 'a2401203-2286-5021-bd4e-72667c1eb8d2', NULL, 'Colombia');
INSERT INTO allocation_gate_codes (allocation_id, code, updated_at) VALUES ('dc790189-ea44-5be1-83dc-81b8b9ab709b', 'INT-005', NOW());
INSERT INTO allocations (id, conference_id, user_id, country) VALUES ('44ee620e-66a3-509d-99be-b588adeeb2b0', 'a2401203-2286-5021-bd4e-72667c1eb8d2', NULL, 'France');
INSERT INTO allocation_gate_codes (allocation_id, code, updated_at) VALUES ('44ee620e-66a3-509d-99be-b588adeeb2b0', 'INT-006', NOW());
INSERT INTO allocations (id, conference_id, user_id, country) VALUES ('dfb5fe4e-7e5d-58b8-a23d-c0fcf5732166', 'a2401203-2286-5021-bd4e-72667c1eb8d2', NULL, 'Germany');
INSERT INTO allocation_gate_codes (allocation_id, code, updated_at) VALUES ('dfb5fe4e-7e5d-58b8-a23d-c0fcf5732166', 'INT-007', NOW());
INSERT INTO allocations (id, conference_id, user_id, country) VALUES ('81939951-c1df-5519-8f6b-8885e715ccb7', 'a2401203-2286-5021-bd4e-72667c1eb8d2', NULL, 'India');
INSERT INTO allocation_gate_codes (allocation_id, code, updated_at) VALUES ('81939951-c1df-5519-8f6b-8885e715ccb7', 'INT-008', NOW());
INSERT INTO allocations (id, conference_id, user_id, country) VALUES ('1846becf-e1f7-54f6-a80e-61f3da1ebc36', 'a2401203-2286-5021-bd4e-72667c1eb8d2', NULL, 'Israel');
INSERT INTO allocation_gate_codes (allocation_id, code, updated_at) VALUES ('1846becf-e1f7-54f6-a80e-61f3da1ebc36', 'INT-009', NOW());
INSERT INTO allocations (id, conference_id, user_id, country) VALUES ('68e0d8e2-c92f-569d-9cc7-405a350774c8', 'a2401203-2286-5021-bd4e-72667c1eb8d2', NULL, 'Italy');
INSERT INTO allocation_gate_codes (allocation_id, code, updated_at) VALUES ('68e0d8e2-c92f-569d-9cc7-405a350774c8', 'INT-010', NOW());
INSERT INTO allocations (id, conference_id, user_id, country) VALUES ('1f1de9d8-d026-5d32-943a-4a9859a30315', 'a2401203-2286-5021-bd4e-72667c1eb8d2', NULL, 'Japan');
INSERT INTO allocation_gate_codes (allocation_id, code, updated_at) VALUES ('1f1de9d8-d026-5d32-943a-4a9859a30315', 'INT-011', NOW());
INSERT INTO allocations (id, conference_id, user_id, country) VALUES ('6894b6da-3872-5d96-9c87-af64fee84068', 'a2401203-2286-5021-bd4e-72667c1eb8d2', NULL, 'Laos');
INSERT INTO allocation_gate_codes (allocation_id, code, updated_at) VALUES ('6894b6da-3872-5d96-9c87-af64fee84068', 'INT-012', NOW());
INSERT INTO allocations (id, conference_id, user_id, country) VALUES ('0001e6d3-3bd2-55b5-b097-8cc43f53a8e4', 'a2401203-2286-5021-bd4e-72667c1eb8d2', NULL, 'Mexico');
INSERT INTO allocation_gate_codes (allocation_id, code, updated_at) VALUES ('0001e6d3-3bd2-55b5-b097-8cc43f53a8e4', 'INT-013', NOW());
INSERT INTO allocations (id, conference_id, user_id, country) VALUES ('13104f46-7c71-5500-a140-73ff662399ef', 'a2401203-2286-5021-bd4e-72667c1eb8d2', NULL, 'Myanmar');
INSERT INTO allocation_gate_codes (allocation_id, code, updated_at) VALUES ('13104f46-7c71-5500-a140-73ff662399ef', 'INT-014', NOW());
INSERT INTO allocations (id, conference_id, user_id, country) VALUES ('1313651c-165f-5200-97d5-a025802e3a77', 'a2401203-2286-5021-bd4e-72667c1eb8d2', NULL, 'Netherlands');
INSERT INTO allocation_gate_codes (allocation_id, code, updated_at) VALUES ('1313651c-165f-5200-97d5-a025802e3a77', 'INT-015', NOW());
INSERT INTO allocations (id, conference_id, user_id, country) VALUES ('3d4ac6e7-d377-5cfb-9c03-50dc0cd51d12', 'a2401203-2286-5021-bd4e-72667c1eb8d2', NULL, 'Philippines');
INSERT INTO allocation_gate_codes (allocation_id, code, updated_at) VALUES ('3d4ac6e7-d377-5cfb-9c03-50dc0cd51d12', 'INT-016', NOW());
INSERT INTO allocations (id, conference_id, user_id, country) VALUES ('706638bc-dc33-5fd8-9483-14b4e8017f2a', 'a2401203-2286-5021-bd4e-72667c1eb8d2', NULL, 'Russia');
INSERT INTO allocation_gate_codes (allocation_id, code, updated_at) VALUES ('706638bc-dc33-5fd8-9483-14b4e8017f2a', 'INT-017', NOW());
INSERT INTO allocations (id, conference_id, user_id, country) VALUES ('8467b6ce-c328-53c8-944f-786663999546', 'a2401203-2286-5021-bd4e-72667c1eb8d2', NULL, 'South Africa');
INSERT INTO allocation_gate_codes (allocation_id, code, updated_at) VALUES ('8467b6ce-c328-53c8-944f-786663999546', 'INT-018', NOW());
INSERT INTO allocations (id, conference_id, user_id, country) VALUES ('30a0d1a7-5a4f-58b9-a56b-86a87fd9c768', 'a2401203-2286-5021-bd4e-72667c1eb8d2', NULL, 'Spain');
INSERT INTO allocation_gate_codes (allocation_id, code, updated_at) VALUES ('30a0d1a7-5a4f-58b9-a56b-86a87fd9c768', 'INT-019', NOW());
INSERT INTO allocations (id, conference_id, user_id, country) VALUES ('43434f7b-571e-5f3a-835a-5ef5b51f5b0d', 'a2401203-2286-5021-bd4e-72667c1eb8d2', NULL, 'Thailand');
INSERT INTO allocation_gate_codes (allocation_id, code, updated_at) VALUES ('43434f7b-571e-5f3a-835a-5ef5b51f5b0d', 'INT-020', NOW());
INSERT INTO allocations (id, conference_id, user_id, country) VALUES ('64cb0091-2c23-5e8d-8070-6b625db794ec', 'a2401203-2286-5021-bd4e-72667c1eb8d2', NULL, 'Turkey');
INSERT INTO allocation_gate_codes (allocation_id, code, updated_at) VALUES ('64cb0091-2c23-5e8d-8070-6b625db794ec', 'INT-021', NOW());
INSERT INTO allocations (id, conference_id, user_id, country) VALUES ('8d81cea7-8af0-5eae-93e8-d75514cb2797', 'a2401203-2286-5021-bd4e-72667c1eb8d2', NULL, 'United Arab Emirates');
INSERT INTO allocation_gate_codes (allocation_id, code, updated_at) VALUES ('8d81cea7-8af0-5eae-93e8-d75514cb2797', 'INT-022', NOW());
INSERT INTO allocations (id, conference_id, user_id, country) VALUES ('e21a235a-f0d8-5564-88ad-b0b62743c5af', 'a2401203-2286-5021-bd4e-72667c1eb8d2', NULL, 'United Kingdom');
INSERT INTO allocation_gate_codes (allocation_id, code, updated_at) VALUES ('e21a235a-f0d8-5564-88ad-b0b62743c5af', 'INT-023', NOW());
INSERT INTO allocations (id, conference_id, user_id, country) VALUES ('c7ca1fcf-3fd6-59b2-9688-1020b1691be6', 'a2401203-2286-5021-bd4e-72667c1eb8d2', NULL, 'United States');
INSERT INTO allocation_gate_codes (allocation_id, code, updated_at) VALUES ('c7ca1fcf-3fd6-59b2-9688-1020b1691be6', 'INT-024', NOW());
INSERT INTO allocations (id, conference_id, user_id, country) VALUES ('0ca85eb9-5845-5ba3-ab68-0f3ef84685ea', 'a2401203-2286-5021-bd4e-72667c1eb8d2', NULL, 'Vietnam');
INSERT INTO allocation_gate_codes (allocation_id, code, updated_at) VALUES ('0ca85eb9-5845-5ba3-ab68-0f3ef84685ea', 'INT-025', NOW());

-- Interpol topic 2: 25 allocations
INSERT INTO allocations (id, conference_id, user_id, country) VALUES ('ba5132e2-2ee3-5533-9450-2d9598d62290', '79e87b23-e4e5-5a62-aaf8-dfd06a7805da', NULL, 'Australia');
INSERT INTO allocation_gate_codes (allocation_id, code, updated_at) VALUES ('ba5132e2-2ee3-5533-9450-2d9598d62290', 'INT-001', NOW());
INSERT INTO allocations (id, conference_id, user_id, country) VALUES ('1cd16d92-9a9a-5dc0-8c6f-247d65411370', '79e87b23-e4e5-5a62-aaf8-dfd06a7805da', NULL, 'Brazil');
INSERT INTO allocation_gate_codes (allocation_id, code, updated_at) VALUES ('1cd16d92-9a9a-5dc0-8c6f-247d65411370', 'INT-002', NOW());
INSERT INTO allocations (id, conference_id, user_id, country) VALUES ('719c054e-9543-5058-bc01-861d2c665102', '79e87b23-e4e5-5a62-aaf8-dfd06a7805da', NULL, 'Canada');
INSERT INTO allocation_gate_codes (allocation_id, code, updated_at) VALUES ('719c054e-9543-5058-bc01-861d2c665102', 'INT-003', NOW());
INSERT INTO allocations (id, conference_id, user_id, country) VALUES ('ff2a28b9-610c-571f-95da-e9ccb238f99f', '79e87b23-e4e5-5a62-aaf8-dfd06a7805da', NULL, 'China');
INSERT INTO allocation_gate_codes (allocation_id, code, updated_at) VALUES ('ff2a28b9-610c-571f-95da-e9ccb238f99f', 'INT-004', NOW());
INSERT INTO allocations (id, conference_id, user_id, country) VALUES ('da0dae93-a931-51ee-9838-05f4c14aacdd', '79e87b23-e4e5-5a62-aaf8-dfd06a7805da', NULL, 'Colombia');
INSERT INTO allocation_gate_codes (allocation_id, code, updated_at) VALUES ('da0dae93-a931-51ee-9838-05f4c14aacdd', 'INT-005', NOW());
INSERT INTO allocations (id, conference_id, user_id, country) VALUES ('d56e9fc2-a5ee-5fe8-a937-0e215d8c8cf1', '79e87b23-e4e5-5a62-aaf8-dfd06a7805da', NULL, 'France');
INSERT INTO allocation_gate_codes (allocation_id, code, updated_at) VALUES ('d56e9fc2-a5ee-5fe8-a937-0e215d8c8cf1', 'INT-006', NOW());
INSERT INTO allocations (id, conference_id, user_id, country) VALUES ('0f8732aa-4f05-595c-8d8f-aec76ded0da7', '79e87b23-e4e5-5a62-aaf8-dfd06a7805da', NULL, 'Germany');
INSERT INTO allocation_gate_codes (allocation_id, code, updated_at) VALUES ('0f8732aa-4f05-595c-8d8f-aec76ded0da7', 'INT-007', NOW());
INSERT INTO allocations (id, conference_id, user_id, country) VALUES ('f8aaa0df-c717-58ed-a4f5-58cd8c996d1c', '79e87b23-e4e5-5a62-aaf8-dfd06a7805da', NULL, 'India');
INSERT INTO allocation_gate_codes (allocation_id, code, updated_at) VALUES ('f8aaa0df-c717-58ed-a4f5-58cd8c996d1c', 'INT-008', NOW());
INSERT INTO allocations (id, conference_id, user_id, country) VALUES ('b339872a-60c1-5d1c-986d-6310a363a330', '79e87b23-e4e5-5a62-aaf8-dfd06a7805da', NULL, 'Israel');
INSERT INTO allocation_gate_codes (allocation_id, code, updated_at) VALUES ('b339872a-60c1-5d1c-986d-6310a363a330', 'INT-009', NOW());
INSERT INTO allocations (id, conference_id, user_id, country) VALUES ('cbd231a6-1602-5aa8-b086-9fcadd792538', '79e87b23-e4e5-5a62-aaf8-dfd06a7805da', NULL, 'Italy');
INSERT INTO allocation_gate_codes (allocation_id, code, updated_at) VALUES ('cbd231a6-1602-5aa8-b086-9fcadd792538', 'INT-010', NOW());
INSERT INTO allocations (id, conference_id, user_id, country) VALUES ('6fd028c3-558e-56e0-9ece-973c82dff786', '79e87b23-e4e5-5a62-aaf8-dfd06a7805da', NULL, 'Japan');
INSERT INTO allocation_gate_codes (allocation_id, code, updated_at) VALUES ('6fd028c3-558e-56e0-9ece-973c82dff786', 'INT-011', NOW());
INSERT INTO allocations (id, conference_id, user_id, country) VALUES ('5a8bbbdb-28af-52d4-a13d-d4e424a13e6c', '79e87b23-e4e5-5a62-aaf8-dfd06a7805da', NULL, 'Laos');
INSERT INTO allocation_gate_codes (allocation_id, code, updated_at) VALUES ('5a8bbbdb-28af-52d4-a13d-d4e424a13e6c', 'INT-012', NOW());
INSERT INTO allocations (id, conference_id, user_id, country) VALUES ('ce855120-0935-5875-a347-63673117d683', '79e87b23-e4e5-5a62-aaf8-dfd06a7805da', NULL, 'Mexico');
INSERT INTO allocation_gate_codes (allocation_id, code, updated_at) VALUES ('ce855120-0935-5875-a347-63673117d683', 'INT-013', NOW());
INSERT INTO allocations (id, conference_id, user_id, country) VALUES ('b1d34289-a1c3-577a-bdb8-3d4b3927ffe2', '79e87b23-e4e5-5a62-aaf8-dfd06a7805da', NULL, 'Myanmar');
INSERT INTO allocation_gate_codes (allocation_id, code, updated_at) VALUES ('b1d34289-a1c3-577a-bdb8-3d4b3927ffe2', 'INT-014', NOW());
INSERT INTO allocations (id, conference_id, user_id, country) VALUES ('c2ec2546-6356-5db1-9e94-86ca1f65f05f', '79e87b23-e4e5-5a62-aaf8-dfd06a7805da', NULL, 'Netherlands');
INSERT INTO allocation_gate_codes (allocation_id, code, updated_at) VALUES ('c2ec2546-6356-5db1-9e94-86ca1f65f05f', 'INT-015', NOW());
INSERT INTO allocations (id, conference_id, user_id, country) VALUES ('6b464c2c-2a31-51f5-9ec8-adebeaace4c4', '79e87b23-e4e5-5a62-aaf8-dfd06a7805da', NULL, 'Philippines');
INSERT INTO allocation_gate_codes (allocation_id, code, updated_at) VALUES ('6b464c2c-2a31-51f5-9ec8-adebeaace4c4', 'INT-016', NOW());
INSERT INTO allocations (id, conference_id, user_id, country) VALUES ('a2f2c59b-1783-523d-a0e2-51aa3c49a662', '79e87b23-e4e5-5a62-aaf8-dfd06a7805da', NULL, 'Russia');
INSERT INTO allocation_gate_codes (allocation_id, code, updated_at) VALUES ('a2f2c59b-1783-523d-a0e2-51aa3c49a662', 'INT-017', NOW());
INSERT INTO allocations (id, conference_id, user_id, country) VALUES ('2561ab2e-3e89-5fe6-b039-ee3ac1bc0c4a', '79e87b23-e4e5-5a62-aaf8-dfd06a7805da', NULL, 'South Africa');
INSERT INTO allocation_gate_codes (allocation_id, code, updated_at) VALUES ('2561ab2e-3e89-5fe6-b039-ee3ac1bc0c4a', 'INT-018', NOW());
INSERT INTO allocations (id, conference_id, user_id, country) VALUES ('66a46b1c-cdb4-5d86-b9df-1a423bc83642', '79e87b23-e4e5-5a62-aaf8-dfd06a7805da', NULL, 'Spain');
INSERT INTO allocation_gate_codes (allocation_id, code, updated_at) VALUES ('66a46b1c-cdb4-5d86-b9df-1a423bc83642', 'INT-019', NOW());
INSERT INTO allocations (id, conference_id, user_id, country) VALUES ('cefc410d-9489-5a17-ac85-15e7853f9bc7', '79e87b23-e4e5-5a62-aaf8-dfd06a7805da', NULL, 'Thailand');
INSERT INTO allocation_gate_codes (allocation_id, code, updated_at) VALUES ('cefc410d-9489-5a17-ac85-15e7853f9bc7', 'INT-020', NOW());
INSERT INTO allocations (id, conference_id, user_id, country) VALUES ('fd882bcb-d4aa-5ab7-8271-d91dbd7bfb82', '79e87b23-e4e5-5a62-aaf8-dfd06a7805da', NULL, 'Turkey');
INSERT INTO allocation_gate_codes (allocation_id, code, updated_at) VALUES ('fd882bcb-d4aa-5ab7-8271-d91dbd7bfb82', 'INT-021', NOW());
INSERT INTO allocations (id, conference_id, user_id, country) VALUES ('53a60946-6c5d-58a6-85e8-7882a3d62d0d', '79e87b23-e4e5-5a62-aaf8-dfd06a7805da', NULL, 'United Arab Emirates');
INSERT INTO allocation_gate_codes (allocation_id, code, updated_at) VALUES ('53a60946-6c5d-58a6-85e8-7882a3d62d0d', 'INT-022', NOW());
INSERT INTO allocations (id, conference_id, user_id, country) VALUES ('e543abce-5779-5524-8a0d-957fd0717a69', '79e87b23-e4e5-5a62-aaf8-dfd06a7805da', NULL, 'United Kingdom');
INSERT INTO allocation_gate_codes (allocation_id, code, updated_at) VALUES ('e543abce-5779-5524-8a0d-957fd0717a69', 'INT-023', NOW());
INSERT INTO allocations (id, conference_id, user_id, country) VALUES ('3bd56787-6653-5fc6-811d-64faf38880cf', '79e87b23-e4e5-5a62-aaf8-dfd06a7805da', NULL, 'United States');
INSERT INTO allocation_gate_codes (allocation_id, code, updated_at) VALUES ('3bd56787-6653-5fc6-811d-64faf38880cf', 'INT-024', NOW());
INSERT INTO allocations (id, conference_id, user_id, country) VALUES ('6759bf35-12f0-57c3-a76d-2e79886c97cb', '79e87b23-e4e5-5a62-aaf8-dfd06a7805da', NULL, 'Vietnam');
INSERT INTO allocation_gate_codes (allocation_id, code, updated_at) VALUES ('6759bf35-12f0-57c3-a76d-2e79886c97cb', 'INT-025', NOW());

-- WHO topic 1: 30 allocations
INSERT INTO allocations (id, conference_id, user_id, country) VALUES ('4c444d10-2560-509d-b82c-7163ae774a52', '46dbbb89-e1f7-5e30-81a9-b17dd75711f8', NULL, 'Argentina');
INSERT INTO allocation_gate_codes (allocation_id, code, updated_at) VALUES ('4c444d10-2560-509d-b82c-7163ae774a52', 'WHO-001', NOW());
INSERT INTO allocations (id, conference_id, user_id, country) VALUES ('407be160-2858-5c5d-8c90-05d4a2482733', '46dbbb89-e1f7-5e30-81a9-b17dd75711f8', NULL, 'Australia');
INSERT INTO allocation_gate_codes (allocation_id, code, updated_at) VALUES ('407be160-2858-5c5d-8c90-05d4a2482733', 'WHO-002', NOW());
INSERT INTO allocations (id, conference_id, user_id, country) VALUES ('0d9cefc9-29db-5f42-a332-4738e43c7de7', '46dbbb89-e1f7-5e30-81a9-b17dd75711f8', NULL, 'Brazil');
INSERT INTO allocation_gate_codes (allocation_id, code, updated_at) VALUES ('0d9cefc9-29db-5f42-a332-4738e43c7de7', 'WHO-003', NOW());
INSERT INTO allocations (id, conference_id, user_id, country) VALUES ('c10dd114-47a7-57a9-a2e6-1c8668ffa408', '46dbbb89-e1f7-5e30-81a9-b17dd75711f8', NULL, 'Canada');
INSERT INTO allocation_gate_codes (allocation_id, code, updated_at) VALUES ('c10dd114-47a7-57a9-a2e6-1c8668ffa408', 'WHO-004', NOW());
INSERT INTO allocations (id, conference_id, user_id, country) VALUES ('9472ae9d-7e97-5840-b6c2-95144a1ed0d0', '46dbbb89-e1f7-5e30-81a9-b17dd75711f8', NULL, 'China');
INSERT INTO allocation_gate_codes (allocation_id, code, updated_at) VALUES ('9472ae9d-7e97-5840-b6c2-95144a1ed0d0', 'WHO-005', NOW());
INSERT INTO allocations (id, conference_id, user_id, country) VALUES ('978a4bad-b9f5-5694-9ad7-1e80807261d9', '46dbbb89-e1f7-5e30-81a9-b17dd75711f8', NULL, 'Egypt');
INSERT INTO allocation_gate_codes (allocation_id, code, updated_at) VALUES ('978a4bad-b9f5-5694-9ad7-1e80807261d9', 'WHO-006', NOW());
INSERT INTO allocations (id, conference_id, user_id, country) VALUES ('ffaa0cec-af82-59ce-b187-a55fe44f871b', '46dbbb89-e1f7-5e30-81a9-b17dd75711f8', NULL, 'Ethiopia');
INSERT INTO allocation_gate_codes (allocation_id, code, updated_at) VALUES ('ffaa0cec-af82-59ce-b187-a55fe44f871b', 'WHO-007', NOW());
INSERT INTO allocations (id, conference_id, user_id, country) VALUES ('18226028-d13d-59b9-bca2-0924f214f075', '46dbbb89-e1f7-5e30-81a9-b17dd75711f8', NULL, 'France');
INSERT INTO allocation_gate_codes (allocation_id, code, updated_at) VALUES ('18226028-d13d-59b9-bca2-0924f214f075', 'WHO-008', NOW());
INSERT INTO allocations (id, conference_id, user_id, country) VALUES ('dc3a0eff-94c8-587d-ada9-5cb8c9d597a2', '46dbbb89-e1f7-5e30-81a9-b17dd75711f8', NULL, 'Germany');
INSERT INTO allocation_gate_codes (allocation_id, code, updated_at) VALUES ('dc3a0eff-94c8-587d-ada9-5cb8c9d597a2', 'WHO-009', NOW());
INSERT INTO allocations (id, conference_id, user_id, country) VALUES ('304c8402-9b46-5973-a2a4-5efbc0a14ef0', '46dbbb89-e1f7-5e30-81a9-b17dd75711f8', NULL, 'India');
INSERT INTO allocation_gate_codes (allocation_id, code, updated_at) VALUES ('304c8402-9b46-5973-a2a4-5efbc0a14ef0', 'WHO-010', NOW());
INSERT INTO allocations (id, conference_id, user_id, country) VALUES ('a2d81330-21eb-5535-9483-5531681bc193', '46dbbb89-e1f7-5e30-81a9-b17dd75711f8', NULL, 'Indonesia');
INSERT INTO allocation_gate_codes (allocation_id, code, updated_at) VALUES ('a2d81330-21eb-5535-9483-5531681bc193', 'WHO-011', NOW());
INSERT INTO allocations (id, conference_id, user_id, country) VALUES ('57efe16f-4984-5d43-be89-ff1738ef5c2e', '46dbbb89-e1f7-5e30-81a9-b17dd75711f8', NULL, 'Israel');
INSERT INTO allocation_gate_codes (allocation_id, code, updated_at) VALUES ('57efe16f-4984-5d43-be89-ff1738ef5c2e', 'WHO-012', NOW());
INSERT INTO allocations (id, conference_id, user_id, country) VALUES ('aea43f8d-5df6-53c1-ad41-e884c3625a1c', '46dbbb89-e1f7-5e30-81a9-b17dd75711f8', NULL, 'Italy');
INSERT INTO allocation_gate_codes (allocation_id, code, updated_at) VALUES ('aea43f8d-5df6-53c1-ad41-e884c3625a1c', 'WHO-013', NOW());
INSERT INTO allocations (id, conference_id, user_id, country) VALUES ('d89c0569-6ea4-588d-8435-9164e6aaf84b', '46dbbb89-e1f7-5e30-81a9-b17dd75711f8', NULL, 'Jamaica');
INSERT INTO allocation_gate_codes (allocation_id, code, updated_at) VALUES ('d89c0569-6ea4-588d-8435-9164e6aaf84b', 'WHO-014', NOW());
INSERT INTO allocations (id, conference_id, user_id, country) VALUES ('0bc57ad7-f9c2-5a5d-9071-f65262eba08f', '46dbbb89-e1f7-5e30-81a9-b17dd75711f8', NULL, 'Japan');
INSERT INTO allocation_gate_codes (allocation_id, code, updated_at) VALUES ('0bc57ad7-f9c2-5a5d-9071-f65262eba08f', 'WHO-015', NOW());
INSERT INTO allocations (id, conference_id, user_id, country) VALUES ('2fc99e88-33b6-55ad-833e-162465ae1bd1', '46dbbb89-e1f7-5e30-81a9-b17dd75711f8', NULL, 'Mexico');
INSERT INTO allocation_gate_codes (allocation_id, code, updated_at) VALUES ('2fc99e88-33b6-55ad-833e-162465ae1bd1', 'WHO-016', NOW());
INSERT INTO allocations (id, conference_id, user_id, country) VALUES ('2cbf8b74-262f-5d4d-86e5-412f0cf597e3', '46dbbb89-e1f7-5e30-81a9-b17dd75711f8', NULL, 'Netherlands');
INSERT INTO allocation_gate_codes (allocation_id, code, updated_at) VALUES ('2cbf8b74-262f-5d4d-86e5-412f0cf597e3', 'WHO-017', NOW());
INSERT INTO allocations (id, conference_id, user_id, country) VALUES ('0737bf77-31f8-5653-9678-27ec8f407e64', '46dbbb89-e1f7-5e30-81a9-b17dd75711f8', NULL, 'Nigeria');
INSERT INTO allocation_gate_codes (allocation_id, code, updated_at) VALUES ('0737bf77-31f8-5653-9678-27ec8f407e64', 'WHO-018', NOW());
INSERT INTO allocations (id, conference_id, user_id, country) VALUES ('11c40b4e-b3f4-5de3-bcde-fc87ad30bd38', '46dbbb89-e1f7-5e30-81a9-b17dd75711f8', NULL, 'Norway');
INSERT INTO allocation_gate_codes (allocation_id, code, updated_at) VALUES ('11c40b4e-b3f4-5de3-bcde-fc87ad30bd38', 'WHO-019', NOW());
INSERT INTO allocations (id, conference_id, user_id, country) VALUES ('a35963a3-05ce-54f9-99e1-578dcda74897', '46dbbb89-e1f7-5e30-81a9-b17dd75711f8', NULL, 'Russia');
INSERT INTO allocation_gate_codes (allocation_id, code, updated_at) VALUES ('a35963a3-05ce-54f9-99e1-578dcda74897', 'WHO-020', NOW());
INSERT INTO allocations (id, conference_id, user_id, country) VALUES ('649865f8-305a-5057-b20d-201a818072b7', '46dbbb89-e1f7-5e30-81a9-b17dd75711f8', NULL, 'Saudi Arabia');
INSERT INTO allocation_gate_codes (allocation_id, code, updated_at) VALUES ('649865f8-305a-5057-b20d-201a818072b7', 'WHO-021', NOW());
INSERT INTO allocations (id, conference_id, user_id, country) VALUES ('75743cc2-aa65-52ff-b1e5-3bb4eb6d55ee', '46dbbb89-e1f7-5e30-81a9-b17dd75711f8', NULL, 'Singapore');
INSERT INTO allocation_gate_codes (allocation_id, code, updated_at) VALUES ('75743cc2-aa65-52ff-b1e5-3bb4eb6d55ee', 'WHO-022', NOW());
INSERT INTO allocations (id, conference_id, user_id, country) VALUES ('16331c4d-32ab-5612-8edf-8ca68ca89e29', '46dbbb89-e1f7-5e30-81a9-b17dd75711f8', NULL, 'South Africa');
INSERT INTO allocation_gate_codes (allocation_id, code, updated_at) VALUES ('16331c4d-32ab-5612-8edf-8ca68ca89e29', 'WHO-023', NOW());
INSERT INTO allocations (id, conference_id, user_id, country) VALUES ('f070456d-97a7-5829-b6b4-e1524c77c774', '46dbbb89-e1f7-5e30-81a9-b17dd75711f8', NULL, 'South Korea');
INSERT INTO allocation_gate_codes (allocation_id, code, updated_at) VALUES ('f070456d-97a7-5829-b6b4-e1524c77c774', 'WHO-024', NOW());
INSERT INTO allocations (id, conference_id, user_id, country) VALUES ('d19d89d0-6065-57ba-b877-53c6f5a93c21', '46dbbb89-e1f7-5e30-81a9-b17dd75711f8', NULL, 'Switzerland');
INSERT INTO allocation_gate_codes (allocation_id, code, updated_at) VALUES ('d19d89d0-6065-57ba-b877-53c6f5a93c21', 'WHO-025', NOW());
INSERT INTO allocations (id, conference_id, user_id, country) VALUES ('763e3acc-4234-5554-a6c2-3a2d7dcdf025', '46dbbb89-e1f7-5e30-81a9-b17dd75711f8', NULL, 'Thailand');
INSERT INTO allocation_gate_codes (allocation_id, code, updated_at) VALUES ('763e3acc-4234-5554-a6c2-3a2d7dcdf025', 'WHO-026', NOW());
INSERT INTO allocations (id, conference_id, user_id, country) VALUES ('da193f27-7e2f-5d48-8561-159a7e32879c', '46dbbb89-e1f7-5e30-81a9-b17dd75711f8', NULL, 'Turkey');
INSERT INTO allocation_gate_codes (allocation_id, code, updated_at) VALUES ('da193f27-7e2f-5d48-8561-159a7e32879c', 'WHO-027', NOW());
INSERT INTO allocations (id, conference_id, user_id, country) VALUES ('1da0ea5f-3033-5e16-bfa0-1bb8cab70531', '46dbbb89-e1f7-5e30-81a9-b17dd75711f8', NULL, 'United Kingdom');
INSERT INTO allocation_gate_codes (allocation_id, code, updated_at) VALUES ('1da0ea5f-3033-5e16-bfa0-1bb8cab70531', 'WHO-028', NOW());
INSERT INTO allocations (id, conference_id, user_id, country) VALUES ('a05c8401-28cd-5976-83cd-aec045fa16cd', '46dbbb89-e1f7-5e30-81a9-b17dd75711f8', NULL, 'United States');
INSERT INTO allocation_gate_codes (allocation_id, code, updated_at) VALUES ('a05c8401-28cd-5976-83cd-aec045fa16cd', 'WHO-029', NOW());
INSERT INTO allocations (id, conference_id, user_id, country) VALUES ('34bd02bd-2540-5b68-a8ab-8101a025675a', '46dbbb89-e1f7-5e30-81a9-b17dd75711f8', NULL, 'Vietnam');
INSERT INTO allocation_gate_codes (allocation_id, code, updated_at) VALUES ('34bd02bd-2540-5b68-a8ab-8101a025675a', 'WHO-030', NOW());

-- WHO topic 2: 30 allocations
INSERT INTO allocations (id, conference_id, user_id, country) VALUES ('19651e65-2fb8-5f26-bbed-a1a7b3ec3fbb', 'bd186a99-d4b9-5b56-90d8-2a2c49b4674c', NULL, 'Argentina');
INSERT INTO allocation_gate_codes (allocation_id, code, updated_at) VALUES ('19651e65-2fb8-5f26-bbed-a1a7b3ec3fbb', 'WHO-001', NOW());
INSERT INTO allocations (id, conference_id, user_id, country) VALUES ('c16f3431-4162-5cad-8b92-6f028b745acc', 'bd186a99-d4b9-5b56-90d8-2a2c49b4674c', NULL, 'Australia');
INSERT INTO allocation_gate_codes (allocation_id, code, updated_at) VALUES ('c16f3431-4162-5cad-8b92-6f028b745acc', 'WHO-002', NOW());
INSERT INTO allocations (id, conference_id, user_id, country) VALUES ('027bc876-b3ac-54b1-b32c-8488dfebe80d', 'bd186a99-d4b9-5b56-90d8-2a2c49b4674c', NULL, 'Brazil');
INSERT INTO allocation_gate_codes (allocation_id, code, updated_at) VALUES ('027bc876-b3ac-54b1-b32c-8488dfebe80d', 'WHO-003', NOW());
INSERT INTO allocations (id, conference_id, user_id, country) VALUES ('3a54aa58-b2bf-5670-9304-5acf66953a12', 'bd186a99-d4b9-5b56-90d8-2a2c49b4674c', NULL, 'Canada');
INSERT INTO allocation_gate_codes (allocation_id, code, updated_at) VALUES ('3a54aa58-b2bf-5670-9304-5acf66953a12', 'WHO-004', NOW());
INSERT INTO allocations (id, conference_id, user_id, country) VALUES ('bccd632f-c333-5ed7-864c-609f79fdd02e', 'bd186a99-d4b9-5b56-90d8-2a2c49b4674c', NULL, 'China');
INSERT INTO allocation_gate_codes (allocation_id, code, updated_at) VALUES ('bccd632f-c333-5ed7-864c-609f79fdd02e', 'WHO-005', NOW());
INSERT INTO allocations (id, conference_id, user_id, country) VALUES ('87da06f6-e398-59c1-9d03-9a1c87fa33c1', 'bd186a99-d4b9-5b56-90d8-2a2c49b4674c', NULL, 'Egypt');
INSERT INTO allocation_gate_codes (allocation_id, code, updated_at) VALUES ('87da06f6-e398-59c1-9d03-9a1c87fa33c1', 'WHO-006', NOW());
INSERT INTO allocations (id, conference_id, user_id, country) VALUES ('b65add86-2e80-57ee-88a6-1f86e0fd399d', 'bd186a99-d4b9-5b56-90d8-2a2c49b4674c', NULL, 'Ethiopia');
INSERT INTO allocation_gate_codes (allocation_id, code, updated_at) VALUES ('b65add86-2e80-57ee-88a6-1f86e0fd399d', 'WHO-007', NOW());
INSERT INTO allocations (id, conference_id, user_id, country) VALUES ('9c7d3190-62fe-53a7-8675-fefb548e4b67', 'bd186a99-d4b9-5b56-90d8-2a2c49b4674c', NULL, 'France');
INSERT INTO allocation_gate_codes (allocation_id, code, updated_at) VALUES ('9c7d3190-62fe-53a7-8675-fefb548e4b67', 'WHO-008', NOW());
INSERT INTO allocations (id, conference_id, user_id, country) VALUES ('260c2a6b-d71e-52b7-8373-058e1dda1798', 'bd186a99-d4b9-5b56-90d8-2a2c49b4674c', NULL, 'Germany');
INSERT INTO allocation_gate_codes (allocation_id, code, updated_at) VALUES ('260c2a6b-d71e-52b7-8373-058e1dda1798', 'WHO-009', NOW());
INSERT INTO allocations (id, conference_id, user_id, country) VALUES ('0a92650a-33b3-5698-b13d-bca955544d1c', 'bd186a99-d4b9-5b56-90d8-2a2c49b4674c', NULL, 'India');
INSERT INTO allocation_gate_codes (allocation_id, code, updated_at) VALUES ('0a92650a-33b3-5698-b13d-bca955544d1c', 'WHO-010', NOW());
INSERT INTO allocations (id, conference_id, user_id, country) VALUES ('a270a46c-685a-5441-b19e-4c79cbf5d390', 'bd186a99-d4b9-5b56-90d8-2a2c49b4674c', NULL, 'Indonesia');
INSERT INTO allocation_gate_codes (allocation_id, code, updated_at) VALUES ('a270a46c-685a-5441-b19e-4c79cbf5d390', 'WHO-011', NOW());
INSERT INTO allocations (id, conference_id, user_id, country) VALUES ('6bf5b9a8-cf7c-5eb2-8023-78aa31259581', 'bd186a99-d4b9-5b56-90d8-2a2c49b4674c', NULL, 'Israel');
INSERT INTO allocation_gate_codes (allocation_id, code, updated_at) VALUES ('6bf5b9a8-cf7c-5eb2-8023-78aa31259581', 'WHO-012', NOW());
INSERT INTO allocations (id, conference_id, user_id, country) VALUES ('d26b2ccd-2346-57e1-97d7-7e6d20338709', 'bd186a99-d4b9-5b56-90d8-2a2c49b4674c', NULL, 'Italy');
INSERT INTO allocation_gate_codes (allocation_id, code, updated_at) VALUES ('d26b2ccd-2346-57e1-97d7-7e6d20338709', 'WHO-013', NOW());
INSERT INTO allocations (id, conference_id, user_id, country) VALUES ('6ecedeae-2a62-56bb-81c5-06a0ac6e713f', 'bd186a99-d4b9-5b56-90d8-2a2c49b4674c', NULL, 'Jamaica');
INSERT INTO allocation_gate_codes (allocation_id, code, updated_at) VALUES ('6ecedeae-2a62-56bb-81c5-06a0ac6e713f', 'WHO-014', NOW());
INSERT INTO allocations (id, conference_id, user_id, country) VALUES ('a8a40617-e275-50ca-8761-177695a96ac2', 'bd186a99-d4b9-5b56-90d8-2a2c49b4674c', NULL, 'Japan');
INSERT INTO allocation_gate_codes (allocation_id, code, updated_at) VALUES ('a8a40617-e275-50ca-8761-177695a96ac2', 'WHO-015', NOW());
INSERT INTO allocations (id, conference_id, user_id, country) VALUES ('ec910b7a-453d-52aa-adb9-5ab0aa8bd750', 'bd186a99-d4b9-5b56-90d8-2a2c49b4674c', NULL, 'Mexico');
INSERT INTO allocation_gate_codes (allocation_id, code, updated_at) VALUES ('ec910b7a-453d-52aa-adb9-5ab0aa8bd750', 'WHO-016', NOW());
INSERT INTO allocations (id, conference_id, user_id, country) VALUES ('325d5c77-040e-5ce6-bb4f-6e959aad2576', 'bd186a99-d4b9-5b56-90d8-2a2c49b4674c', NULL, 'Netherlands');
INSERT INTO allocation_gate_codes (allocation_id, code, updated_at) VALUES ('325d5c77-040e-5ce6-bb4f-6e959aad2576', 'WHO-017', NOW());
INSERT INTO allocations (id, conference_id, user_id, country) VALUES ('97a58184-c9bf-5ca3-af4e-08e4213fc38b', 'bd186a99-d4b9-5b56-90d8-2a2c49b4674c', NULL, 'Nigeria');
INSERT INTO allocation_gate_codes (allocation_id, code, updated_at) VALUES ('97a58184-c9bf-5ca3-af4e-08e4213fc38b', 'WHO-018', NOW());
INSERT INTO allocations (id, conference_id, user_id, country) VALUES ('851d917c-7be6-56bf-8077-7e543be0cb20', 'bd186a99-d4b9-5b56-90d8-2a2c49b4674c', NULL, 'Norway');
INSERT INTO allocation_gate_codes (allocation_id, code, updated_at) VALUES ('851d917c-7be6-56bf-8077-7e543be0cb20', 'WHO-019', NOW());
INSERT INTO allocations (id, conference_id, user_id, country) VALUES ('4d530ca5-affe-59e2-81e2-d5824f07f905', 'bd186a99-d4b9-5b56-90d8-2a2c49b4674c', NULL, 'Russia');
INSERT INTO allocation_gate_codes (allocation_id, code, updated_at) VALUES ('4d530ca5-affe-59e2-81e2-d5824f07f905', 'WHO-020', NOW());
INSERT INTO allocations (id, conference_id, user_id, country) VALUES ('19cc65a9-a1f9-50d4-94db-88b9fb4aa23f', 'bd186a99-d4b9-5b56-90d8-2a2c49b4674c', NULL, 'Saudi Arabia');
INSERT INTO allocation_gate_codes (allocation_id, code, updated_at) VALUES ('19cc65a9-a1f9-50d4-94db-88b9fb4aa23f', 'WHO-021', NOW());
INSERT INTO allocations (id, conference_id, user_id, country) VALUES ('767e0070-8795-5898-bfb9-e66fd5cb592a', 'bd186a99-d4b9-5b56-90d8-2a2c49b4674c', NULL, 'Singapore');
INSERT INTO allocation_gate_codes (allocation_id, code, updated_at) VALUES ('767e0070-8795-5898-bfb9-e66fd5cb592a', 'WHO-022', NOW());
INSERT INTO allocations (id, conference_id, user_id, country) VALUES ('aaa8e721-89a7-58d7-bc84-fa5f90923a8c', 'bd186a99-d4b9-5b56-90d8-2a2c49b4674c', NULL, 'South Africa');
INSERT INTO allocation_gate_codes (allocation_id, code, updated_at) VALUES ('aaa8e721-89a7-58d7-bc84-fa5f90923a8c', 'WHO-023', NOW());
INSERT INTO allocations (id, conference_id, user_id, country) VALUES ('63172f15-db76-50e8-938a-3c42b11ff6aa', 'bd186a99-d4b9-5b56-90d8-2a2c49b4674c', NULL, 'South Korea');
INSERT INTO allocation_gate_codes (allocation_id, code, updated_at) VALUES ('63172f15-db76-50e8-938a-3c42b11ff6aa', 'WHO-024', NOW());
INSERT INTO allocations (id, conference_id, user_id, country) VALUES ('adb0c954-a8cc-5171-8c82-806920500abb', 'bd186a99-d4b9-5b56-90d8-2a2c49b4674c', NULL, 'Switzerland');
INSERT INTO allocation_gate_codes (allocation_id, code, updated_at) VALUES ('adb0c954-a8cc-5171-8c82-806920500abb', 'WHO-025', NOW());
INSERT INTO allocations (id, conference_id, user_id, country) VALUES ('f2d336f1-14b1-5cdb-a80b-e29b66938922', 'bd186a99-d4b9-5b56-90d8-2a2c49b4674c', NULL, 'Thailand');
INSERT INTO allocation_gate_codes (allocation_id, code, updated_at) VALUES ('f2d336f1-14b1-5cdb-a80b-e29b66938922', 'WHO-026', NOW());
INSERT INTO allocations (id, conference_id, user_id, country) VALUES ('54b542c2-68e2-5099-806e-41bb4652ee7e', 'bd186a99-d4b9-5b56-90d8-2a2c49b4674c', NULL, 'Turkey');
INSERT INTO allocation_gate_codes (allocation_id, code, updated_at) VALUES ('54b542c2-68e2-5099-806e-41bb4652ee7e', 'WHO-027', NOW());
INSERT INTO allocations (id, conference_id, user_id, country) VALUES ('789899e2-305e-5f37-86f2-7bf17bf36ba0', 'bd186a99-d4b9-5b56-90d8-2a2c49b4674c', NULL, 'United Kingdom');
INSERT INTO allocation_gate_codes (allocation_id, code, updated_at) VALUES ('789899e2-305e-5f37-86f2-7bf17bf36ba0', 'WHO-028', NOW());
INSERT INTO allocations (id, conference_id, user_id, country) VALUES ('96f8cffa-0117-5753-afe6-c017d3036396', 'bd186a99-d4b9-5b56-90d8-2a2c49b4674c', NULL, 'United States');
INSERT INTO allocation_gate_codes (allocation_id, code, updated_at) VALUES ('96f8cffa-0117-5753-afe6-c017d3036396', 'WHO-029', NOW());
INSERT INTO allocations (id, conference_id, user_id, country) VALUES ('a6daa34f-b06f-5a30-be32-a52b5a0025d6', 'bd186a99-d4b9-5b56-90d8-2a2c49b4674c', NULL, 'Vietnam');
INSERT INTO allocation_gate_codes (allocation_id, code, updated_at) VALUES ('a6daa34f-b06f-5a30-be32-a52b5a0025d6', 'WHO-030', NOW());
